Iteration,0,1,4.2251560688,0.44069314003
Iteration,0,2,4.61648201942,0.391325950623
Iteration,0,3,5.00863790512,0.392155885696
Iteration,0,4,5.40225887299,0.393620967865
Iteration,0,5,5.79040288925,0.388144016266
Iteration,0,6,6.17910599709,0.388703107834
Iteration,0,7,6.56726098061,0.388154983521
Iteration,0,8,6.95511698723,0.387856006622
Iteration,0,9,7.34308409691,0.38796710968
Iteration,0,10,7.73492503166,0.391840934753
Iteration,0,11,8.12423706055,0.389312028885
Iteration,0,12,8.51212096214,0.387883901596
Iteration,0,13,8.90047502518,0.388354063034
Iteration,0,14,9.28870296478,0.388227939606
Iteration,0,15,9.67657494545,0.387871980667
Iteration,0,16,10.0642988682,0.387723922729
Iteration,0,17,10.4520020485,0.387703180313
Iteration,0,18,10.8433248997,0.391322851181
Iteration,0,19,11.662473917,0.819149017334
Iteration,0,20,12.0556418896,0.393167972565
Iteration,0,21,12.4463698864,0.390727996826
Iteration,0,22,12.8373880386,0.391018152237
Iteration,0,23,13.2268328667,0.389444828033
Iteration,0,24,13.6141040325,0.387271165848
Iteration,0,25,14.0013010502,0.38719701767
Iteration,0,26,14.3886709213,0.38736987114
Iteration,0,27,14.7759878635,0.387316942215
Iteration,0,28,15.1689529419,0.392965078354
Iteration,0,29,15.5561358929,0.387182950974
Iteration,0,30,15.9440739155,0.387938022614
Iteration,0,31,16.3311960697,0.387122154236
Iteration,0,32,16.7189309597,0.387734889984
Iteration,0,33,17.1064798832,0.387548923492
Iteration,0,34,17.4937238693,0.38724398613
Iteration,0,35,17.8807868958,0.387063026428
Iteration,0,36,18.2669529915,0.386166095734
Iteration,0,37,18.6530230045,0.386070013046
Iteration,0,38,19.0399529934,0.386929988861
Iteration,0,39,19.8520200253,0.81206703186
Iteration,0,40,20.2461140156,0.394093990326
Iteration,0,41,20.6369290352,0.390815019608
Iteration,0,42,21.028277874,0.391348838806
Iteration,0,43,21.4158558846,0.387578010559
Iteration,0,44,21.8024759293,0.386620044708
Iteration,0,45,22.1899249554,0.387449026108
Iteration,0,46,22.577466011,0.387541055679
Iteration,0,47,22.9725799561,0.395113945007
Iteration,0,48,23.3717479706,0.399168014526
Iteration,0,49,23.7610719204,0.389323949814
Iteration,0,50,24.148763895,0.38769197464
Iteration,0,51,24.5360500813,0.387286186218
Iteration,0,52,24.9224638939,0.386413812637
Iteration,0,53,25.31001091,0.387547016144
Iteration,0,54,25.7019770145,0.391966104507
Iteration,0,55,26.0892760754,0.387299060822
Iteration,0,56,26.4757699966,0.38649392128
Iteration,0,57,26.8629329205,0.387162923813
Iteration,0,58,27.2507250309,0.387792110443
Iteration,0,59,28.0466890335,0.795964002609
Iteration,0,60,28.4400970936,0.393408060074
Iteration,0,61,28.8312249184,0.391127824783
Iteration,0,62,29.2210550308,0.389830112457
Iteration,0,63,29.6082260609,0.387171030045
Iteration,0,64,29.995814085,0.387588024139
Iteration,0,65,30.38342309,0.387609004974
Iteration,0,66,30.7711350918,0.387712001801
Iteration,0,67,31.1581819057,0.387046813965
Iteration,0,68,31.545582056,0.387400150299
Iteration,0,69,31.9328649044,0.387282848358
Iteration,0,70,32.3203599453,0.387495040894
Iteration,0,71,32.7136669159,0.393306970596
Iteration,0,72,33.1024770737,0.388810157776
Iteration,0,73,33.48990798,0.387430906296
Iteration,0,74,33.8776450157,0.387737035751
Iteration,0,75,34.2648539543,0.387208938599
Iteration,0,76,34.6525859833,0.387732028961
Iteration,0,77,35.0396490097,0.387063026428
Iteration,0,78,35.4270169735,0.387367963791
Iteration,0,79,36.2298679352,0.802850961685
Iteration,0,80,36.6249220371,0.395054101944
Iteration,0,81,37.0162110329,0.391288995743
Iteration,0,82,37.403083086,0.386872053146
Iteration,0,83,37.790282011,0.387198925018
Iteration,0,84,38.177852869,0.387570858002
Iteration,0,85,38.5653250217,0.38747215271
Iteration,0,86,38.9531018734,0.387776851654
Iteration,0,87,39.3402819633,0.387180089951
Iteration,0,88,39.7270700932,0.386788129807
Iteration,0,89,40.1145780087,0.387507915497
Iteration,0,90,40.5023379326,0.387759923935
Iteration,0,91,40.8896050453,0.387267112732
Iteration,0,92,41.2775580883,0.387953042984
Iteration,0,93,41.6710350513,0.393476963043
Iteration,0,94,42.0584568977,0.38742184639
Iteration,0,95,42.4460549355,0.38759803772
Iteration,0,96,42.8336930275,0.387638092041
Iteration,0,97,43.2211039066,0.387410879135
Iteration,0,98,43.6088109016,0.38770699501
Iteration,0,99,44.4067308903,0.797919988632
Iteration,0,100,44.8133900166,0.406659126282
Iteration,0,101,45.2031950951,0.389805078506
Iteration,0,102,45.5908038616,0.387608766556
Iteration,0,103,45.9783189297,0.387515068054
Iteration,0,104,46.3645720482,0.386253118515
Iteration,0,105,46.751636982,0.387064933777
Iteration,0,106,47.139359951,0.387722969055
Iteration,0,107,47.5262460709,0.386886119843
Iteration,0,108,47.9124200344,0.386173963547
Iteration,0,109,48.2997329235,0.387312889099
Iteration,0,110,48.6876299381,0.387897014618
Iteration,0,111,49.0751349926,0.387505054474
Iteration,0,112,49.462667942,0.387532949448
Iteration,0,113,49.8497428894,0.387074947357
Iteration,0,114,50.2361838818,0.386440992355
Iteration,0,115,50.6228330135,0.386649131775
Iteration,0,116,51.0091879368,0.386354923248
Iteration,0,117,51.3954110146,0.386223077774
Iteration,0,118,51.7818598747,0.386448860168
Iteration,0,119,52.574518919,0.792659044266
Iteration,0,120,52.9679460526,0.39342713356
Iteration,0,121,53.3610229492,0.393076896667
Iteration,0,122,53.74751091,0.386487960815
Iteration,0,123,54.1339769363,0.386466026306
Iteration,0,124,54.5202178955,0.386240959167
Iteration,0,125,54.9064409733,0.386223077774
Iteration,0,126,55.2926208973,0.386179924011
Iteration,0,127,55.6787140369,0.386093139648
Iteration,0,128,56.0660090446,0.387295007706
Iteration,0,129,56.4535219669,0.387512922287
Iteration,0,130,56.8407659531,0.38724398613
Iteration,0,131,57.2286820412,0.387916088104
Iteration,0,132,57.6162838936,0.387601852417
Iteration,0,133,58.0040280819,0.387744188309
Iteration,0,134,58.3913850784,0.387356996536
Iteration,0,135,58.777944088,0.386559009552
Iteration,0,136,59.1652710438,0.387326955795
Iteration,0,137,59.5524179935,0.387146949768
Iteration,0,138,59.9387969971,0.386379003525
Iteration,0,139,60.75364995,0.814852952957
Iteration,0,140,61.1465349197,0.392884969711
Iteration,0,141,61.5324800014,0.385945081711
Iteration,0,142,61.9186079502,0.386127948761
Iteration,0,143,62.3048379421,0.386229991913
Iteration,0,144,62.6911349297,0.386296987534
Iteration,0,145,63.0771400928,0.386005163193
Iteration,0,146,63.4629039764,0.385763883591
Iteration,0,147,63.8490099907,0.386106014252
Iteration,0,148,64.2350690365,0.386059045792
Iteration,0,149,64.6210839748,0.386014938354
Iteration,0,150,65.0074849129,0.386400938034
Iteration,0,151,65.3937349319,0.386250019073
Iteration,0,152,65.7796230316,0.38588809967
Iteration,0,153,66.166435957,0.386812925339
Iteration,0,154,66.5525579453,0.386121988297
Iteration,0,155,66.9387290478,0.386171102524
Iteration,0,156,67.3248970509,0.386168003082
Iteration,0,157,67.7110130787,0.386116027832
Iteration,0,158,68.0973389149,0.386325836182
Iteration,0,159,68.9317150116,0.834376096725
Iteration,0,160,69.3225610256,0.390846014023
Iteration,0,161,69.7099900246,0.387428998947
Iteration,0,162,70.0963420868,0.386352062225
Iteration,0,163,70.4837498665,0.387407779694
Iteration,0,164,70.8715009689,0.387751102448
Iteration,0,165,71.2587399483,0.38723897934
Iteration,0,166,71.6454060078,0.386666059494
Iteration,0,167,72.0327990055,0.387392997742
Iteration,0,168,72.420470953,0.387671947479
Iteration,0,169,72.808093071,0.387622117996
Iteration,0,170,73.1962430477,0.38814997673
Iteration,0,171,73.5835459232,0.387302875519
Iteration,0,172,73.9725708961,0.389024972916
Iteration,0,173,74.3669059277,0.394335031509
Iteration,0,174,74.7546010017,0.387695074081
Iteration,0,175,75.1482560635,0.393655061722
Iteration,0,176,75.5485880375,0.40033197403
Iteration,0,177,75.9881780148,0.439589977264
Iteration,0,178,76.4496328831,0.461454868317
Iteration,0,179,77.4039108753,0.954277992249
Iteration,0,180,77.8699119091,0.466001033783
Iteration,0,181,78.3067889214,0.436877012253
Iteration,0,182,78.6937520504,0.386963129044
Iteration,0,183,79.0806539059,0.386901855469
Iteration,0,184,79.4667298794,0.386075973511
Iteration,0,185,79.8527719975,0.386042118073
Iteration,0,186,80.2395310402,0.38675904274
Iteration,0,187,80.6258699894,0.386338949203
Iteration,0,188,81.0122549534,0.386384963989
Iteration,0,189,81.3985960484,0.386341094971
Iteration,0,190,81.7849400043,0.386343955994
Iteration,0,191,82.1711239815,0.386183977127
Iteration,0,192,82.5573289394,0.386204957962
Iteration,0,193,82.9435040951,0.38617515564
Iteration,0,194,83.3295888901,0.386084794998
Iteration,0,195,83.7157309055,0.386142015457
Iteration,0,196,84.1019399166,0.386209011078
Iteration,0,197,84.488312006,0.386372089386
Iteration,0,198,84.8747069836,0.38639497757
Iteration,0,199,85.6822869778,0.807579994202
Iteration,0,200,86.0737299919,0.391443014145
Iteration,0,201,86.461359024,0.387629032135
Iteration,0,202,86.8480398655,0.386680841446
Iteration,0,203,87.2357280254,0.387688159943
Iteration,0,204,87.6231169701,0.387388944626
Iteration,0,205,88.0164749622,0.393357992172
Iteration,0,206,88.4035189152,0.387043952942
Iteration,0,207,88.7909319401,0.387413024902
Iteration,0,208,89.1788830757,0.387951135635
Iteration,0,209,89.5663220882,0.387439012527
Iteration,0,210,89.9535059929,0.387183904648
Iteration,0,211,90.3407170773,0.387211084366
Iteration,0,212,90.7278308868,0.387113809586
Iteration,0,213,91.1152088642,0.387377977371
Iteration,0,214,91.5023989677,0.387190103531
Iteration,0,215,91.8896160126,0.38721704483
Iteration,0,216,92.276859045,0.387243032455
Iteration,0,217,92.6646769047,0.38781785965
Iteration,0,218,93.052052021,0.387375116348
Iteration,0,219,93.91634202,0.864289999008
Iteration,0,220,94.3053219318,0.388979911804
Iteration,0,221,94.6916749477,0.3863530159
Iteration,0,222,95.0777750015,0.386100053787
Iteration,0,223,95.4637570381,0.385982036591
Iteration,0,224,95.8497140408,0.38595700264
Iteration,0,225,96.2359609604,0.386246919632
Iteration,0,226,96.6218578815,0.385896921158
Iteration,0,227,97.0082969666,0.386439085007
Iteration,0,228,97.394423008,0.386126041412
Iteration,0,229,97.780413866,0.385990858078
Iteration,0,230,98.1666069031,0.386193037033
Iteration,0,231,98.5529639721,0.386357069016
Iteration,0,232,98.9391279221,0.386163949966
Iteration,0,233,99.3252489567,0.386121034622
Iteration,0,234,99.7203979492,0.395148992538
Iteration,0,235,100.119302034,0.398904085159
Iteration,0,236,100.565021992,0.445719957352
Iteration,0,237,101.025038958,0.460016965866
Iteration,0,238,101.485023975,0.459985017776
Iteration,0,239,102.391391039,0.906367063522
Iteration,0,240,102.783472061,0.392081022263
Iteration,0,241,103.173177004,0.389704942703
Iteration,0,242,103.562687874,0.38951086998
Iteration,0,243,103.951247931,0.388560056686
Iteration,0,244,104.337344885,0.386096954346
Iteration,0,245,104.723535061,0.38619017601
Iteration,0,246,105.110136986,0.386601924896
Iteration,0,247,105.496223927,0.386086940765
Iteration,0,248,105.882310867,0.386086940765
Iteration,0,249,106.26871109,0.386400222778
Iteration,0,250,106.654661894,0.385950803757
Iteration,0,251,107.040778875,0.386116981506
Iteration,0,252,107.426663876,0.385885000229
Iteration,0,253,107.8126719,0.386008024216
Iteration,0,254,108.198719978,0.386048078537
Iteration,0,255,108.584740877,0.386020898819
Iteration,0,256,108.970947027,0.386206150055
Iteration,0,257,109.357187033,0.386240005493
Iteration,0,258,109.743301868,0.386114835739
Iteration,0,259,110.544471979,0.801170110703
Iteration,0,260,110.93640399,0.391932010651
Iteration,0,261,111.325877905,0.3894739151
Iteration,0,262,111.715393066,0.389515161514
Iteration,0,263,112.102792025,0.387398958206
Iteration,0,264,112.488823891,0.386031866074
Iteration,0,265,112.874665022,0.38584113121
Iteration,0,266,113.261085987,0.386420965195
Iteration,0,267,113.653394938,0.392308950424
Iteration,0,268,114.039516926,0.386121988297
Iteration,0,269,114.425603867,0.386086940765
Iteration,0,270,114.8115201,0.385916233063
Iteration,0,271,115.197345972,0.385825872421
Iteration,0,272,115.583287954,0.385941982269
Iteration,0,273,115.969831944,0.386543989182
Iteration,0,274,116.356029034,0.386197090149
Iteration,0,275,116.742366076,0.386337041855
Iteration,0,276,117.129299879,0.386933803558
Iteration,0,277,117.516712904,0.387413024902
Iteration,0,278,117.904133081,0.38742017746
Iteration,0,279,118.716630936,0.812497854233
Iteration,0,280,119.109410048,0.392779111862
Iteration,0,281,119.498919964,0.389509916306
Iteration,0,282,119.888155937,0.389235973358
Iteration,0,283,120.27422595,0.386070013046
Iteration,0,284,120.660108089,0.385882139206
Iteration,0,285,121.04638505,0.386276960373
Iteration,0,286,121.432616949,0.386231899261
Iteration,0,287,121.818666935,0.386049985886
Iteration,0,288,122.204845905,0.386178970337
Iteration,0,289,122.590782881,0.385936975479
Iteration,0,290,122.977046967,0.38626408577
Iteration,0,291,123.363004923,0.385957956314
Iteration,0,292,123.748949051,0.385944128036
Iteration,0,293,124.135128021,0.386178970337
Iteration,0,294,124.521305084,0.386177062988
Iteration,0,295,124.907373905,0.386068820953
Iteration,0,296,125.293698072,0.386324167252
Iteration,0,297,125.679642916,0.385944843292
Iteration,0,298,126.067280054,0.387637138367
Iteration,0,299,126.881248951,0.813968896866
Iteration,0,300,127.272887945,0.391638994217
Iteration,0,301,127.662405968,0.389518022537
Iteration,0,302,128.051275969,0.388870000839
Iteration,0,303,128.438433886,0.387157917023
Iteration,0,304,128.825797081,0.387363195419
Iteration,0,305,129.213474989,0.387677907944
Iteration,0,306,129.600703001,0.387228012085
Iteration,0,307,129.98781991,0.387116909027
Iteration,0,308,130.373853922,0.386034011841
Iteration,0,309,130.759991884,0.386137962341
Iteration,0,310,131.146099091,0.386107206345
Iteration,0,311,131.532191038,0.386091947556
Iteration,0,312,131.91840291,0.386211872101
Iteration,0,313,132.304531097,0.38612818718
Iteration,0,314,132.690458059,0.385926961899
Iteration,0,315,133.077049971,0.386591911316
Iteration,0,316,133.462924957,0.385874986649
Iteration,0,317,133.848917007,0.385992050171
Iteration,0,318,134.23503089,0.386113882065
Iteration,0,319,135.040781975,0.805751085281
Iteration,0,320,135.435497999,0.394716024399
Iteration,0,321,135.827987909,0.392489910126
Iteration,0,322,136.217768908,0.38978099823
Iteration,0,323,136.608582973,0.390814065933
Iteration,0,324,136.998317003,0.38973402977
Iteration,0,325,137.388278008,0.389961004257
Iteration,0,326,137.777105093,0.388827085495
Iteration,0,327,138.166992903,0.389887809753
Iteration,0,328,138.55723691,0.390244007111
Iteration,0,329,138.947160959,0.389924049377
Iteration,0,330,139.337343931,0.390182971954
Iteration,0,331,139.727323055,0.389979124069
Iteration,0,332,140.117799044,0.390475988388
Iteration,0,333,140.507889986,0.390090942383
Iteration,0,334,140.897990942,0.390100955963
Iteration,0,335,141.288099051,0.390108108521
Iteration,0,336,141.678147078,0.390048027039
Iteration,0,337,142.068034887,0.389887809753
Iteration,0,338,142.458189011,0.390154123306
Iteration,0,339,143.263972998,0.805783987045
Iteration,0,340,143.661628962,0.397655963898
Iteration,0,341,144.054823875,0.393194913864
Iteration,0,342,144.445036888,0.390213012695
Iteration,0,343,144.83516407,0.390127182007
Iteration,0,344,145.225813866,0.390649795532
Iteration,0,345,145.616204023,0.3903901577
Iteration,0,346,146.006771088,0.390567064285
Iteration,0,347,146.396790981,0.390019893646
Iteration,0,348,146.78709507,0.390304088593
Iteration,0,349,147.18345499,0.396359920502
Iteration,0,350,147.573517084,0.390062093735
Iteration,0,351,147.963876009,0.390358924866
Iteration,0,352,148.354268074,0.390392065048
Iteration,0,353,148.744684935,0.39041686058
Iteration,0,354,149.135324955,0.39064002037
Iteration,0,355,149.52560997,0.390285015106
Iteration,0,356,149.916367054,0.390757083893
Iteration,0,357,150.306989908,0.390622854233
Iteration,0,358,150.697773933,0.390784025192
Iteration,0,359,151.511085987,0.81331205368
Iteration,0,360,151.907049894,0.395963907242
Iteration,0,361,152.297297955,0.390248060226
Iteration,0,362,152.688168049,0.390870094299
Iteration,0,363,153.07861805,0.390450000763
Iteration,0,364,153.469428062,0.390810012817
Iteration,0,365,153.859417915,0.389989852905
Iteration,0,366,154.250226974,0.390809059143
Iteration,0,367,154.640400887,0.390173912048
Iteration,0,368,155.031306982,0.390906095505
Iteration,0,369,155.422237873,0.390930891037
Iteration,0,370,155.813035011,0.390797138214
Iteration,0,371,156.203598022,0.390563011169
Iteration,0,372,156.594521046,0.390923023224
Iteration,0,373,156.984766006,0.390244960785
Iteration,0,374,157.375750065,0.39098405838
Iteration,0,375,157.766840935,0.391090869904
Iteration,0,376,158.15764308,0.390802145004
Iteration,0,377,158.548024893,0.390381813049
Iteration,0,378,158.938863993,0.390839099884
Iteration,0,379,159.745194912,0.806330919266
Iteration,0,380,160.136420965,0.391226053238
Iteration,0,381,160.53302002,0.396599054337
Iteration,0,382,160.920145988,0.387125968933
Iteration,0,383,161.307885885,0.387739896774
Iteration,0,384,161.694606066,0.386720180511
Iteration,0,385,162.080929995,0.386323928833
Iteration,0,386,162.468039989,0.387109994888
Iteration,0,387,162.855525017,0.387485027313
Iteration,0,388,163.242521048,0.386996030807
Iteration,0,389,163.629961967,0.387440919876
Iteration,0,390,164.016874075,0.386912107468
Iteration,0,391,164.403341055,0.38646697998
Iteration,0,392,164.790673971,0.38733291626
Iteration,0,393,165.178467035,0.387793064117
Iteration,0,394,165.56574297,0.387275934219
Iteration,0,395,165.953613043,0.387870073318
Iteration,0,396,166.340794086,0.387181043625
Iteration,0,397,166.727072001,0.386277914047
Iteration,0,398,167.11303091,0.385958909988
Iteration,0,399,167.919719934,0.806689023972
Iteration,0,400,168.314635038,0.394915103912
Iteration,0,401,168.706978083,0.392343044281
Iteration,0,402,169.098289967,0.391311883926
Iteration,0,403,169.487483025,0.389193058014
Iteration,0,404,169.876481056,0.388998031616
Iteration,0,405,170.265486002,0.389004945755
Iteration,0,406,170.654485941,0.388999938965
Iteration,0,407,171.04387188,0.389385938644
Iteration,0,408,171.43276906,0.388897180557
Iteration,0,409,171.82177496,0.389005899429
Iteration,0,410,172.211696863,0.38992190361
Iteration,0,411,172.600851059,0.389154195786
Iteration,0,412,172.990101099,0.389250040054
Iteration,0,413,173.379168987,0.38906788826
Iteration,0,414,173.768132925,0.388963937759
Iteration,0,415,174.157124996,0.388992071152
Iteration,0,416,174.546173096,0.389048099518
Iteration,0,417,174.935256004,0.38908290863
Iteration,0,418,175.324266911,0.389010906219
Iteration,0,419,176.180686951,0.856420040131
Iteration,0,420,176.576272964,0.395586013794
Iteration,0,421,176.969115019,0.392842054367
Iteration,0,422,177.358867884,0.389752864838
Iteration,0,423,177.748383999,0.389516115189
Iteration,0,424,178.137997866,0.389613866806
Iteration,0,425,178.528035879,0.390038013458
Iteration,0,426,178.917552948,0.389517068863
Iteration,0,427,179.306988001,0.389435052872
Iteration,0,428,179.696523905,0.389535903931
Iteration,0,429,180.085984945,0.389461040497
Iteration,0,430,180.475455999,0.389471054077
Iteration,0,431,180.865072966,0.389616966248
Iteration,0,432,181.25524807,0.390175104141
Iteration,0,433,181.644918919,0.389670848846
Iteration,0,434,182.037401915,0.392482995987
Iteration,0,435,182.426795006,0.389393091202
Iteration,0,436,182.816361904,0.389566898346
Iteration,0,437,183.205786943,0.389425039291
Iteration,0,438,183.595262051,0.389475107193
Iteration,0,439,184.472645044,0.877382993698
Iteration,0,440,184.865093946,0.39244890213
Iteration,0,441,185.252943993,0.387850046158
Iteration,0,442,185.639755011,0.38681101799
Iteration,0,443,186.026896,0.387140989304
Iteration,0,444,186.413520098,0.386624097824
Iteration,0,445,186.80031991,0.386799812317
Iteration,0,446,187.187197924,0.386878013611
Iteration,0,447,187.574321985,0.387124061584
Iteration,0,448,187.96095109,0.386629104614
Iteration,0,449,188.347646952,0.386695861816
Iteration,0,450,188.734559059,0.386912107468
Iteration,0,451,189.121977091,0.387418031693
Iteration,0,452,189.50899291,0.38701581955
Iteration,0,453,189.895925045,0.386932134628
Iteration,0,454,190.289110899,0.393185853958
Iteration,0,455,190.678843975,0.389733076096
Iteration,0,456,191.065487862,0.386643886566
Iteration,0,457,191.452245951,0.386758089066
Iteration,0,458,191.838973045,0.38672709465
Iteration,0,459,192.643750906,0.804777860641
Iteration,0,460,193.037633896,0.393882989883
Iteration,0,461,193.4281919,0.390558004379
Iteration,0,462,193.818609953,0.390418052673
Iteration,0,463,194.209137917,0.390527963638
Iteration,0,464,194.599195957,0.390058040619
Iteration,0,465,194.989213943,0.390017986298
Iteration,0,466,195.378885984,0.389672040939
Iteration,0,467,195.768548012,0.389662027359
Iteration,0,468,196.15882206,0.390274047852
Iteration,0,469,196.548847914,0.390025854111
Iteration,0,470,196.938747883,0.389899969101
Iteration,0,471,197.328561068,0.389813184738
Iteration,0,472,197.718438864,0.389877796173
Iteration,0,473,198.108309031,0.389870166779
Iteration,0,474,198.498095036,0.38978600502
Iteration,0,475,198.887927055,0.389832019806
Iteration,0,476,199.27768898,0.389761924744
Iteration,0,477,199.667311907,0.389622926712
Iteration,0,478,200.057296038,0.389984130859
Iteration,0,479,200.860574961,0.803278923035
Iteration,0,480,201.25553298,0.394958019257
Iteration,0,481,201.645418882,0.389885902405
Iteration,0,482,202.03559494,0.390176057816
Iteration,0,483,202.425683975,0.390089035034
Iteration,0,484,202.815916061,0.390232086182
Iteration,0,485,203.205862045,0.389945983887
Iteration,0,486,203.595779896,0.389917850494
Iteration,0,487,203.985594988,0.389815092087
Iteration,0,488,204.375447035,0.389852046967
Iteration,0,489,204.765428066,0.389981031418
Iteration,0,490,205.155648947,0.390220880508
Iteration,0,491,205.545855045,0.390206098557
Iteration,0,492,205.936187983,0.390332937241
Iteration,0,493,206.326197863,0.390009880066
Iteration,0,494,206.716425896,0.390228033066
Iteration,0,495,207.106572866,0.390146970749
Iteration,0,496,207.496726036,0.390153169632
Iteration,0,497,207.886810064,0.390084028244
Iteration,0,498,208.277117014,0.390306949615
Iteration,0,499,209.083307981,0.80619096756
Iteration,0,500,209.484503031,0.401195049286
Iteration,0,501,209.891901016,0.407397985458
Iteration,0,502,210.318383932,0.426482915878
Iteration,0,503,210.785459995,0.467076063156
Iteration,0,504,211.250770092,0.465310096741
Iteration,0,505,211.716331959,0.46556186676
Iteration,0,506,212.181843996,0.465512037277
Iteration,0,507,212.647343874,0.46549987793
Iteration,0,508,213.112854958,0.465511083603
Iteration,0,509,213.578248024,0.465393066406
Iteration,0,510,214.035785913,0.457537889481
Iteration,0,511,214.426589966,0.390804052353
Iteration,0,512,214.817719936,0.391129970551
Iteration,0,513,215.208400965,0.390681028366
Iteration,0,514,215.599020004,0.390619039536
Iteration,0,515,215.989881992,0.390861988068
Iteration,0,516,216.380614996,0.390733003616
Iteration,0,517,216.771413088,0.390798091888
Iteration,0,518,217.162534952,0.391121864319
Iteration,0,519,217.971260071,0.808725118637
Iteration,0,520,218.366535902,0.395275831223
Iteration,0,521,218.757637978,0.391102075577
Iteration,0,522,219.147240877,0.389602899551
Iteration,0,523,219.536833048,0.389592170715
Iteration,0,524,219.926367044,0.389533996582
Iteration,0,525,220.316194057,0.389827013016
Iteration,0,526,220.708013058,0.391819000244
Iteration,0,527,221.098406076,0.390393018723
Iteration,0,528,221.488135099,0.38972902298
Iteration,0,529,221.877831936,0.389696836472
Iteration,0,530,222.267647028,0.389815092087
Iteration,0,531,222.657258987,0.389611959457
Iteration,0,532,223.046760082,0.389501094818
Iteration,0,533,223.436459064,0.389698982239
Iteration,0,534,223.827303886,0.39084482193
Iteration,0,535,224.218359947,0.391056060791
Iteration,0,536,224.609153032,0.390793085098
Iteration,0,537,225.000349045,0.391196012497
Iteration,0,538,225.39132309,0.3909740448
Iteration,0,539,226.205993891,0.814670801163
Iteration,0,540,226.600553989,0.394560098648
Iteration,0,541,226.992712975,0.392158985138
Iteration,0,542,227.384025097,0.391312122345
Iteration,0,543,227.775647879,0.391622781754
Iteration,0,544,228.167425871,0.391777992249
Iteration,0,545,228.559345961,0.391920089722
Iteration,0,546,228.95102191,0.391675949097
Iteration,0,547,229.344049931,0.393028020859
Iteration,0,548,229.736525059,0.392475128174
Iteration,0,549,230.128628016,0.392102956772
Iteration,0,550,230.520592928,0.391964912415
Iteration,0,551,230.912414074,0.391821146011
Iteration,0,552,231.307497978,0.395083904266
Iteration,0,553,231.707093,0.399595022202
Iteration,0,554,232.110643864,0.403550863266
Iteration,0,555,232.565113068,0.454469203949
Iteration,0,556,233.030570984,0.46545791626
Iteration,0,557,233.495635986,0.465065002441
Iteration,0,558,233.96084094,0.465204954147
Iteration,0,559,234.795046091,0.834205150604
Iteration,0,560,235.187506914,0.392460823059
Iteration,0,561,235.577720881,0.39021396637
Iteration,0,562,235.96595788,0.388236999512
Iteration,0,563,236.352469921,0.386512041092
Iteration,0,564,236.739239931,0.386770009995
Iteration,0,565,237.126441002,0.387201070786
Iteration,0,566,237.513130903,0.386689901352
Iteration,0,567,237.89979291,0.386662006378
Iteration,0,568,238.286630869,0.38683795929
Iteration,0,569,238.67322588,0.386595010757
Iteration,0,570,239.060272932,0.387047052383
Iteration,0,571,239.449944019,0.389671087265
Iteration,0,572,239.844881058,0.394937038422
Iteration,0,573,240.23150301,0.386621952057
Iteration,0,574,240.618579865,0.387076854706
Iteration,0,575,241.005414963,0.386835098267
Iteration,0,576,241.392287016,0.386872053146
Iteration,0,577,241.77918601,0.386898994446
Iteration,0,578,242.166099072,0.386913061142
Iteration,0,579,242.974097967,0.807998895645
Iteration,0,580,243.36669302,0.392595052719
Iteration,0,581,243.754261971,0.387568950653
Iteration,0,582,244.265604973,0.511343002319
Iteration,0,583,244.924774885,0.659169912338
Iteration,0,584,245.437913895,0.513139009476
Iteration,0,585,245.898972988,0.461059093475
Iteration,0,586,246.31538105,0.416408061981
Iteration,0,587,246.708390951,0.393009901047
Iteration,0,588,247.095422983,0.387032032013
Iteration,0,589,247.482323885,0.386900901794
Iteration,0,590,247.869455099,0.387131214142
Iteration,0,591,248.256522894,0.3870677948
Iteration,0,592,248.643837929,0.387315034866
Iteration,0,593,249.030966043,0.3871281147
Iteration,0,594,249.418081045,0.387115001678
Iteration,0,595,249.805084944,0.387003898621
Iteration,0,596,250.192203999,0.387119054794
Iteration,0,597,250.579310894,0.387106895447
Iteration,0,598,250.966544867,0.387233972549
Iteration,0,599,251.781981945,0.815437078476
Iteration,0,600,252.17456007,0.392578125
Iteration,0,601,252.564449072,0.389889001846
Iteration,0,602,252.951567888,0.387118816376
Iteration,0,603,253.338648081,0.387080192566
Iteration,0,604,253.725586891,0.386938810349
Iteration,0,605,254.113152981,0.38756608963
Iteration,0,606,254.499976873,0.386823892593
Iteration,0,607,254.886739016,0.386762142181
Iteration,0,608,255.273586035,0.386847019196
Iteration,0,609,255.66068697,0.387100934982
Iteration,0,610,256.048007965,0.387320995331
Iteration,0,611,256.434777021,0.38676905632
Iteration,0,612,256.821553946,0.386776924133
Iteration,0,613,257.216855049,0.395301103592
Iteration,0,614,257.612787008,0.395931959152
Iteration,0,615,257.999969006,0.387181997299
Iteration,0,616,258.386980057,0.387011051178
Iteration,0,617,258.773657084,0.386677026749
Iteration,0,618,259.16038394,0.386726856232
Iteration,0,619,259.971067905,0.810683965683
Iteration,0,620,260.364943027,0.39387512207
Iteration,0,621,260.754910946,0.389967918396
Iteration,0,622,261.144072056,0.389161109924
Iteration,0,623,261.531987906,0.387915849686
Iteration,0,624,261.919383049,0.387395143509
Iteration,0,625,262.307491064,0.38810801506
Iteration,0,626,262.696081877,0.388590812683
Iteration,0,627,263.084420919,0.388339042664
Iteration,0,628,263.472918034,0.388497114182
Iteration,0,629,263.861229897,0.388311862946
Iteration,0,630,264.249847889,0.388617992401
Iteration,0,631,264.637943029,0.388095140457
Iteration,0,632,265.026426077,0.388483047485
Iteration,0,633,265.414558887,0.388132810593
Iteration,0,634,265.803099871,0.3885409832
Iteration,0,635,266.191821098,0.388721227646
Iteration,0,636,266.580391884,0.388570785522
Iteration,0,637,266.968515873,0.388123989105
Iteration,0,638,267.356827021,0.38831114769
Iteration,0,639,268.21727109,0.860444068909
Iteration,0,640,268.610826969,0.393555879593
Iteration,0,641,268.999239922,0.388412952423
Iteration,0,642,269.386724949,0.387485027313
Iteration,0,643,269.774096012,0.387371063232
Iteration,0,644,270.161689997,0.387593984604
Iteration,0,645,270.549228907,0.387538909912
Iteration,0,646,270.936686039,0.387457132339
Iteration,0,647,271.324105978,0.387419939041
Iteration,0,648,271.711334944,0.387228965759
Iteration,0,649,272.098787069,0.387452125549
Iteration,0,650,272.486207962,0.387420892715
Iteration,0,651,272.873519897,0.387311935425
Iteration,0,652,273.26138401,0.387864112854
Iteration,0,653,273.64893198,0.387547969818
Iteration,0,654,274.03630805,0.387376070023
Iteration,0,655,274.423790932,0.387482881546
Iteration,0,656,274.811280966,0.387490034103
Iteration,0,657,275.198666096,0.387385129929
Iteration,0,658,275.585985899,0.387319803238
Iteration,0,659,276.387654066,0.801668167114
Iteration,0,660,276.77857995,0.390925884247
Iteration,0,661,277.166316032,0.387736082077
Iteration,0,662,277.553771973,0.387455940247
Iteration,0,663,277.941436052,0.387664079666
Iteration,0,664,278.329037905,0.387601852417
Iteration,0,665,278.716458082,0.38742017746
Iteration,0,666,279.104166985,0.387708902359
Iteration,0,667,279.491873026,0.387706041336
Iteration,0,668,279.879368067,0.387495040894
Iteration,0,669,280.266812086,0.387444019318
Iteration,0,670,280.654457092,0.38764500618
Iteration,0,671,281.042044878,0.387587785721
Iteration,0,672,281.429745913,0.387701034546
Iteration,0,673,281.826516867,0.396770954132
Iteration,0,674,282.226931095,0.400414228439
Iteration,0,675,282.674237967,0.447306871414
Iteration,0,676,283.136013031,0.461775064468
Iteration,0,677,283.581175089,0.445162057877
Iteration,0,678,283.969873905,0.388698816299
Iteration,0,679,284.788201094,0.818327188492
Iteration,0,680,285.181892872,0.393691778183
Iteration,0,681,285.570278883,0.388386011124
Iteration,0,682,285.959074974,0.38879609108
Iteration,0,683,286.347780943,0.388705968857
Iteration,0,684,286.74613905,0.398358106613
Iteration,0,685,287.147429943,0.401290893555
Iteration,0,686,287.599466085,0.452036142349
Iteration,0,687,288.062267065,0.462800979614
Iteration,0,688,288.525170088,0.462903022766
Iteration,0,689,288.987948895,0.462778806686
Iteration,0,690,289.392462969,0.404514074326
Iteration,0,691,289.780936956,0.388473987579
Iteration,0,692,290.169842958,0.388906002045
Iteration,0,693,290.558342934,0.388499975204
Iteration,0,694,290.945884943,0.387542009354
Iteration,0,695,291.333566904,0.38768196106
Iteration,0,696,291.725558996,0.391992092133
Iteration,0,697,292.21964407,0.494085073471
Iteration,0,698,292.891875982,0.672231912613
Iteration,0,699,293.908684015,1.01680803299
Iteration,0,700,294.357625961,0.44894194603
Iteration,0,701,294.747690916,0.390064954758
Iteration,0,702,295.135858059,0.388167142868
Iteration,0,703,295.523118019,0.387259960175
Iteration,0,704,295.910660982,0.387542963028
Iteration,0,705,296.298388958,0.387727975845
Iteration,0,706,296.686182022,0.387793064117
Iteration,0,707,297.074095964,0.387913942337
Iteration,0,708,297.461499929,0.387403964996
Iteration,0,709,297.848820925,0.387320995331
Iteration,0,710,298.237479925,0.388659000397
Iteration,0,711,298.626133919,0.388653993607
Iteration,0,712,299.014803886,0.388669967651
Iteration,0,713,299.403241873,0.388437986374
Iteration,0,714,299.792135954,0.388894081116
Iteration,0,715,300.180605888,0.388469934464
Iteration,0,716,300.569592953,0.388987064362
Iteration,0,717,300.958044052,0.388451099396
Iteration,0,718,301.346968889,0.388924837112
Iteration,0,719,302.168273926,0.821305036545
Iteration,0,720,302.562701941,0.394428014755
Iteration,0,721,302.951647043,0.388945102692
Iteration,0,722,303.340105057,0.388458013535
Iteration,0,723,303.727706909,0.387601852417
Iteration,0,724,304.11529088,0.387583971024
Iteration,0,725,304.502872944,0.387582063675
Iteration,0,726,304.890513897,0.387640953064
Iteration,0,727,305.278785944,0.388272047043
Iteration,0,728,305.666456938,0.387670993805
Iteration,0,729,306.054185867,0.38772892952
Iteration,0,730,306.441875935,0.387690067291
Iteration,0,731,306.835921049,0.394045114517
Iteration,0,732,307.223656893,0.387735843658
Iteration,0,733,307.611303091,0.387646198273
Iteration,0,734,307.998840094,0.387537002563
Iteration,0,735,308.386450052,0.387609958649
Iteration,0,736,308.774188042,0.387737989426
Iteration,0,737,309.161923885,0.387735843658
Iteration,0,738,309.549956083,0.388032197952
Iteration,0,739,310.363996029,0.814039945602
Iteration,0,740,310.756061077,0.392065048218
Iteration,0,741,311.143738031,0.387676954269
Iteration,0,742,311.532597065,0.388859033585
Iteration,0,743,311.921494961,0.388897895813
Iteration,0,744,312.309952021,0.38845705986
Iteration,0,745,312.698666096,0.388714075089
Iteration,0,746,313.087388039,0.388721942902
Iteration,0,747,313.475821972,0.388433933258
Iteration,0,748,313.864145994,0.388324022293
Iteration,0,749,314.252925873,0.388779878616
Iteration,0,750,314.641790867,0.388864994049
Iteration,0,751,315.030534029,0.388743162155
Iteration,0,752,315.418694973,0.388160943985
Iteration,0,753,315.807435036,0.388740062714
Iteration,0,754,316.19626689,0.388831853867
Iteration,0,755,316.585079908,0.388813018799
Iteration,0,756,316.973696947,0.388617038727
Iteration,0,757,317.362390041,0.388693094254
Iteration,0,758,317.750701904,0.388311862946
Iteration,0,759,318.559267044,0.808565139771
Iteration,0,760,318.953718901,0.394451856613
Iteration,0,761,319.344686985,0.390968084335
Iteration,0,762,319.735323906,0.390636920929
Iteration,0,763,320.126440048,0.391116142273
Iteration,0,764,320.515105009,0.388664960861
Iteration,0,765,320.902401924,0.387296915054
Iteration,0,766,321.290252924,0.387850999832
Iteration,0,767,321.67762804,0.387375116348
Iteration,0,768,322.064985991,0.387357950211
Iteration,0,769,322.452157021,0.387171030045
Iteration,0,770,322.839456081,0.387299060822
Iteration,0,771,323.226686001,0.387229919434
Iteration,0,772,323.613970041,0.387284040451
Iteration,0,773,324.001180887,0.387210845947
Iteration,0,774,324.388588905,0.387408018112
Iteration,0,775,324.776268959,0.387680053711
Iteration,0,776,325.165216923,0.388947963715
Iteration,0,777,325.553606033,0.388389110565
Iteration,0,778,325.94123292,0.387626886368
Iteration,0,779,326.754244089,0.813011169434
Iteration,0,780,327.147590876,0.393346786499
Iteration,0,781,327.537550926,0.389960050583
Iteration,0,782,327.924898863,0.38734793663
Iteration,0,783,328.31231904,0.38742017746
Iteration,0,784,328.699795008,0.387475967407
Iteration,0,785,329.087534904,0.387739896774
Iteration,0,786,329.474936962,0.387402057648
Iteration,0,787,329.862003088,0.38706612587
Iteration,0,788,330.249362946,0.387359857559
Iteration,0,789,330.636642933,0.387279987335
Iteration,0,790,331.023979902,0.387336969376
Iteration,0,791,331.411033869,0.387053966522
Iteration,0,792,331.798188925,0.387155056
Iteration,0,793,332.185623884,0.387434959412
Iteration,0,794,332.573230028,0.387606143951
Iteration,0,795,332.961005926,0.38777589798
Iteration,0,796,333.349582911,0.388576984406
Iteration,0,797,333.73784399,0.388261079788
Iteration,0,798,334.126583099,0.388739109039
Iteration,0,799,334.935226917,0.808643817902
Iteration,0,800,335.32998991,0.394762992859
Iteration,0,801,335.718919992,0.388930082321
Iteration,0,802,336.107924938,0.389004945755
Iteration,0,803,336.496715069,0.388790130615
Iteration,0,804,336.885452032,0.388736963272
Iteration,0,805,337.274256945,0.388804912567
Iteration,0,806,337.661622047,0.387365102768
Iteration,0,807,338.052969933,0.391347885132
Iteration,0,808,338.442005873,0.38903594017
Iteration,0,809,338.829514027,0.387508153915
Iteration,0,810,339.217026949,0.387512922287
Iteration,0,811,339.604367018,0.387340068817
Iteration,0,812,339.991849899,0.387482881546
Iteration,0,813,340.379772902,0.387923002243
Iteration,0,814,340.768518925,0.388746023178
Iteration,0,815,341.15742898,0.388910055161
Iteration,0,816,341.546313047,0.388884067535
Iteration,0,817,341.934472084,0.388159036636
Iteration,0,818,342.322051048,0.387578964233
Iteration,0,819,343.148972034,0.826920986176
Iteration,0,820,343.543013096,0.394041061401
Iteration,0,821,343.934771061,0.391757965088
Iteration,0,822,344.325870991,0.39109992981
Iteration,0,823,344.715605021,0.38973402977
Iteration,0,824,345.103298903,0.387693881989
Iteration,0,825,345.49141407,0.388115167618
Iteration,0,826,345.878583908,0.387169837952
Iteration,0,827,346.265945911,0.387362003326
Iteration,0,828,346.652901888,0.386955976486
Iteration,0,829,347.03995204,0.387050151825
Iteration,0,830,347.427206993,0.387254953384
Iteration,0,831,347.814401865,0.387194871902
Iteration,0,832,348.201296091,0.386894226074
Iteration,0,833,348.588630915,0.387334823608
Iteration,0,834,348.977144957,0.388514041901
Iteration,0,835,349.365653038,0.388508081436
Iteration,0,836,349.753968,0.388314962387
Iteration,0,837,350.142356873,0.388388872147
Iteration,0,838,350.530926943,0.388570070267
Iteration,0,839,351.396214962,0.86528801918
Iteration,0,840,351.787219048,0.391004085541
Iteration,0,841,352.174859047,0.38763999939
Iteration,0,842,352.563304901,0.388445854187
Iteration,0,843,352.952109098,0.388804197311
Iteration,0,844,353.34048295,0.388373851776
Iteration,0,845,353.728961945,0.38847899437
Iteration,0,846,354.117352009,0.38839006424
Iteration,0,847,354.505702019,0.388350009918
Iteration,0,848,354.894079924,0.388377904892
Iteration,0,849,355.282516956,0.3884370327
Iteration,0,850,355.671113968,0.388597011566
Iteration,0,851,356.059407949,0.388293981552
Iteration,0,852,356.446629047,0.387221097946
Iteration,0,853,356.834184885,0.387555837631
Iteration,0,854,357.221693039,0.387508153915
Iteration,0,855,357.609018087,0.387325048447
Iteration,0,856,357.996121883,0.387103796005
Iteration,0,857,358.383286953,0.38716506958
Iteration,0,858,358.781317949,0.398030996323
Iteration,0,859,359.663439035,0.882121086121
Iteration,0,860,360.129694939,0.466255903244
Iteration,0,861,360.594418049,0.464723110199
Iteration,0,862,361.056005955,0.461587905884
Iteration,0,863,361.4608109,0.404804944992
Iteration,0,864,361.848178864,0.387367963791
Iteration,0,865,362.235708952,0.387530088425
Iteration,0,866,362.62339592,0.38768696785
Iteration,0,867,363.010720015,0.387324094772
Iteration,0,868,363.39931798,0.38859796524
Iteration,0,869,363.787930965,0.388612985611
Iteration,0,870,364.176542997,0.388612031937
Iteration,0,871,364.56525898,0.388715982437
Iteration,0,872,364.953962088,0.388703107834
Iteration,0,873,365.341383934,0.38742184639
Iteration,0,874,365.72884798,0.387464046478
Iteration,0,875,366.116607904,0.387759923935
Iteration,0,876,366.504230022,0.387622117996
Iteration,0,877,366.891684055,0.387454032898
Iteration,0,878,367.285584927,0.393900871277
Iteration,0,879,368.154255867,0.868670940399
Iteration,0,880,368.547282934,0.393027067184
Iteration,0,881,368.935039043,0.387756109238
Iteration,0,882,369.322644949,0.387605905533
Iteration,0,883,369.710206032,0.38756108284
Iteration,0,884,370.097609997,0.387403964996
Iteration,0,885,370.485116959,0.387506961823
Iteration,0,886,370.872714996,0.38759803772
Iteration,0,887,371.260919094,0.388204097748
Iteration,0,888,371.648252964,0.387333869934
Iteration,0,889,372.03528595,0.387032985687
Iteration,0,890,372.422641993,0.387356042862
Iteration,0,891,372.810113907,0.387471914291
Iteration,0,892,373.198280096,0.388166189194
Iteration,0,893,373.586601973,0.388321876526
Iteration,0,894,373.975331068,0.388729095459
Iteration,0,895,374.363867998,0.388536930084
Iteration,0,896,374.751954079,0.388086080551
Iteration,0,897,375.13963604,0.38768196106
Iteration,0,898,375.527080059,0.387444019318
Iteration,0,899,376.341520071,0.814440011978
Iteration,0,900,376.73288703,0.391366958618
Iteration,0,901,377.12075901,0.387871980667
Iteration,0,902,377.508257866,0.387498855591
Iteration,0,903,377.895977974,0.387720108032
Iteration,0,904,378.283690929,0.387712955475
Iteration,0,905,378.671442986,0.387752056122
Iteration,0,906,379.059073925,0.387630939484
Iteration,0,907,379.446589947,0.387516021729
Iteration,0,908,379.834109068,0.38751912117
Iteration,0,909,380.221869946,0.387760877609
Iteration,0,910,380.609442949,0.387573003769
Iteration,0,911,380.997483015,0.388040065765
Iteration,0,912,381.385179043,0.387696027756
Iteration,0,913,381.772634983,0.387455940247
Iteration,0,914,382.160326958,0.38769197464
Iteration,0,915,382.548192978,0.387866020203
Iteration,0,916,382.936699867,0.388506889343
Iteration,0,917,383.325553894,0.388854026794
Iteration,0,918,383.713958979,0.38840508461
Iteration,0,919,384.528755903,0.814796924591
Iteration,0,920,384.924107075,0.395351171494
Iteration,0,921,385.314909935,0.39080286026
Iteration,0,922,385.703234911,0.388324975967
Iteration,0,923,386.092674017,0.389439105988
Iteration,0,924,386.483736038,0.391062021255
Iteration,0,925,386.885925055,0.402189016342
Iteration,0,926,387.332602978,0.446677923203
Iteration,0,927,387.796336889,0.463733911514
Iteration,0,928,388.26000905,0.463672161102
Iteration,0,929,388.723520994,0.463511943817
Iteration,0,930,389.187107086,0.463586091995
Iteration,0,931,389.650657892,0.463550806046
Iteration,0,932,390.113089085,0.462431192398
Iteration,0,933,390.503412962,0.390323877335
Iteration,0,934,390.891515017,0.388102054596
Iteration,0,935,391.279691935,0.38817691803
Iteration,0,936,391.668006897,0.388314962387
Iteration,0,937,392.056490898,0.38848400116
Iteration,0,938,392.44459796,0.388107061386
Iteration,0,939,393.254227877,0.809629917145
Iteration,0,940,393.647670984,0.393443107605
Iteration,0,941,394.038217068,0.39054608345
Iteration,0,942,394.429054022,0.390836954117
Iteration,0,943,394.817277908,0.38822388649
Iteration,0,944,395.20468092,0.387403011322
Iteration,0,945,395.592848063,0.388167142868
Iteration,0,946,395.981325865,0.388477802277
Iteration,0,947,396.36867094,0.387345075607
Iteration,0,948,396.756951094,0.388280153275
Iteration,0,949,397.14448595,0.387534856796
Iteration,0,950,397.531639099,0.387153148651
Iteration,0,951,397.918909073,0.387269973755
Iteration,0,952,398.30616188,0.387252807617
Iteration,0,953,398.693587065,0.38742518425
Iteration,0,954,399.080759048,0.387171983719
Iteration,0,955,399.46825695,0.387497901917
Iteration,0,956,399.856379032,0.388122081757
Iteration,0,957,400.244852066,0.388473033905
Iteration,0,958,400.63323307,0.388381004333
Iteration,0,959,401.442553043,0.809319972992
Iteration,0,960,401.836952925,0.394399881363
Iteration,0,961,402.225387096,0.388434171677
Iteration,0,962,402.613622904,0.388235807419
Iteration,0,963,403.001121044,0.387498140335
Iteration,0,964,403.389523983,0.388402938843
Iteration,0,965,403.778161049,0.388637065887
Iteration,0,966,404.166260958,0.388099908829
Iteration,0,967,404.553870916,0.387609958649
Iteration,0,968,404.941350937,0.387480020523
Iteration,0,969,405.328572989,0.38722205162
Iteration,0,970,405.715867043,0.387294054031
Iteration,0,971,406.103334904,0.387467861176
Iteration,0,972,406.490442991,0.38710808754
Iteration,0,973,406.877521992,0.387079000473
Iteration,0,974,407.264652967,0.387130975723
Iteration,0,975,407.65221405,0.38756108284
Iteration,0,976,408.039412022,0.387197971344
Iteration,0,977,408.426649094,0.387237071991
Iteration,0,978,408.814027071,0.387377977371
Iteration,0,979,409.66613102,0.852103948593
Iteration,0,980,410.061230898,0.395099878311
Iteration,0,981,410.454276085,0.393045186996
Iteration,0,982,410.843966007,0.389689922333
Iteration,0,983,411.233639956,0.389673948288
Iteration,0,984,411.623033047,0.389393091202
Iteration,0,985,412.012403011,0.3893699646
Iteration,0,986,412.401539087,0.389136075974
Iteration,0,987,412.791200876,0.38966178894
Iteration,0,988,413.180604935,0.389404058456
Iteration,0,989,413.568500996,0.387896060944
Iteration,0,990,413.956631899,0.388130903244
Iteration,0,991,414.346045017,0.389413118362
Iteration,0,992,414.733738899,0.387693881989
Iteration,0,993,415.121068001,0.387329101562
Iteration,0,994,415.508559942,0.387491941452
Iteration,0,995,415.895974874,0.387414932251
Iteration,0,996,416.283514023,0.387539148331
Iteration,0,997,416.671070099,0.38755607605
Iteration,0,998,417.059056044,0.387985944748
Iteration,0,999,417.87648797,0.817431926727
Iteration,0,1000,418.269994974,0.393507003784
Iteration,0,1001,418.659636021,0.389641046524
Iteration,0,1002,419.046787024,0.387151002884
Iteration,0,1003,419.433927059,0.387140035629
Iteration,0,1004,419.821352959,0.387425899506
Iteration,0,1005,420.208606005,0.387253046036
Iteration,0,1006,420.595930099,0.387324094772
Iteration,0,1007,420.983377934,0.387447834015
Iteration,0,1008,421.370650053,0.387272119522
Iteration,0,1009,421.757766962,0.387116909027
Iteration,0,1010,422.144922018,0.387155056
Iteration,0,1011,422.532460928,0.387538909912
Iteration,0,1012,422.919866085,0.387405157089
Iteration,0,1013,423.306979895,0.387113809586
Iteration,0,1014,423.69421792,0.387238025665
Iteration,0,1015,424.081472874,0.387254953384
Iteration,0,1016,424.468702078,0.387229204178
Iteration,0,1017,424.856186867,0.387484788895
Iteration,0,1018,425.24394989,0.387763023376
Iteration,0,1019,426.054636955,0.810687065125
Iteration,0,1020,426.449038029,0.394401073456
Iteration,0,1021,426.838187933,0.389149904251
Iteration,0,1022,427.22664094,0.388453006744
Iteration,0,1023,427.621087074,0.394446134567
Iteration,0,1024,428.01008606,0.388998985291
Iteration,0,1025,428.398607969,0.388521909714
Iteration,0,1026,428.788161039,0.389553070068
Iteration,0,1027,429.176622868,0.388461828232
Iteration,0,1028,429.56507802,0.388455152512
Iteration,0,1029,429.953367949,0.388289928436
Iteration,0,1030,430.342019081,0.388651132584
Iteration,0,1031,430.73059392,0.388574838638
Iteration,0,1032,431.119333982,0.388740062714
Iteration,0,1033,431.507364035,0.388030052185
Iteration,0,1034,431.895824909,0.388460874557
Iteration,0,1035,432.284153938,0.388329029083
Iteration,0,1036,432.672947884,0.388793945312
Iteration,0,1037,433.061769962,0.388822078705
Iteration,0,1038,433.450212002,0.38844203949
Iteration,0,1039,434.266069889,0.815857887268
Iteration,0,1040,434.659565926,0.39349603653
Iteration,0,1041,435.047862053,0.388296127319
Iteration,0,1042,435.436320066,0.388458013535
Iteration,0,1043,435.824904919,0.388584852219
Iteration,0,1044,436.213912964,0.389008045197
Iteration,0,1045,436.60227704,0.388364076614
Iteration,0,1046,436.99106288,0.388785839081
Iteration,0,1047,437.379323006,0.388260126114
Iteration,0,1048,437.768040895,0.388717889786
Iteration,0,1049,438.15643096,0.38839006424
Iteration,0,1050,438.545043945,0.388612985611
Iteration,0,1051,438.933300018,0.388256072998
Iteration,0,1052,439.321548939,0.388248920441
Iteration,0,1053,439.710128069,0.388579130173
Iteration,0,1054,440.099266052,0.389137983322
Iteration,0,1055,440.48763299,0.388366937637
Iteration,0,1056,440.876237869,0.388604879379
Iteration,0,1057,441.264971018,0.388733148575
Iteration,0,1058,441.653635979,0.388664960861
Iteration,0,1059,442.520103931,0.866467952728
Iteration,0,1060,442.914753914,0.394649982452
Iteration,0,1061,443.306823015,0.392069101334
Iteration,0,1062,443.69876194,0.391938924789
Iteration,0,1063,444.090857983,0.392096042633
Iteration,0,1064,444.479624987,0.388767004013
Iteration,0,1065,444.876807928,0.397182941437
Iteration,0,1066,445.278699875,0.401891946793
Iteration,0,1067,445.679980993,0.401281118393
Iteration,0,1068,446.081534863,0.401553869247
Iteration,0,1069,446.481544971,0.400010108948
Iteration,0,1070,446.870531082,0.388986110687
Iteration,0,1071,447.259548903,0.389017820358
Iteration,0,1072,447.648002863,0.388453960419
Iteration,0,1073,448.094866037,0.446863174438
Iteration,0,1074,448.772823095,0.677957057953
Iteration,0,1075,449.342875957,0.570052862167
Iteration,0,1076,449.804327965,0.461452007294
Iteration,0,1077,450.237693071,0.433365106583
Iteration,0,1078,450.625163078,0.387470006943
Iteration,0,1079,451.428538084,0.803375005722
Iteration,0,1080,451.8218081,0.393270015717
Iteration,0,1081,452.212647915,0.39083981514
Iteration,0,1082,452.602508068,0.389860153198
Iteration,0,1083,452.990207911,0.387699842453
Iteration,0,1084,453.3777771,0.387569189072
Iteration,0,1085,453.765084982,0.387307882309
Iteration,0,1086,454.152426958,0.387341976166
Iteration,0,1087,454.539947987,0.387521028519
Iteration,0,1088,454.927206039,0.387258052826
Iteration,0,1089,455.314393997,0.387187957764
Iteration,0,1090,455.701808929,0.387414932251
Iteration,0,1091,456.089278936,0.387470006943
Iteration,0,1092,456.477014065,0.387735128403
Iteration,0,1093,456.864409924,0.387395858765
Iteration,0,1094,457.252148867,0.3877389431
Iteration,0,1095,457.639396906,0.387248039246
Iteration,0,1096,458.026469946,0.387073040009
Iteration,0,1097,458.41383791,0.387367963791
Iteration,0,1098,458.801532984,0.387695074081
Iteration,0,1099,459.701464891,0.899931907654
Iteration,0,1100,460.09335494,0.391890048981
Iteration,0,1101,460.480663061,0.387308120728
Iteration,0,1102,460.868186951,0.387523889542
Iteration,0,1103,461.255822897,0.387635946274
Iteration,0,1104,461.643131971,0.387309074402
Iteration,0,1105,462.030498981,0.387367010117
Iteration,0,1106,462.417984009,0.387485027313
Iteration,0,1107,462.8055439,0.387559890747
Iteration,0,1108,463.192965031,0.387421131134
Iteration,0,1109,463.590945959,0.397980928421
Iteration,0,1110,463.979129076,0.388183116913
Iteration,0,1111,464.367692947,0.388563871384
Iteration,0,1112,464.756498098,0.388805150986
Iteration,0,1113,465.145531893,0.389033794403
Iteration,0,1114,465.533258915,0.387727022171
Iteration,0,1115,465.921324015,0.388065099716
Iteration,0,1116,466.309028864,0.387704849243
Iteration,0,1117,466.696642876,0.387614011765
Iteration,0,1118,467.084131956,0.387489080429
Iteration,0,1119,467.890793085,0.806661128998
Iteration,0,1120,468.283735037,0.392941951752
Iteration,0,1121,468.671411991,0.387676954269
Iteration,0,1122,469.060431957,0.389019966125
Iteration,0,1123,469.448937893,0.388505935669
Iteration,0,1124,469.837344885,0.388406991959
Iteration,0,1125,470.226037979,0.388693094254
Iteration,0,1126,470.614732981,0.388695001602
Iteration,0,1127,471.003704071,0.388971090317
Iteration,0,1128,471.392648935,0.388944864273
Iteration,0,1129,471.781087875,0.388438940048
Iteration,0,1130,472.168454885,0.387367010117
Iteration,0,1131,472.555847883,0.387392997742
Iteration,0,1132,472.943439007,0.387591123581
Iteration,0,1133,473.331063032,0.387624025345
Iteration,0,1134,473.718231916,0.387168884277
Iteration,0,1135,474.105396986,0.38716506958
Iteration,0,1136,474.492763996,0.387367010117
Iteration,0,1137,474.880255938,0.387491941452
Iteration,0,1138,475.267464876,0.387208938599
Iteration,0,1139,476.072514057,0.805049180984
Iteration,0,1140,476.465908051,0.393393993378
Iteration,0,1141,476.853720903,0.387812852859
Iteration,0,1142,477.241291046,0.387570142746
Iteration,0,1143,477.628618956,0.38732790947
Iteration,0,1144,478.016153097,0.387534141541
Iteration,0,1145,478.40348196,0.387328863144
Iteration,0,1146,478.790889025,0.387407064438
Iteration,0,1147,479.178366899,0.387477874756
Iteration,0,1148,479.565612078,0.387245178223
Iteration,0,1149,479.952852964,0.387240886688
Iteration,0,1150,480.340338945,0.387485980988
Iteration,0,1151,480.72766304,0.387324094772
Iteration,0,1152,481.115355015,0.38769197464
Iteration,0,1153,481.502513885,0.387158870697
Iteration,0,1154,481.889914989,0.387401103973
Iteration,0,1155,482.277433872,0.387518882751
Iteration,0,1156,482.665077925,0.387644052505
Iteration,0,1157,483.053071022,0.387993097305
Iteration,0,1158,483.440380096,0.387309074402
Iteration,0,1159,484.246764898,0.806384801865
Iteration,0,1160,484.638979912,0.392215013504
Iteration,0,1161,485.026791096,0.387811183929
Iteration,0,1162,485.414237976,0.387446880341
Iteration,0,1163,485.801572084,0.387334108353
Iteration,0,1164,486.189579964,0.388007879257
Iteration,0,1165,486.578669071,0.389089107513
Iteration,0,1166,486.967455864,0.388786792755
Iteration,0,1167,487.356080055,0.388624191284
Iteration,0,1168,487.749334097,0.393254041672
Iteration,0,1169,488.139785051,0.390450954437
Iteration,0,1170,488.527488947,0.387703895569
Iteration,0,1171,488.916045904,0.388556957245
Iteration,0,1172,489.305484056,0.389438152313
Iteration,0,1173,489.694411993,0.388927936554
Iteration,0,1174,490.083236933,0.388824939728
Iteration,0,1175,490.471886873,0.388649940491
Iteration,0,1176,490.86077404,0.388887166977
Iteration,0,1177,491.249228001,0.388453960419
Iteration,0,1178,491.63776207,0.388534069061
Iteration,0,1179,492.452859879,0.815097808838
Iteration,0,1180,492.844896078,0.39203619957
Iteration,0,1181,493.23386693,0.388970851898
Iteration,0,1182,493.622371912,0.388504981995
Iteration,0,1183,494.011082888,0.388710975647
Iteration,0,1184,494.40002203,0.388939142227
Iteration,0,1185,494.79844594,0.398423910141
Iteration,0,1186,495.187337875,0.388891935349
Iteration,0,1187,495.576010942,0.388673067093
Iteration,0,1188,495.964874029,0.3888630867
Iteration,0,1189,496.353590965,0.388716936111
Iteration,0,1190,496.742702961,0.389111995697
Iteration,0,1191,497.131840944,0.389137983322
Iteration,0,1192,497.520828009,0.388987064362
Iteration,0,1193,497.909404039,0.388576030731
Iteration,0,1194,498.298074961,0.388670921326
Iteration,0,1195,498.687005043,0.388930082321
Iteration,0,1196,499.075505972,0.388500928879
Iteration,0,1197,499.46407795,0.388571977615
Iteration,0,1198,499.871428013,0.407350063324
Iteration,0,1199,500.709045887,0.837617874146
Iteration,0,1200,501.105087042,0.396041154861
Iteration,0,1201,501.494703054,0.389616012573
Iteration,0,1202,501.883236885,0.388533830643
Iteration,0,1203,502.271275997,0.388039112091
Iteration,0,1204,502.659369946,0.388093948364
Iteration,0,1205,503.047632933,0.388262987137
Iteration,0,1206,503.435810089,0.388177156448
Iteration,0,1207,503.823926926,0.388116836548
Iteration,0,1208,504.212100983,0.388174057007
Iteration,0,1209,504.601521015,0.389420032501
Iteration,0,1210,504.989752054,0.388231039047
Iteration,0,1211,505.377851963,0.388099908829
Iteration,0,1212,505.766100883,0.388248920441
Iteration,0,1213,506.154320955,0.388220071793
Iteration,0,1214,506.543200016,0.388879060745
Iteration,0,1215,506.931168079,0.387968063354
Iteration,0,1216,507.319001913,0.387833833694
Iteration,0,1217,507.715560913,0.396559000015
Iteration,0,1218,508.223344088,0.507783174515
Iteration,0,1219,509.476010084,1.25266599655
Iteration,0,1220,509.940715075,0.464704990387
Iteration,0,1221,510.366602898,0.425887823105
Iteration,0,1222,510.765234947,0.398632049561
Iteration,0,1223,511.166579008,0.401344060898
Iteration,0,1224,511.566876888,0.400297880173
Iteration,0,1225,511.968041897,0.401165008545
Iteration,0,1226,512.369620085,0.401578187943
Iteration,0,1227,512.75819087,0.388570785522
Iteration,0,1228,513.146460056,0.38826918602
Iteration,0,1229,513.536218882,0.389758825302
Iteration,0,1230,513.925425053,0.389206171036
Iteration,0,1231,514.314078093,0.388653039932
Iteration,0,1232,514.703058004,0.388979911804
Iteration,0,1233,515.091440916,0.388382911682
Iteration,0,1234,515.479294062,0.387853145599
Iteration,0,1235,515.86795187,0.388657808304
Iteration,0,1236,516.256692886,0.388741016388
Iteration,0,1237,516.647171021,0.390478134155
Iteration,0,1238,517.036211967,0.38904094696
Iteration,0,1239,517.840379953,0.804167985916
Iteration,0,1240,518.234247923,0.393867969513
Iteration,0,1241,518.625432014,0.391184091568
Iteration,0,1242,519.014229059,0.388797044754
Iteration,0,1243,519.402697086,0.388468027115
Iteration,0,1244,519.800939083,0.398241996765
Iteration,0,1245,520.364459038,0.563519954681
Iteration,0,1246,520.836734056,0.472275018692
Iteration,0,1247,521.228657007,0.391922950745
Iteration,0,1248,521.617543936,0.388886928558
Iteration,0,1249,522.006157875,0.388613939285
Iteration,0,1250,522.393949032,0.387791156769
Iteration,0,1251,522.791382074,0.397433042526
Iteration,0,1252,523.191912889,0.400530815125
Iteration,0,1253,523.593358994,0.40144610405
Iteration,0,1254,523.995720863,0.402361869812
Iteration,0,1255,524.397218943,0.4014980793
Iteration,0,1256,524.785762072,0.388543128967
Iteration,0,1257,525.173721075,0.387959003448
Iteration,0,1258,525.561577082,0.387856006622
Iteration,0,1259,526.36866188,0.807084798813
Iteration,0,1260,526.760510921,0.391849040985
Iteration,0,1261,527.149518013,0.389007091522
Iteration,0,1262,527.538224936,0.388706922531
Iteration,0,1263,527.925899029,0.387674093246
Iteration,0,1264,528.31477499,0.388875961304
Iteration,0,1265,528.704822063,0.390047073364
Iteration,0,1266,529.094024897,0.389202833176
Iteration,0,1267,529.483119011,0.389094114304
Iteration,0,1268,529.871795893,0.38867688179
Iteration,0,1269,530.270319939,0.398524045944
Iteration,0,1270,530.677876949,0.407557010651
Iteration,0,1271,531.139689922,0.461812973022
Iteration,0,1272,531.601664066,0.461974143982
Iteration,0,1273,532.064177036,0.462512969971
Iteration,0,1274,532.525975943,0.461798906326
Iteration,0,1275,532.987971067,0.461995124817
Iteration,0,1276,533.449687958,0.461716890335
Iteration,0,1277,533.911362886,0.461674928665
Iteration,0,1278,534.337140083,0.425777196884
Iteration,0,1279,535.215488911,0.878348827362
Iteration,0,1280,535.621867895,0.406378984451
Iteration,0,1281,536.025995016,0.404127120972
Iteration,0,1282,536.42970109,0.403706073761
Iteration,0,1283,536.817754984,0.388053894043
Iteration,0,1284,537.20559001,0.387835025787
Iteration,0,1285,537.593116045,0.387526035309
Iteration,0,1286,537.993015051,0.39989900589
Iteration,0,1287,538.393200874,0.400185823441
Iteration,0,1288,538.79330802,0.400107145309
Iteration,0,1289,539.193719864,0.400411844254
Iteration,0,1290,539.581147909,0.387428045273
Iteration,0,1291,539.968657017,0.38750910759
Iteration,0,1292,540.356045008,0.387387990952
Iteration,0,1293,540.745069027,0.389024019241
Iteration,0,1294,541.133023024,0.387953996658
Iteration,0,1295,541.520519972,0.387496948242
Iteration,0,1296,541.907902002,0.387382030487
Iteration,0,1297,542.295840979,0.387938976288
Iteration,0,1298,542.684968948,0.389127969742
Iteration,0,1299,543.49052906,0.805560112
Iteration,0,1300,543.895365953,0.404836893082
Iteration,0,1301,544.297256947,0.401890993118
Iteration,0,1302,544.759860039,0.462603092194
Iteration,0,1303,545.222877979,0.463017940521
Iteration,0,1304,545.685189962,0.462311983109
Iteration,0,1305,546.143238068,0.45804810524
Iteration,0,1306,546.531487942,0.388249874115
Iteration,0,1307,546.92006588,0.38857793808
Iteration,0,1308,547.30813098,0.388065099716
Iteration,0,1309,547.696000099,0.387869119644
Iteration,0,1310,548.088546991,0.392546892166
Iteration,0,1311,548.47904706,0.390500068665
Iteration,0,1312,548.867136955,0.388089895248
Iteration,0,1313,549.255672932,0.38853597641
Iteration,0,1314,549.643743992,0.388071060181
Iteration,0,1315,550.032211065,0.388467073441
Iteration,0,1316,550.420446873,0.388235807419
Iteration,0,1317,550.808764935,0.388318061829
Iteration,0,1318,551.19699502,0.388230085373
Iteration,0,1319,552.025173903,0.828178882599
Iteration,0,1320,552.416087866,0.390913963318
Iteration,0,1321,552.8053689,0.38928103447
Iteration,0,1322,553.194472075,0.38910317421
Iteration,0,1323,553.583474874,0.389002799988
Iteration,0,1324,553.972403049,0.388928174973
Iteration,0,1325,554.361516953,0.389113903046
Iteration,0,1326,554.750794888,0.389277935028
Iteration,0,1327,555.140054941,0.389260053635
Iteration,0,1328,555.528982878,0.388927936554
Iteration,0,1329,555.91822505,0.389242172241
Iteration,0,1330,556.307256937,0.389031887054
Iteration,0,1331,556.696606874,0.389349937439
