Iteration,0,1,1.6768989563,0.137988805771
Iteration,2,1,1.65528488159,0.155395030975
Iteration,1,1,1.64947605133,0.155403137207
Iteration,3,1,1.64782714844,0.155402183533
Iteration,2,2,1.78706598282,0.131781101227
Iteration,3,2,1.77960515022,0.131778001785
Iteration,1,2,1.78125500679,0.13177895546
Iteration,0,2,1.80868601799,0.131787061691
Iteration,1,3,1.91488385201,0.133628845215
Iteration,2,3,1.92069792747,0.133631944656
Iteration,3,3,1.91323494911,0.133629798889
Iteration,0,3,1.94232797623,0.133641958237
Iteration,3,4,2.04475498199,0.131520032883
Iteration,1,4,2.04640388489,0.131520032883
Iteration,2,4,2.05221605301,0.131518125534
Iteration,0,4,2.07383608818,0.131508111954
Iteration,2,5,2.18384289742,0.131626844406
Iteration,3,5,2.17638206482,0.131627082825
Iteration,1,5,2.17803096771,0.131627082825
Iteration,0,5,2.20546197891,0.131625890732
Iteration,1,6,2.30970597267,0.131675004959
Iteration,2,6,2.31552004814,0.131677150726
Iteration,3,6,2.30805706978,0.131675004959
Iteration,0,6,2.33714103699,0.131679058075
Iteration,3,7,2.4396469593,0.131589889526
Iteration,1,7,2.4412958622,0.131589889526
Iteration,2,7,2.44710803032,0.131587982178
Iteration,0,7,2.46872806549,0.131587028503
Iteration,2,8,2.58080101013,0.133692979813
Iteration,3,8,2.57336211205,0.13371515274
Iteration,1,8,2.57501101494,0.13371515274
Iteration,0,8,2.60242009163,0.133692026138
Iteration,1,9,2.70743894577,0.132427930832
Iteration,2,9,2.71327090263,0.132469892502
Iteration,3,9,2.70579099655,0.132428884506
Iteration,0,9,2.8755030632,0.273082971573
Iteration,3,10,2.9937980175,0.28800702095
Iteration,1,10,2.99544692039,0.288007974625
Iteration,2,10,3.00126290321,0.28799200058
Iteration,0,10,3.02289915085,0.147396087646
Iteration,2,11,3.13253188133,0.131268978119
Iteration,3,11,3.12507104874,0.131273031235
Iteration,1,11,3.12671995163,0.131273031235
Iteration,0,11,3.1541531086,0.131253957748
Iteration,1,12,3.25783801079,0.131118059158
Iteration,2,12,3.26364994049,0.131118059158
Iteration,3,12,3.25618910789,0.131118059158
Iteration,0,12,3.28526997566,0.131116867065
Iteration,3,13,3.3873360157,0.131146907806
Iteration,1,13,3.38898491859,0.131146907806
Iteration,2,13,3.39479804039,0.131148099899
Iteration,0,13,3.41641807556,0.131148099899
Iteration,2,14,3.526004076,0.131206035614
Iteration,3,14,3.51854205132,0.131206035614
Iteration,1,14,3.52019095421,0.131206035614
Iteration,0,14,3.54762411118,0.131206035614
Iteration,1,15,3.65123295784,0.131042003632
Iteration,2,15,3.65704488754,0.131040811539
Iteration,3,15,3.64958310127,0.131041049957
Iteration,0,15,3.67866492271,0.131040811539
Iteration,3,16,3.78065800667,0.131074905396
Iteration,1,16,3.78230690956,0.131073951721
Iteration,2,16,3.78811907768,0.13107419014
Iteration,0,16,3.80973911285,0.13107419014
Iteration,3,17,3.91410207748,0.133444070816
Iteration,1,17,3.9157500267,0.133443117142
Iteration,0,17,3.94318604469,0.133446931839
Iteration,2,17,3.92159891129,0.133479833603
Iteration,2,18,4.05274701118,0.131148099899
Iteration,1,18,4.04693484306,0.13118481636
Iteration,3,18,4.04528594017,0.131183862686
Iteration,0,18,4.07436800003,0.131181955338
Iteration,3,19,4.17642712593,0.13114118576
Iteration,2,19,4.18388795853,0.131140947342
Iteration,1,19,4.17807483673,0.131139993668
Iteration,0,19,4.31734704971,0.242979049683
Iteration,1,20,4.42478394508,0.246709108353
Iteration,3,20,4.42313504219,0.24670791626
Iteration,2,20,4.43060207367,0.246714115143
Iteration,0,20,4.45222115517,0.134874105453
Iteration,2,21,4.56627702713,0.135674953461
Iteration,0,21,4.58789801598,0.135676860809
Iteration,1,21,4.56049585342,0.13571190834
Iteration,3,21,4.55884695053,0.13571190834
Iteration,2,22,4.69807887077,0.131801843643
Iteration,3,22,4.6906170845,0.131770133972
Iteration,1,22,4.6922659874,0.131770133972
Iteration,0,22,4.71969914436,0.131801128387
Iteration,1,23,4.82415795326,0.131891965866
Iteration,2,23,4.82997107506,0.131892204285
Iteration,3,23,4.82250905037,0.131891965866
Iteration,0,23,4.85159111023,0.131891965866
Iteration,3,24,4.95413899422,0.131629943848
Iteration,1,24,4.95578789711,0.131629943848
Iteration,2,24,4.96159887314,0.13162779808
Iteration,0,24,4.9832201004,0.131628990173
Iteration,2,25,5.09321284294,0.131613969803
Iteration,3,25,5.08575201035,0.131613016129
Iteration,1,25,5.08740091324,0.131613016129
Iteration,0,25,5.11483407021,0.131613969803
Iteration,1,26,5.21872186661,0.131320953369
Iteration,2,26,5.22453403473,0.131321191788
Iteration,3,26,5.21707296371,0.131320953369
Iteration,0,26,5.24615502357,0.131320953369
Iteration,3,27,5.35049414635,0.133421182632
Iteration,1,27,5.35214185715,0.13341999054
Iteration,2,27,5.3579890728,0.133455038071
Iteration,0,27,5.37957811356,0.133423089981
Iteration,2,28,5.48914289474,0.131153821945
Iteration,3,28,5.48168110847,0.131186962128
Iteration,1,28,5.48333001137,0.131188154221
Iteration,0,28,5.51076292992,0.13118481636
Iteration,1,29,5.61663889885,0.133308887482
Iteration,2,29,5.62245202065,0.1333091259
Iteration,3,29,5.61498999596,0.133308887482
Iteration,0,29,5.75230813026,0.241545200348
Iteration,3,30,5.85833501816,0.243345022202
Iteration,1,30,5.85998392105,0.243345022202
Iteration,2,30,5.86579990387,0.243347883224
Iteration,0,30,5.88741803169,0.135109901428
Iteration,2,31,6.00031900406,0.134519100189
Iteration,3,31,5.99285697937,0.134521961212
Iteration,1,31,5.99450588226,0.134521961212
Iteration,0,31,6.02193903923,0.134521007538
Iteration,1,32,6.12924599648,0.134740114212
Iteration,2,32,6.13506197929,0.134742975235
Iteration,3,32,6.12759709358,0.134740114212
Iteration,0,32,6.15668201447,0.134742975235
Iteration,3,33,6.2623860836,0.134788990021
Iteration,1,33,6.2640349865,0.134788990021
Iteration,2,33,6.2698469162,0.134784936905
Iteration,0,33,6.29146814346,0.134786128998
Iteration,2,34,6.40469002724,0.134843111038
Iteration,3,34,6.39722800255,0.134841918945
Iteration,1,34,6.39887595177,0.134840965271
Iteration,0,34,6.42631006241,0.134841918945
Iteration,1,35,6.53378391266,0.134907960892
Iteration,2,35,6.53959989548,0.13490986824
Iteration,3,35,6.53213500977,0.134907007217
Iteration,0,35,6.56121993065,0.13490986824
Iteration,3,36,6.66713213921,0.13499712944
Iteration,1,36,6.6687810421,0.13499712944
Iteration,2,36,6.67459201813,0.13499212265
Iteration,0,36,6.6962120533,0.13499212265
Iteration,2,37,6.80948996544,0.134897947311
Iteration,3,37,6.80203008652,0.134897947311
Iteration,1,37,6.80367898941,0.134897947311
Iteration,0,37,6.83111095428,0.134898900986
Iteration,1,38,6.93946695328,0.135787963867
Iteration,2,38,6.94528007507,0.135790109634
Iteration,3,38,6.93781709671,0.135787010193
Iteration,0,38,6.96692204475,0.135811090469
Iteration,3,39,7.0748000145,0.136982917786
Iteration,1,39,7.07644891739,0.136981964111
Iteration,2,39,7.08228802681,0.137007951736
Iteration,0,39,7.21638703346,0.249464988708
Iteration,2,40,7.33025884628,0.247970819473
Iteration,3,40,7.32279515266,0.247995138168
Iteration,1,40,7.32444405556,0.247995138168
Iteration,0,40,7.35187697411,0.135489940643
Iteration,1,41,7.45926403999,0.134819984436
Iteration,2,41,7.46507501602,0.134816169739
Iteration,3,41,7.4576151371,0.134819984436
Iteration,0,41,7.48669600487,0.134819030762
Iteration,3,42,7.59218597412,0.134570837021
Iteration,1,42,7.59383392334,0.134569883347
Iteration,2,42,7.59964990616,0.134574890137
Iteration,0,42,7.62126994133,0.134573936462
Iteration,2,43,7.73403286934,0.134382963181
Iteration,3,43,7.72657203674,0.134386062622
Iteration,1,43,7.72822093964,0.134387016296
Iteration,0,43,7.7556540966,0.134384155273
Iteration,1,44,7.86267185211,0.134450912476
Iteration,2,44,7.86848306656,0.13445019722
Iteration,3,44,7.86102294922,0.134450912476
Iteration,0,44,7.8901040554,0.134449958801
Iteration,3,45,7.99509000778,0.134067058563
Iteration,1,45,7.99673891068,0.134067058563
Iteration,2,45,8.00255203247,0.134068965912
Iteration,0,45,8.02417206764,0.134068012238
Iteration,2,46,8.1364569664,0.133904933929
Iteration,3,46,8.12899494171,0.133904933929
Iteration,1,46,8.1306438446,0.133904933929
Iteration,0,46,8.15807700157,0.133904933929
Iteration,1,47,8.26456689835,0.133923053741
Iteration,2,47,8.27038002014,0.133923053741
Iteration,3,47,8.26291799545,0.133923053741
Iteration,0,47,8.29200005531,0.133923053741
Iteration,3,48,8.39678001404,0.133862018585
Iteration,1,48,8.39842891693,0.133862018585
Iteration,2,48,8.40424084663,0.133860826492
Iteration,0,48,8.42586112022,0.133861064911
Iteration,2,49,8.54401087761,0.139770030975
Iteration,3,49,8.53657102585,0.13979101181
Iteration,1,49,8.53821897507,0.139790058136
Iteration,0,49,8.67898797989,0.253126859665
Iteration,1,50,8.78680205345,0.248583078384
Iteration,2,50,8.7926158905,0.248605012894
Iteration,3,50,8.78515315056,0.24858212471
Iteration,0,50,8.814234972,0.135246992111
Iteration,3,51,8.91987800598,0.134724855423
Iteration,1,51,8.92152690887,0.134724855423
Iteration,2,51,8.92734003067,0.134724140167
Iteration,0,51,8.94896101952,0.134726047516
Iteration,2,52,9.06207704544,0.134737014771
Iteration,3,52,9.05461597443,0.134737968445
Iteration,1,52,9.05626487732,0.134737968445
Iteration,0,52,9.08369803429,0.134737014771
Iteration,1,53,9.19166183472,0.135396957397
Iteration,2,53,9.19751000404,0.135432958603
Iteration,3,53,9.19001293182,0.135396957397
Iteration,0,53,9.21909809113,0.135400056839
Iteration,3,54,9.32126402855,0.131251096725
Iteration,1,54,9.32291293144,0.131251096725
Iteration,2,54,9.32872486115,0.131214857101
Iteration,0,54,9.35034608841,0.131247997284
Iteration,2,55,9.45977807045,0.131053209305
Iteration,3,55,9.45231509209,0.131051063538
Iteration,1,55,9.45396399498,0.131051063538
Iteration,0,55,9.48139810562,0.131052017212
Iteration,1,56,9.58517599106,0.131211996078
Iteration,2,56,9.59098792076,0.131209850311
Iteration,3,56,9.58352708817,0.131211996078
Iteration,0,56,9.61260914803,0.131211042404
Iteration,3,57,9.71475195885,0.131224870682
Iteration,1,57,9.71640086174,0.131224870682
Iteration,2,57,9.72221493721,0.131227016449
Iteration,0,57,9.74383497238,0.131225824356
Iteration,2,58,9.85331988335,0.131104946136
Iteration,3,58,9.8458571434,0.131105184555
Iteration,1,58,9.8475060463,0.131105184555
Iteration,0,58,9.87494015694,0.131105184555
Iteration,1,59,9.97873687744,0.131230831146
Iteration,2,59,9.98454999924,0.131230115891
Iteration,3,59,9.97708892822,0.131231784821
Iteration,0,59,10.1152131557,0.24027299881
Iteration,3,60,10.2199950218,0.242906093597
Iteration,1,60,10.2216439247,0.242907047272
Iteration,2,60,10.2274599075,0.242909908295
Iteration,0,60,10.2490780354,0.133864879608
Iteration,2,61,10.3590350151,0.131575107574
Iteration,3,61,10.3515729904,0.131577968597
Iteration,1,61,10.3532218933,0.131577968597
Iteration,0,61,10.380656004,0.131577968597
Iteration,1,62,10.4848999977,0.131678104401
Iteration,2,62,10.4907140732,0.131679058075
Iteration,3,62,10.4832510948,0.131678104401
Iteration,0,62,10.5123341084,0.131678104401
Iteration,3,63,10.6148080826,0.131556987762
Iteration,1,63,10.6164579391,0.131557941437
Iteration,2,63,10.6222698689,0.13155579567
Iteration,0,63,10.6438910961,0.131556987762
Iteration,2,64,10.753759861,0.131489992142
Iteration,3,64,10.7462980747,0.131489992142
Iteration,1,64,10.7479469776,0.131489038467
Iteration,0,64,10.7753810883,0.131489992142
Iteration,1,65,10.8796000481,0.13165307045
Iteration,2,65,10.8854119778,0.131652116776
Iteration,3,65,10.8779499531,0.131651878357
Iteration,0,65,10.9070329666,0.131651878357
Iteration,3,66,11.0095980167,0.13164806366
Iteration,1,66,11.0112469196,0.131646871567
Iteration,2,66,11.0170600414,0.13164806366
Iteration,0,66,11.0386810303,0.13164806366
Iteration,2,67,11.148761034,0.131700992584
Iteration,3,67,11.141299963,0.131701946259
Iteration,1,67,11.1429479122,0.131700992584
Iteration,0,67,11.1703820229,0.131700992584
Iteration,1,68,11.2744438648,0.131495952606
Iteration,2,68,11.2802579403,0.131496906281
Iteration,3,68,11.2727949619,0.131494998932
Iteration,0,68,11.3018789291,0.131496906281
Iteration,3,69,11.4043049812,0.131510019302
Iteration,1,69,11.4059538841,0.131510019302
Iteration,2,69,11.4117660522,0.131508111954
Iteration,0,69,11.5417690277,0.239890098572
Iteration,3,70,11.6486999989,0.244395017624
Iteration,1,70,11.6503489017,0.244395017624
Iteration,0,70,11.6777870655,0.136018037796
Iteration,2,70,11.6561989784,0.244432926178
Iteration,2,71,11.788091898,0.13189291954
Iteration,1,71,11.7822790146,0.131930112839
Iteration,3,71,11.7806301117,0.131930112839
Iteration,0,71,11.8097131252,0.131926059723
Iteration,3,72,11.9147801399,0.134150028229
Iteration,2,72,11.9222428799,0.134150981903
Iteration,1,72,11.9164290428,0.134150028229
Iteration,0,72,11.9438869953,0.134173870087
Iteration,1,73,12.0483989716,0.131969928741
Iteration,3,73,12.0467510223,0.131970882416
Iteration,2,73,12.0542118549,0.131968975067
Iteration,0,73,12.0758330822,0.131946086884
Iteration,2,74,12.1860370636,0.131825208664
Iteration,1,74,12.1802248955,0.13182592392
Iteration,3,74,12.1785750389,0.131824016571
Iteration,0,74,12.2076570988,0.131824016571
Iteration,3,75,12.3103830814,0.131808042526
Iteration,2,75,12.317843914,0.131806850433
Iteration,1,75,12.3120319843,0.131807088852
Iteration,0,75,12.3394639492,0.131806850433
Iteration,1,76,12.4438529015,0.13182091713
Iteration,3,76,12.4422039986,0.13182091713
Iteration,2,76,12.4496650696,0.131821155548
Iteration,0,76,12.4712860584,0.131822109222
Iteration,2,77,12.5814578533,0.131792783737
Iteration,1,77,12.5756449699,0.131792068481
Iteration,3,77,12.573996067,0.131792068481
Iteration,0,77,12.6030781269,0.131792068481
Iteration,3,78,12.7058260441,0.131829977036
Iteration,2,78,12.7132880688,0.131830215454
Iteration,1,78,12.707474947,0.131829977036
Iteration,0,78,12.7349090576,0.13183093071
Iteration,1,79,12.8391718864,0.131696939468
Iteration,3,79,12.8375229836,0.131696939468
Iteration,2,79,12.8449850082,0.131696939468
Iteration,0,79,12.9791181087,0.244209051132
Iteration,2,80,13.0913200378,0.246335029602
Iteration,1,80,13.085504055,0.246332168579
Iteration,3,80,13.0838551521,0.246332168579
Iteration,0,80,13.1129391193,0.13382101059
Iteration,3,81,13.2153830528,0.131527900696
Iteration,2,81,13.2228450775,0.131525039673
Iteration,1,81,13.2170319557,0.131527900696
Iteration,0,81,13.2444660664,0.131526947021
Iteration,1,82,13.3482029438,0.131170988083
Iteration,3,82,13.3465540409,0.131170988083
Iteration,2,82,13.3540148735,0.13116979599
Iteration,0,82,13.3756351471,0.131169080734
Iteration,2,83,13.4852130413,0.131198167801
Iteration,1,83,13.4794008732,0.131197929382
Iteration,3,83,13.4777519703,0.131197929382
Iteration,0,83,13.5068330765,0.131197929382
Iteration,3,84,13.6088371277,0.131085157394
Iteration,2,84,13.6162998676,0.131086826324
Iteration,1,84,13.6104860306,0.131085157394
Iteration,0,84,13.6379201412,0.131087064743
Iteration,1,85,13.7416410446,0.131155014038
Iteration,3,85,13.7399909496,0.131153821945
Iteration,2,85,13.7474529743,0.131153106689
Iteration,0,85,13.7690739632,0.131153821945
Iteration,2,86,13.8789310455,0.131478071213
Iteration,1,86,13.8731169701,0.131475925446
Iteration,3,86,13.8714680672,0.131477117538
Iteration,0,86,13.9005560875,0.131482124329
Iteration,3,87,14.0025479794,0.131079912186
Iteration,2,87,14.010010004,0.131078958511
Iteration,1,87,14.0041968822,0.131079912186
Iteration,0,87,14.0316300392,0.131073951721
Iteration,1,88,14.13539505,0.131198167801
Iteration,3,88,14.1337449551,0.131196975708
Iteration,2,88,14.1412069798,0.131196975708
Iteration,0,88,14.1628270149,0.131196975708
Iteration,2,89,14.2723369598,0.131129980087
Iteration,1,89,14.2665228844,0.13112783432
Iteration,3,89,14.2648739815,0.131129026413
Iteration,0,89,14.4023430347,0.239516019821
Iteration,3,90,14.5069980621,0.242124080658
Iteration,2,90,14.5144629478,0.242125988007
Iteration,1,90,14.508646965,0.242124080658
Iteration,0,90,14.5360810757,0.133738040924
Iteration,1,91,14.6424968243,0.133849859238
Iteration,3,91,14.6408479214,0.133849859238
Iteration,2,91,14.6483459473,0.13388299942
Iteration,0,91,14.6699330807,0.133852005005
Iteration,2,92,14.7799420357,0.131596088409
Iteration,1,92,14.7741308212,0.131633996964
Iteration,3,92,14.7724819183,0.131633996964
Iteration,0,92,14.8015620708,0.131628990173
Iteration,3,93,14.9040949345,0.131613016129
Iteration,2,93,14.9115588665,0.131616830826
Iteration,1,93,14.9057450294,0.131614208221
Iteration,0,93,14.9331791401,0.131617069244
Iteration,1,94,15.0374288559,0.131683826447
Iteration,3,94,15.035779953,0.131685018539
Iteration,2,94,15.0432419777,0.131683111191
Iteration,0,94,15.0648620129,0.131682872772
Iteration,2,95,15.1750090122,0.131767034531
Iteration,1,95,15.1691968441,0.131767988205
Iteration,3,95,15.1675491333,0.131769180298
Iteration,0,95,15.1966290474,0.131767034531
Iteration,3,96,15.2992320061,0.131682872772
Iteration,2,96,15.3066930771,0.131684064865
Iteration,1,96,15.300880909,0.131684064865
Iteration,0,96,15.3283150196,0.131685972214
Iteration,1,97,15.432487011,0.13160610199
Iteration,3,97,15.4308381081,0.13160610199
Iteration,2,97,15.4382989407,0.131605863571
Iteration,0,97,15.4599189758,0.131603956223
Iteration,2,98,15.5699379444,0.131639003754
Iteration,1,98,15.5641248226,0.131637811661
Iteration,3,98,15.5624759197,0.131637811661
Iteration,0,98,15.5915589333,0.131639957428
Iteration,3,99,15.6941030025,0.131627082825
Iteration,2,99,15.7015619278,0.131623983383
Iteration,1,99,15.6957519054,0.131627082825
Iteration,0,99,15.8323171139,0.240758180618
Iteration,1,100,15.9384298325,0.242677927017
Iteration,3,100,15.9367809296,0.242677927017
Iteration,2,100,15.9442470074,0.242685079575
Iteration,0,100,15.9658660889,0.133548974991
Iteration,2,101,16.0783989429,0.134151935577
Iteration,1,101,16.0725839138,0.134154081345
Iteration,3,101,16.0709340572,0.13415312767
Iteration,0,101,16.100055933,0.134189844131
Iteration,3,102,16.2027070522,0.131772994995
Iteration,2,102,16.2101690769,0.131770133972
Iteration,1,102,16.2043559551,0.131772041321
Iteration,0,102,16.2317900658,0.131734132767
Iteration,1,103,16.336122036,0.131766080856
Iteration,3,103,16.3344731331,0.131766080856
Iteration,2,103,16.3419320583,0.131762981415
Iteration,0,103,16.3635520935,0.13176202774
Iteration,2,104,16.4736258984,0.131693840027
Iteration,1,104,16.4678139687,0.131691932678
Iteration,3,104,16.4661641121,0.131690979004
Iteration,0,104,16.4952459335,0.131693840027
Iteration,2,105,16.609320879,0.135694980621
Iteration,0,105,16.6309421062,0.135696172714
Iteration,3,105,16.6018910408,0.135726928711
Iteration,1,105,16.6035380363,0.135724067688
Iteration,1,106,16.7353489399,0.131810903549
Iteration,2,106,16.7411620617,0.131841182709
Iteration,3,106,16.733700037,0.131808996201
Iteration,0,106,16.7627811432,0.131839036942
Iteration,3,107,16.8653841019,0.131684064865
Iteration,1,107,16.8670339584,0.131685018539
Iteration,2,107,16.8728468418,0.131684780121
Iteration,0,107,16.8944680691,0.131686925888
Iteration,2,108,17.0045979023,0.131751060486
Iteration,3,108,16.997136116,0.13175201416
Iteration,1,108,16.9987850189,0.131751060486
Iteration,0,108,17.0262191296,0.131751060486
Iteration,1,109,17.1304039955,0.131618976593
Iteration,2,109,17.1362118721,0.131613969803
Iteration,3,109,17.1287550926,0.131618976593
Iteration,0,109,17.2695059776,0.243286848068
Iteration,3,110,17.374270916,0.245515823364
Iteration,1,110,17.3759198189,0.245515823364
Iteration,2,110,17.3817369938,0.245525121689
Iteration,0,110,17.4033551216,0.133849143982
Iteration,2,111,17.5134170055,0.131680011749
Iteration,3,111,17.5059549809,0.131684064865
Iteration,1,111,17.5076048374,0.131685018539
Iteration,0,111,17.5350379944,0.131682872772
Iteration,1,112,17.6392438412,0.131639003754
Iteration,2,112,17.6450560093,0.131639003754
Iteration,3,112,17.6375949383,0.131639957428
Iteration,0,112,17.6666769981,0.131639003754
Iteration,3,113,17.7692940235,0.131699085236
Iteration,1,113,17.7709429264,0.131699085236
Iteration,2,113,17.7767548561,0.131698846817
Iteration,0,113,17.7983760834,0.131699085236
Iteration,2,114,17.9085199833,0.131765127182
Iteration,3,114,17.9010601044,0.131766080856
Iteration,1,114,17.9027090073,0.131766080856
Iteration,0,114,17.9301419258,0.131765842438
Iteration,1,115,18.0342829227,0.131573915482
Iteration,2,115,18.0400960445,0.131576061249
Iteration,3,115,18.0326330662,0.131572961807
Iteration,0,115,18.0617160797,0.1315741539
Iteration,3,116,18.1666040421,0.133970975876
Iteration,1,116,18.1682538986,0.133970975876
Iteration,2,116,18.1740999222,0.13400387764
Iteration,0,116,18.1956889629,0.133972883224
Iteration,2,117,18.3058199883,0.131720066071
Iteration,3,117,18.2983589172,0.131754875183
Iteration,1,117,18.3000078201,0.131753921509
Iteration,0,117,18.3274400234,0.131751060486
Iteration,1,118,18.4319288731,0.131921052933
Iteration,2,118,18.4377419949,0.131922006607
Iteration,3,118,18.4302799702,0.131921052933
Iteration,0,118,18.4593670368,0.131927013397
Iteration,3,119,18.56199193,0.131711959839
Iteration,1,119,18.563642025,0.131713151932
Iteration,2,119,18.5694549084,0.131712913513
Iteration,0,119,18.7007501125,0.241383075714
Iteration,2,120,18.812912941,0.243458032608
Iteration,3,120,18.8054480553,0.243456125259
Iteration,1,120,18.8070969582,0.243454933167
Iteration,0,120,18.8345320225,0.133781909943
Iteration,1,121,18.938740015,0.13164305687
Iteration,2,121,18.9445509911,0.131638050079
Iteration,3,121,18.9370911121,0.13164305687
Iteration,0,121,18.9661719799,0.131639957428
Iteration,3,122,19.0686590672,0.131567955017
Iteration,1,122,19.07030797,0.131567955017
Iteration,2,122,19.0761208534,0.131569862366
Iteration,0,122,19.0977420807,0.131570100784
Iteration,2,123,19.207474947,0.131354093552
Iteration,3,123,19.2000129223,0.131353855133
Iteration,1,123,19.2016630173,0.131355047226
Iteration,0,123,19.2290949821,0.131352901459
Iteration,1,124,19.3330318928,0.131368875504
Iteration,2,124,19.3388450146,0.131370067596
Iteration,3,124,19.3313829899,0.131370067596
Iteration,0,124,19.3604660034,0.131371021271
Iteration,3,125,19.4626309872,0.131247997284
Iteration,1,125,19.4642808437,0.131248950958
Iteration,2,125,19.4700930119,0.131247997284
Iteration,0,125,19.4917140007,0.131247997284
Iteration,2,126,19.6014070511,0.13131403923
Iteration,3,126,19.5939450264,0.13131403923
Iteration,1,126,19.595594883,0.13131403923
Iteration,0,126,19.6230270863,0.131313085556
Iteration,1,127,19.7269189358,0.131324052811
Iteration,2,127,19.7327320576,0.131325006485
Iteration,3,127,19.7252700329,0.131325006485
Iteration,0,127,19.7543530464,0.131325960159
Iteration,3,128,19.856495142,0.1312251091
Iteration,1,128,19.8581440449,0.1312251091
Iteration,2,128,19.8639569283,0.131224870682
Iteration,0,128,19.8855781555,0.1312251091
Iteration,2,129,19.9953348637,0.13137793541
Iteration,3,129,19.9878730774,0.13137793541
Iteration,1,129,19.9895219803,0.13137793541
Iteration,0,129,20.1248321533,0.239253997803
Iteration,1,130,20.2312648296,0.24174284935
Iteration,2,130,20.2370798588,0.241744995117
Iteration,3,130,20.2296159267,0.24174284935
Iteration,0,130,20.2586979866,0.133865833282
Iteration,3,131,20.3612890244,0.13167309761
Iteration,1,131,20.3629388809,0.131674051285
Iteration,2,131,20.368751049,0.131671190262
Iteration,0,131,20.3903720379,0.131674051285
Iteration,2,132,20.5003759861,0.131624937057
Iteration,3,132,20.4929161072,0.131627082825
Iteration,1,132,20.494563818,0.131624937057
Iteration,0,132,20.5219960213,0.131623983383
Iteration,1,133,20.6263618469,0.131798028946
Iteration,2,133,20.632174015,0.131798028946
Iteration,3,133,20.624712944,0.131796836853
Iteration,0,133,20.6537950039,0.13179898262
Iteration,3,134,20.7562921047,0.13157916069
Iteration,1,134,20.7579410076,0.13157916069
Iteration,2,134,20.76375103,0.131577014923
Iteration,0,134,20.7853710651,0.131576061249
Iteration,2,135,20.895387888,0.131636857986
Iteration,3,135,20.887928009,0.131635904312
Iteration,1,135,20.8895778656,0.131636857986
Iteration,0,135,20.9170091152,0.131638050079
Iteration,1,136,21.0214748383,0.131896972656
Iteration,2,136,21.0272860527,0.131898164749
Iteration,3,136,21.0198249817,0.131896972656
Iteration,0,136,21.0489070415,0.131897926331
Iteration,3,137,21.153881073,0.134056091309
Iteration,1,137,21.1555309296,0.134056091309
Iteration,2,137,21.1613459587,0.134059906006
Iteration,0,137,21.1830000877,0.134093046188
Iteration,2,138,21.2925639153,0.131217956543
Iteration,3,138,21.2851009369,0.131219863892
Iteration,1,138,21.2867498398,0.131218910217
Iteration,0,138,21.3141839504,0.131183862686
Iteration,1,139,21.4178659916,0.13111615181
Iteration,2,139,21.423678875,0.131114959717
Iteration,3,139,21.416216135,0.131115198135
Iteration,0,139,21.5581769943,0.2439930439
Iteration,3,140,21.6628289223,0.246612787247
Iteration,1,140,21.6644778252,0.246611833572
Iteration,2,140,21.6702940464,0.246615171432
Iteration,0,140,21.6919119358,0.133734941483
Iteration,2,141,21.8019530773,0.131659030914
Iteration,3,141,21.7944941521,0.131665229797
Iteration,1,141,21.796143055,0.131665229797
Iteration,0,141,21.8235740662,0.131662130356
Iteration,1,142,21.9278948307,0.131751775742
Iteration,2,142,21.9337079525,0.131754875183
Iteration,3,142,21.9262459278,0.131751775742
Iteration,0,142,21.9553279877,0.131753921509
Iteration,3,143,22.0579259396,0.131680011749
Iteration,1,143,22.0595748425,0.131680011749
Iteration,2,143,22.0653889179,0.131680965424
Iteration,0,143,22.0870101452,0.131682157516
Iteration,2,144,22.1970498562,0.131660938263
Iteration,3,144,22.1895890236,0.13166308403
Iteration,1,144,22.1912379265,0.13166308403
Iteration,0,144,22.2186701298,0.131659984589
Iteration,1,145,22.3228440285,0.13160610199
Iteration,2,145,22.3286569118,0.131607055664
Iteration,3,145,22.3211951256,0.13160610199
Iteration,0,145,22.3502781391,0.131608009338
Iteration,3,146,22.4526541233,0.131458997726
Iteration,1,146,22.4543030262,0.131458997726
Iteration,2,146,22.4601149559,0.131458044052
Iteration,0,146,22.4817371368,0.131458997726
Iteration,3,147,22.5864980221,0.133843898773
Iteration,1,147,22.588146925,0.133843898773
Iteration,0,147,22.6155819893,0.133844852448
Iteration,2,147,22.5939948559,0.133879899979
Iteration,2,148,22.7256090641,0.131614208221
Iteration,1,148,22.719796896,0.131649971008
Iteration,3,148,22.7181479931,0.131649971008
Iteration,0,148,22.7472300529,0.13164806366
Iteration,3,149,22.8498101234,0.131662130356
Iteration,2,149,22.8572700024,0.131660938263
Iteration,1,149,22.8514590263,0.131662130356
Iteration,0,149,22.9869160652,0.239686012268
Iteration,1,150,23.0933179855,0.241858959198
Iteration,3,150,23.0916700363,0.241859912872
Iteration,2,150,23.0991358757,0.241865873337
Iteration,0,150,23.1207540035,0.133837938309
Iteration,2,151,23.2307908535,0.131654977798
Iteration,1,151,23.2249789238,0.131660938263
Iteration,3,151,23.2233300209,0.131659984589
Iteration,0,151,23.2524120808,0.13165807724
Iteration,3,152,23.3552119732,0.131881952286
Iteration,2,152,23.3626730442,0.131882190704
Iteration,1,152,23.3568608761,0.131881952286
Iteration,0,152,23.3842940331,0.131881952286
Iteration,1,153,23.4884898663,0.131628990173
Iteration,3,153,23.4868409634,0.131628990173
Iteration,2,153,23.4943020344,0.131628990173
Iteration,0,153,23.5159230232,0.131628990173
Iteration,2,154,23.6258749962,0.131572961807
Iteration,1,154,23.6200628281,0.131572961807
Iteration,3,154,23.6184139252,0.131572961807
Iteration,0,154,23.647495985,0.131572961807
Iteration,3,155,23.7501020432,0.131688117981
Iteration,2,155,23.7575628757,0.131687879562
Iteration,1,155,23.751750946,0.131688117981
Iteration,0,155,23.779184103,0.131688117981
Iteration,1,156,23.8838000298,0.13204908371
Iteration,3,156,23.8821511269,0.13204908371
Iteration,2,156,23.8896119595,0.13204908371
Iteration,0,156,23.9112410545,0.132056951523
Iteration,2,157,24.021271944,0.131659984589
Iteration,1,157,24.0154588223,0.131658792496
Iteration,3,157,24.0138099194,0.131658792496
Iteration,0,157,24.0428929329,0.131651878357
Iteration,3,158,24.1455769539,0.131767034531
Iteration,2,158,24.1530389786,0.131767034531
Iteration,1,158,24.1472258568,0.131767034531
Iteration,0,158,24.1746599674,0.131767034531
Iteration,1,159,24.2788519859,0.13162612915
Iteration,3,159,24.277203083,0.13162612915
Iteration,2,159,24.2846639156,0.131624937057
Iteration,0,159,24.415941,0.241281032562
Iteration,2,160,24.5280439854,0.243380069733
Iteration,1,160,24.5222289562,0.243376970291
Iteration,3,160,24.5205800533,0.243376970291
Iteration,0,160,24.5496630669,0.133722066879
Iteration,3,161,24.6522760391,0.131695985794
Iteration,2,161,24.6597380638,0.131694078445
Iteration,1,161,24.6539258957,0.131696939468
Iteration,0,161,24.6813590527,0.131695985794
Iteration,1,162,24.7855198383,0.131593942642
Iteration,3,162,24.7838709354,0.131594896317
Iteration,2,162,24.7913320065,0.131593942642
Iteration,0,162,24.8129529953,0.131593942642
Iteration,2,163,24.9230060577,0.131674051285
Iteration,1,163,24.9171929359,0.13167309761
Iteration,3,163,24.9155440331,0.13167309761
Iteration,0,163,24.9446280003,0.131675004959
Iteration,3,164,25.0472791195,0.131735086441
Iteration,2,164,25.0547409058,0.131734848022
Iteration,1,164,25.0489289761,0.131736040115
Iteration,0,164,25.076362133,0.131734132767
Iteration,1,165,25.1805269718,0.131597995758
Iteration,3,165,25.1788780689,0.131598949432
Iteration,2,165,25.1863389015,0.131597995758
Iteration,0,165,25.2079601288,0.131597995758
Iteration,2,166,25.3176040649,0.131265163422
Iteration,1,166,25.3117899895,0.131263017654
Iteration,3,166,25.3101420403,0.131263971329
Iteration,0,166,25.3392241001,0.131263971329
Iteration,3,167,25.4412989616,0.131156921387
Iteration,2,167,25.4487600327,0.131155967712
Iteration,1,167,25.4429488182,0.131158828735
Iteration,0,167,25.4703810215,0.131156921387
Iteration,1,168,25.5740950108,0.131146192551
Iteration,3,168,25.5724461079,0.131147146225
Iteration,2,168,25.5799078941,0.131147861481
Iteration,0,168,25.6015291214,0.131148099899
Iteration,2,169,25.7111020088,0.131194114685
Iteration,1,169,25.705288887,0.131193876266
Iteration,3,169,25.7036399841,0.131193876266
Iteration,0,169,25.8409991264,0.239470005035
Iteration,3,170,25.9458191395,0.24217915535
Iteration,2,170,25.9532818794,0.242179870605
Iteration,1,170,25.9474680424,0.24217915535
Iteration,0,170,25.9749009609,0.133901834488
Iteration,1,171,26.0791959763,0.131727933884
Iteration,3,171,26.0775470734,0.131727933884
Iteration,2,171,26.0850069523,0.131725072861
Iteration,0,171,26.1066291332,0.131728172302
Iteration,2,172,26.2167048454,0.131697893143
Iteration,1,172,26.2108919621,0.131695985794
Iteration,3,172,26.2092440128,0.131696939468
Iteration,0,172,26.2383260727,0.131696939468
Iteration,3,173,26.3409810066,0.13173699379
Iteration,2,173,26.3484430313,0.131738185883
Iteration,1,173,26.3426299095,0.131737947464
Iteration,0,173,26.3700640202,0.131737947464
Iteration,1,174,26.4743418694,0.131711959839
Iteration,3,174,26.4726939201,0.131712913513
Iteration,2,174,26.4801540375,0.131711006165
Iteration,0,174,26.5017750263,0.131711006165
Iteration,2,175,26.6120250225,0.131870985031
Iteration,1,175,26.6062128544,0.131870985031
Iteration,3,175,26.6045639515,0.131870031357
Iteration,0,175,26.633646965,0.131871938705
Iteration,3,176,26.7363541126,0.131790161133
Iteration,2,176,26.7438149452,0.131789922714
Iteration,1,176,26.7380039692,0.131791114807
Iteration,0,176,26.7654349804,0.131788015366
Iteration,1,177,26.8711638451,0.13315987587
Iteration,3,177,26.8695149422,0.133160829544
Iteration,2,177,26.8769779205,0.133162975311
Iteration,0,177,26.8985979557,0.133162975311
Iteration,2,178,27.0116739273,0.134696006775
Iteration,1,178,27.0058610439,0.134697198868
Iteration,3,178,27.0042130947,0.134698152542
Iteration,0,178,27.0332951546,0.134697198868
Iteration,3,179,27.1413390636,0.137125968933
Iteration,2,179,27.1488029957,0.137129068375
Iteration,1,179,27.1429879665,0.137126922607
Iteration,0,179,27.2852680683,0.251972913742
Iteration,1,180,27.393021822,0.250033855438
Iteration,3,180,27.3913729191,0.250033855438
Iteration,2,180,27.3988368511,0.250033855438
Iteration,0,180,27.4204559326,0.135187864304
Iteration,2,181,27.5337018967,0.134865045547
Iteration,1,181,27.5278890133,0.134867191315
Iteration,3,181,27.5262401104,0.134867191315
Iteration,0,181,27.5553240776,0.134868144989
Iteration,3,182,27.6633410454,0.137100934982
Iteration,2,182,27.6708378792,0.137135982513
Iteration,1,182,27.6649899483,0.137100934982
Iteration,0,182,27.6924271584,0.13710308075
Iteration,1,183,27.7997658253,0.134775876999
Iteration,3,183,27.7981181145,0.134777069092
Iteration,2,183,27.8055789471,0.134741067886
Iteration,0,183,27.8271999359,0.134772777557
Iteration,2,184,27.938117981,0.13253903389
Iteration,1,184,27.9323060513,0.132540225983
Iteration,3,184,27.9306571484,0.13253903389
Iteration,0,184,27.9597389698,0.13253903389
Iteration,3,185,28.0624871254,0.131829977036
Iteration,2,185,28.069947958,0.131829977036
Iteration,1,185,28.0641360283,0.131829977036
Iteration,0,185,28.0915670395,0.131828069687
Iteration,1,186,28.1958909035,0.131754875183
Iteration,3,186,28.1942420006,0.131754875183
Iteration,2,186,28.2017030716,0.131755113602
Iteration,0,186,28.2233231068,0.131756067276
Iteration,2,187,28.3335599899,0.131856918335
Iteration,1,187,28.3277468681,0.131855964661
Iteration,3,187,28.3260979652,0.131855964661
Iteration,0,187,28.3551800251,0.131856918335
Iteration,3,188,28.4578249454,0.131726980209
Iteration,2,188,28.4652860165,0.131726026535
Iteration,1,188,28.4594738483,0.131726980209
Iteration,0,188,28.4869070053,0.131726980209
Iteration,1,189,28.5912120342,0.131738185883
Iteration,3,189,28.5895619392,0.13173699379
Iteration,2,189,28.5970230103,0.13173699379
Iteration,0,189,28.7267780304,0.239871025085
Iteration,2,190,28.8388969898,0.241873979568
Iteration,1,190,28.8330819607,0.241869926453
Iteration,3,190,28.8314330578,0.241871118546
Iteration,0,190,28.8605160713,0.133738040924
Iteration,3,191,28.9630169868,0.131583929062
Iteration,2,191,28.9704799652,0.131582975388
Iteration,1,191,28.9646668434,0.131584882736
Iteration,0,191,28.9920990467,0.131582975388
Iteration,1,192,29.0964429379,0.131776094437
Iteration,3,192,29.0947930813,0.131776094437
Iteration,2,192,29.1022548676,0.131774902344
Iteration,0,192,29.1238751411,0.131776094437
Iteration,2,193,29.2335789204,0.131324052811
Iteration,1,193,29.2277679443,0.131325006485
Iteration,3,193,29.2261199951,0.131326913834
Iteration,0,193,29.2552001476,0.131325006485
Iteration,3,194,29.3572981358,0.13117814064
Iteration,2,194,29.3647580147,0.131179094315
Iteration,1,194,29.3589470387,0.131179094315
Iteration,0,194,29.3863790035,0.131178855896
Iteration,1,195,29.4900448322,0.131097793579
Iteration,3,195,29.4883959293,0.131097793579
Iteration,2,195,29.4958570004,0.131098985672
Iteration,0,195,29.5174760818,0.131097078323
Iteration,2,196,29.6270549297,0.131197929382
Iteration,1,196,29.6212420464,0.131197214127
Iteration,3,196,29.6195940971,0.131198167801
Iteration,0,196,29.6486749649,0.131198883057
Iteration,3,197,29.7507710457,0.131176948547
Iteration,2,197,29.7582318783,0.131176948547
Iteration,1,197,29.7524199486,0.131177902222
Iteration,0,197,29.7798521519,0.131177186966
Iteration,1,198,29.8834969997,0.131077051163
Iteration,3,198,29.8818471432,0.131076097488
Iteration,2,198,29.8893079758,0.131076097488
Iteration,0,198,29.9109289646,0.131076812744
Iteration,2,199,30.0204129219,0.131104946136
Iteration,1,199,30.0146009922,0.131103992462
Iteration,3,199,30.012953043,0.131105899811
Iteration,0,199,30.1793029308,0.268373966217
Iteration,3,200,30.2837290764,0.270776033401
Iteration,2,200,30.2911939621,0.270781040192
Iteration,1,200,30.285378933,0.27077794075
Iteration,0,200,30.3128120899,0.133509159088
Iteration,1,201,30.4178438187,0.132464885712
Iteration,3,201,30.4161939621,0.132464885712
Iteration,2,201,30.4236559868,0.132462024689
Iteration,0,201,30.4452850819,0.132472991943
Iteration,2,202,30.5556919575,0.132035970688
Iteration,1,202,30.5498788357,0.132035017014
Iteration,3,202,30.5482299328,0.132035970688
Iteration,0,202,30.5773119926,0.132026910782
Iteration,3,203,30.6802079678,0.131978034973
Iteration,2,203,30.6876690388,0.131977081299
Iteration,1,203,30.6818568707,0.131978034973
Iteration,0,203,30.7092900276,0.131978034973
Iteration,1,204,30.8140120506,0.132155179977
Iteration,3,204,30.8123641014,0.132156133652
Iteration,2,204,30.819824934,0.132155895233
Iteration,0,204,30.8414449692,0.132154941559
Iteration,2,205,30.9518768787,0.132051944733
Iteration,1,205,30.946064949,0.132052898407
Iteration,3,205,30.9444160461,0.132051944733
Iteration,0,205,30.973498106,0.132053136826
Iteration,3,206,31.0761399269,0.131723880768
Iteration,2,206,31.0836019516,0.131725072861
Iteration,1,206,31.0777900219,0.131725072861
Iteration,0,206,31.1052219868,0.131723880768
Iteration,1,207,31.2091329098,0.131342887878
Iteration,3,207,31.2074840069,0.131344079971
Iteration,2,207,31.2149429321,0.13134098053
Iteration,0,207,31.2365641594,0.131342172623
Iteration,2,208,31.3463928699,0.13144993782
Iteration,1,208,31.3405809402,0.131448030472
Iteration,3,208,31.3389320374,0.131448030472
Iteration,0,208,31.3680140972,0.13144993782
Iteration,3,209,31.4702141285,0.131282091141
Iteration,2,209,31.4776759148,0.131283044815
Iteration,1,209,31.4718630314,0.131282091141
Iteration,0,209,31.6080091,0.239995002747
Iteration,1,210,31.7144980431,0.242635011673
Iteration,3,210,31.7128491402,0.242635011673
Iteration,2,210,31.7203159332,0.242640018463
Iteration,0,210,31.7419340611,0.13392496109
Iteration,2,211,31.8523030281,0.131987094879
Iteration,1,211,31.84649086,0.131992816925
Iteration,3,211,31.8448410034,0.131991863251
Iteration,0,211,31.8739249706,0.131990909576
Iteration,3,212,31.9783880711,0.133547067642
Iteration,2,212,31.98584795,0.133544921875
Iteration,1,212,31.980036974,0.133546113968
Iteration,0,212,32.0074689388,0.133543968201
Iteration,1,213,32.1120269299,0.131989955902
Iteration,3,213,32.110378027,0.131989955902
Iteration,2,213,32.1178359985,0.131988048553
Iteration,0,213,32.1394569874,0.131988048553
Iteration,2,214,32.250962019,0.133126020432
Iteration,1,214,32.2451510429,0.133124113083
Iteration,3,214,32.24350214,0.133124113083
Iteration,0,214,32.2725830078,0.133126020432
Iteration,3,215,32.3753759861,0.131873846054
Iteration,2,215,32.3828370571,0.131875038147
Iteration,1,215,32.3770239353,0.13187289238
Iteration,0,215,32.404458046,0.131875038147
Iteration,1,216,32.5091118813,0.132087945938
Iteration,3,216,32.5074629784,0.132086992264
Iteration,2,216,32.5149228573,0.132085800171
Iteration,0,216,32.5365450382,0.132086992264
Iteration,2,217,32.6508748531,0.13595199585
Iteration,0,217,32.6724951267,0.135950088501
Iteration,1,217,32.6450948715,0.135982990265
Iteration,3,217,32.6434459686,0.135982990265
Iteration,2,218,32.7828760147,0.132001161575
Iteration,3,218,32.775411129,0.13196516037
Iteration,1,218,32.7770600319,0.13196516037
Iteration,0,218,32.8044970036,0.132001876831
Iteration,1,219,32.9090349674,0.131974935532
Iteration,2,219,32.9148459435,0.131969928741
Iteration,3,219,32.9073860645,0.131974935532
Iteration,0,219,33.0453081131,0.240811109543
Iteration,3,220,33.1501419544,0.242755889893
Iteration,1,220,33.1517908573,0.242755889893
Iteration,2,220,33.1576058865,0.242759943008
Iteration,0,220,33.1792240143,0.133915901184
Iteration,2,221,33.2888460159,0.131240129471
Iteration,3,221,33.2813849449,0.131242990494
Iteration,1,221,33.2830350399,0.131244182587
Iteration,0,221,33.3104679585,0.131243944168
Iteration,1,222,33.414222002,0.131186962128
Iteration,2,222,33.4200348854,0.131188869476
Iteration,3,222,33.4125730991,0.131188154221
Iteration,0,222,33.4416561127,0.131188154221
Iteration,3,223,33.5438909531,0.131317853928
Iteration,1,223,33.545539856,0.131317853928
Iteration,2,223,33.5513529778,0.131318092346
Iteration,0,223,33.5729739666,0.131317853928
Iteration,2,224,33.6827039719,0.13135099411
Iteration,3,224,33.6752419472,0.13135099411
Iteration,1,224,33.6768908501,0.13135099411
Iteration,0,224,33.7043249607,0.13135099411
Iteration,1,225,33.8081789017,0.131288051605
Iteration,2,225,33.8139910698,0.131287097931
Iteration,3,225,33.8065299988,0.131288051605
Iteration,0,225,33.8356120586,0.131287097931
Iteration,3,226,33.9402170181,0.133687019348
Iteration,1,226,33.941865921,0.133687019348
Iteration,2,226,33.9477138519,0.133722782135
Iteration,0,226,33.969301939,0.133689880371
Iteration,2,227,34.0790698528,0.1313560009
Iteration,3,227,34.0716080666,0.131391048431
Iteration,1,227,34.0732569695,0.131391048431
Iteration,0,227,34.1006910801,0.131389141083
Iteration,1,228,34.2046539783,0.131397008896
Iteration,2,228,34.2104649544,0.131395101547
Iteration,3,228,34.2030050755,0.131397008896
Iteration,0,228,34.2320859432,0.131394863129
Iteration,3,229,34.3366570473,0.133651971817
Iteration,1,229,34.3383059502,0.133651971817
Iteration,2,229,34.344121933,0.133656978607
Iteration,0,229,34.4767119884,0.244626045227
Iteration,2,230,34.5890519619,0.244930028915
Iteration,3,230,34.5815880299,0.24493098259
Iteration,1,230,34.5832369328,0.24493098259
Iteration,0,230,34.6106710434,0.133959054947
Iteration,1,231,34.7148988247,0.131661891937
Iteration,2,231,34.7207119465,0.131659984589
Iteration,3,231,34.7132489681,0.131660938263
Iteration,0,231,34.7423329353,0.131661891937
Iteration,3,232,34.8449001312,0.131651163101
Iteration,1,232,34.8465490341,0.131650209427
Iteration,2,232,34.8523619175,0.131649971008
Iteration,0,232,34.8739819527,0.131649017334
Iteration,2,233,34.9840750694,0.131713151932
Iteration,3,233,34.9766139984,0.131713867188
Iteration,1,233,34.9782619476,0.131712913513
Iteration,0,233,35.0056951046,0.131713151932
Iteration,1,234,35.1101839542,0.131922006607
Iteration,2,234,35.1159980297,0.131922960281
Iteration,3,234,35.1085340977,0.131920099258
Iteration,0,234,35.1376180649,0.131922960281
Iteration,3,235,35.2402970791,0.131762981415
Iteration,1,235,35.241945982,0.13176202774
Iteration,2,235,35.2477579117,0.131759881973
Iteration,0,235,35.2693779469,0.131759881973
Iteration,2,236,35.3795180321,0.131760120392
Iteration,3,236,35.3720569611,0.131759881973
Iteration,1,236,35.3737068176,0.131760835648
Iteration,0,236,35.4011380672,0.131760120392
Iteration,1,237,35.5056040287,0.131897211075
Iteration,2,237,35.5114169121,0.131898880005
Iteration,3,237,35.5039551258,0.131898164749
Iteration,0,237,35.5330369473,0.131898880005
Iteration,3,238,35.6358230114,0.13186788559
Iteration,1,238,35.6374719143,0.13186788559
Iteration,2,238,35.6432850361,0.131868124008
Iteration,0,238,35.6649041176,0.131867170334
Iteration,2,239,35.7751429081,0.131857872009
Iteration,3,239,35.7676820755,0.131859064102
Iteration,1,239,35.7693309784,0.131859064102
Iteration,0,239,35.905657053,0.24075293541
Iteration,1,240,36.0120389462,0.242707967758
Iteration,2,240,36.017854929,0.242712020874
Iteration,3,240,36.0103900433,0.242707967758
Iteration,0,240,36.0394740105,0.133816957474
Iteration,3,241,36.1421940327,0.13180398941
Iteration,1,241,36.1438438892,0.131804943085
Iteration,2,241,36.1496560574,0.131801128387
Iteration,0,241,36.1712760925,0.131802082062
Iteration,2,242,36.2813789845,0.131722927094
Iteration,3,242,36.2739181519,0.131724119186
Iteration,1,242,36.2755670547,0.131723165512
Iteration,0,242,36.303000927,0.131724834442
Iteration,1,243,36.4074709415,0.131903886795
Iteration,2,243,36.4132819176,0.131902933121
Iteration,3,243,36.405821085,0.131902933121
Iteration,0,243,36.4349031448,0.131902217865
Iteration,3,244,36.5377080441,0.131886959076
Iteration,1,244,36.5393569469,0.131886005402
Iteration,2,244,36.5451688766,0.131886959076
Iteration,0,244,36.5667910576,0.13188791275
Iteration,2,245,36.6770699024,0.131901025772
Iteration,3,245,36.6696100235,0.131901979446
Iteration,1,245,36.6712579727,0.131901025772
Iteration,0,245,36.6986911297,0.131900072098
Iteration,1,246,36.8030450344,0.131787061691
Iteration,2,246,36.8088569641,0.131787061691
Iteration,3,246,36.8013949394,0.131784915924
Iteration,0,246,36.830477953,0.131786823273
Iteration,3,247,36.933218956,0.131824016571
Iteration,1,247,36.934869051,0.131824016571
Iteration,2,247,36.9406819344,0.131824970245
Iteration,0,247,36.9623029232,0.131824970245
Iteration,2,248,37.0724520683,0.131770133972
Iteration,3,248,37.0649909973,0.131772041321
Iteration,1,248,37.0666399002,0.131770849228
Iteration,0,248,37.0940730572,0.131770133972
Iteration,1,249,37.1983678341,0.131727933884
Iteration,2,249,37.2041809559,0.131728887558
Iteration,3,249,37.1967201233,0.131729125977
Iteration,0,249,37.3340909481,0.24001789093
Iteration,3,250,37.4386730194,0.241952896118
Iteration,1,250,37.4403219223,0.241954088211
Iteration,2,250,37.4461369514,0.24195599556
Iteration,0,250,37.4677550793,0.133664131165
Iteration,2,251,37.577944994,0.131808042526
Iteration,3,251,37.570483923,0.131810903549
Iteration,1,251,37.5721340179,0.131812095642
Iteration,0,251,37.5995669365,0.131811857224
Iteration,1,252,37.7037799358,0.131645917892
Iteration,2,252,37.7095940113,0.131649017334
Iteration,3,252,37.7021319866,0.13164806366
Iteration,0,252,37.7312140465,0.131647109985
Iteration,3,253,37.834059,0.131927013397
Iteration,1,253,37.8357088566,0.131928920746
Iteration,2,253,37.8415210247,0.131927013397
Iteration,0,253,37.8631410599,0.131927013397
Iteration,2,254,37.973238945,0.131717920303
Iteration,3,254,37.9657769203,0.131717920303
Iteration,1,254,37.9674270153,0.131718158722
Iteration,0,254,37.9948589802,0.131717920303
Iteration,1,255,38.0991020203,0.131675004959
Iteration,2,255,38.1049149036,0.131675958633
Iteration,3,255,38.0974531174,0.131676197052
Iteration,0,255,38.1265349388,0.131675958633
Iteration,3,256,38.2297539711,0.132300853729
Iteration,1,256,38.2314038277,0.132301807404
Iteration,2,256,38.2372150421,0.132300138474
Iteration,0,256,38.258852005,0.132317066193
Iteration,2,257,38.3689310551,0.131716012955
Iteration,3,257,38.3614699841,0.131716012955
Iteration,1,257,38.3631188869,0.13171505928
Iteration,0,257,38.3905520439,0.13170003891
Iteration,1,258,38.4947719574,0.13165307045
Iteration,2,258,38.5005810261,0.131649971008
Iteration,3,258,38.4931221008,0.131652116776
Iteration,0,258,38.5222020149,0.131649971008
Iteration,3,259,38.624671936,0.131549835205
Iteration,1,259,38.6263208389,0.131548881531
Iteration,2,259,38.6321339607,0.131552934647
Iteration,0,259,38.7636430264,0.241441011429
Iteration,2,260,38.8757419586,0.243607997894
Iteration,3,260,38.8682789803,0.24360704422
Iteration,1,260,38.8699288368,0.243607997894
Iteration,0,260,38.8973610401,0.133718013763
Iteration,1,261,39.0015850067,0.131656169891
Iteration,2,261,39.0073969364,0.131654977798
Iteration,3,261,38.9999351501,0.131656169891
Iteration,0,261,39.0290169716,0.131655931473
Iteration,3,262,39.1316430569,0.131707906723
Iteration,1,262,39.1332929134,0.131707906723
Iteration,2,262,39.1391048431,0.131707906723
Iteration,0,262,39.1607260704,0.131709098816
Iteration,2,263,39.2708408833,0.131736040115
Iteration,3,263,39.2633781433,0.131735086441
Iteration,1,263,39.2650279999,0.131735086441
Iteration,0,263,39.2924611568,0.131735086441
Iteration,1,264,39.3967349529,0.131706953049
Iteration,2,264,39.4025480747,0.131707191467
Iteration,3,264,39.3950850964,0.131706953049
Iteration,0,264,39.4241690636,0.131707906723
Iteration,3,265,39.5268750191,0.131789922714
Iteration,1,265,39.5285248756,0.131789922714
Iteration,2,265,39.5343358517,0.131787776947
Iteration,0,265,39.5559570789,0.131788015366
Iteration,2,266,39.6659610271,0.131625175476
Iteration,3,266,39.6584980488,0.131623029709
Iteration,1,266,39.6601479053,0.131623029709
Iteration,0,266,39.6875810623,0.131623983383
Iteration,1,267,39.7918379307,0.13169002533
Iteration,2,267,39.797647953,0.131686925888
Iteration,3,267,39.7901890278,0.131690979004
Iteration,0,267,39.8192679882,0.131686925888
Iteration,3,268,39.9218990803,0.13171005249
Iteration,1,268,39.9235479832,0.13171005249
Iteration,2,268,39.9293599129,0.131711959839
Iteration,0,268,39.950979948,0.131711959839
Iteration,2,269,40.0610899925,0.131730079651
Iteration,3,269,40.0536279678,0.131728887558
Iteration,1,269,40.0552768707,0.131728887558
Iteration,0,269,40.1908349991,0.239855051041
Iteration,1,270,40.2969779968,0.241701126099
Iteration,2,270,40.3027949333,0.241704940796
Iteration,3,270,40.2953290939,0.241701126099
Iteration,0,270,40.3244140148,0.133579015732
Iteration,3,271,40.4268629551,0.13153386116
Iteration,1,271,40.4285130501,0.131535053253
Iteration,2,271,40.4343230724,0.131528139114
Iteration,0,271,40.4559440613,0.131530046463
Iteration,2,272,40.5659589767,0.131635904312
Iteration,3,272,40.5584969521,0.131633996964
Iteration,1,272,40.5601458549,0.131632804871
Iteration,0,272,40.5875790119,0.131634950638
Iteration,1,273,40.6917419434,0.131596088409
Iteration,2,273,40.6975550652,0.131596088409
Iteration,3,273,40.6900930405,0.131596088409
Iteration,0,273,40.7191751003,0.131596088409
Iteration,3,274,40.821696043,0.131603002548
Iteration,1,274,40.8233449459,0.131603002548
Iteration,2,274,40.8291580677,0.131603002548
Iteration,0,274,40.8507781029,0.131603002548
Iteration,2,275,40.9609019756,0.131743907928
Iteration,3,275,40.9534399509,0.131743907928
Iteration,1,275,40.9550888538,0.131743907928
Iteration,0,275,40.9825229645,0.131744861603
Iteration,1,276,41.0866138935,0.131525039673
Iteration,2,276,41.0924270153,0.131525039673
Iteration,3,276,41.0849649906,0.131525039673
Iteration,0,276,41.1140470505,0.131524085999
Iteration,3,277,41.2163150311,0.131350040436
Iteration,1,277,41.2179639339,0.131350040436
Iteration,2,277,41.2237758636,0.131348848343
Iteration,0,277,41.2453970909,0.131350040436
Iteration,3,278,41.3498990536,0.133584022522
Iteration,1,278,41.3515479565,0.133584022522
Iteration,0,278,41.3789830208,0.133585929871
Iteration,2,278,41.3573858738,0.133610010147
Iteration,2,279,41.4885509014,0.131165027618
Iteration,1,279,41.482738018,0.131190061569
Iteration,3,279,41.4810891151,0.131190061569
Iteration,0,279,41.6186790466,0.239696025848
Iteration,3,280,41.7232339382,0.242144823074
Iteration,2,280,41.7306978703,0.242146968842
Iteration,1,280,41.7248828411,0.242144823074
Iteration,0,280,41.7523169518,0.133637905121
Iteration,1,281,41.8564488888,0.131566047668
Iteration,3,281,41.8547999859,0.131566047668
Iteration,2,281,41.8622579575,0.131560087204
Iteration,0,281,41.8838789463,0.131561994553
Iteration,2,282,41.9939219952,0.131664037704
Iteration,1,282,41.988109827,0.131660938263
Iteration,3,282,41.9864599705,0.131659984589
Iteration,0,282,42.0155420303,0.13166308403
Iteration,3,283,42.1181819439,0.131721973419
Iteration,2,283,42.1256439686,0.131721973419
Iteration,1,283,42.1198308468,0.131721019745
Iteration,0,283,42.1472640038,0.131721973419
Iteration,1,284,42.2514548302,0.131623983383
Iteration,3,284,42.2498049736,0.131623029709
Iteration,2,284,42.2572669983,0.131623029709
Iteration,0,284,42.2788879871,0.131623983383
Iteration,2,285,42.3889079094,0.131640911102
Iteration,1,285,42.383095026,0.131640195847
Iteration,3,285,42.3814470768,0.131642103195
Iteration,0,285,42.4105279446,0.131639957428
Iteration,3,286,42.513064146,0.131617069244
Iteration,2,286,42.520524025,0.13161611557
Iteration,1,286,42.5147130489,0.131618022919
Iteration,0,286,42.5421450138,0.131617069244
Iteration,1,287,42.6463088989,0.131595849991
Iteration,3,287,42.6446590424,0.131594896317
Iteration,2,287,42.652121067,0.131597042084
Iteration,0,287,42.6737420559,0.131597042084
Iteration,2,288,42.7836949825,0.131573915482
Iteration,1,288,42.7778830528,0.1315741539
Iteration,3,288,42.7762341499,0.131575107574
Iteration,0,288,42.8053159714,0.131573915482
Iteration,3,289,42.9101741314,0.133939981461
Iteration,2,289,42.9176380634,0.133943080902
Iteration,1,289,42.911823988,0.133940935135
Iteration,0,289,43.0510921478,0.245776176453
Iteration,1,290,43.1568498611,0.245025873184
Iteration,3,290,43.1552000046,0.245025873184
Iteration,2,290,43.1626648903,0.245026826859
Iteration,0,290,43.1842830181,0.133190870285
Iteration,2,291,43.2938029766,0.131138086319
Iteration,1,291,43.2879898548,0.131139993668
Iteration,3,291,43.2863409519,0.131140947342
Iteration,0,291,43.3154239655,0.131140947342
Iteration,3,292,43.417550087,0.131209135056
Iteration,2,292,43.4250109196,0.131207942963
Iteration,1,292,43.4191989899,0.131209135056
Iteration,0,292,43.4466309547,0.131206989288
Iteration,1,293,43.550401926,0.131202936172
Iteration,3,293,43.5487539768,0.131203889847
Iteration,2,293,43.5562138557,0.131202936172
Iteration,0,293,43.577835083,0.131204128265
Iteration,2,294,43.6873440742,0.131130218506
Iteration,1,294,43.6815309525,0.131129026413
Iteration,3,294,43.6798820496,0.131128072739
Iteration,0,294,43.7089641094,0.131129026413
Iteration,3,295,43.8111140728,0.131232023239
Iteration,2,295,43.8185739517,0.131229877472
Iteration,1,295,43.812762022,0.131231069565
Iteration,0,295,43.8401949406,0.131230831146
Iteration,1,296,43.944067955,0.131305932999
Iteration,3,296,43.9424200058,0.131305932999
Iteration,2,296,43.9498810768,0.131307125092
Iteration,0,296,43.9715020657,0.131307125092
Iteration,2,297,44.0810389519,0.131157875061
Iteration,1,297,44.0752258301,0.131157875061
Iteration,3,297,44.0735781193,0.13115811348
Iteration,0,297,44.102658987,0.131156921387
Iteration,3,298,44.204859972,0.131281852722
Iteration,2,298,44.2123219967,0.131283044815
Iteration,1,298,44.2065088749,0.131283044815
Iteration,0,298,44.2339420319,0.131283044815
Iteration,1,299,44.3376319408,0.131123065948
Iteration,3,299,44.3359830379,0.131123065948
Iteration,2,299,44.3434450626,0.131123065948
Iteration,0,299,44.4740540981,0.240112066269
Iteration,2,300,44.5861320496,0.242686986923
Iteration,1,300,44.5803170204,0.242685079575
Iteration,3,300,44.5786681175,0.242685079575
Iteration,0,300,44.6077511311,0.133697032928
Iteration,3,301,44.7103059292,0.131637811661
Iteration,2,301,44.7177679539,0.131635904312
Iteration,1,301,44.7119560242,0.131639003754
Iteration,0,301,44.7393889427,0.131637811661
Iteration,1,302,44.8435559273,0.131599903107
Iteration,3,302,44.8419060707,0.131600141525
Iteration,2,302,44.8493659496,0.131597995758
Iteration,0,302,44.8709859848,0.131597042084
Iteration,2,303,44.9810650349,0.131699085236
Iteration,1,303,44.9752519131,0.131695985794
Iteration,3,303,44.9736030102,0.131696939468
Iteration,0,303,45.0026860237,0.13170003891
Iteration,3,304,45.1052749157,0.131671905518
Iteration,2,304,45.1127359867,0.131670951843
Iteration,1,304,45.1069238186,0.131671905518
Iteration,0,304,45.1343579292,0.131671905518
Iteration,1,305,45.2381439209,0.13122010231
Iteration,3,305,45.2364959717,0.131221055984
Iteration,2,305,45.2439570427,0.131221055984
Iteration,0,305,45.2655770779,0.131219148636
Iteration,2,306,45.3751978874,0.131240844727
Iteration,1,306,45.3693859577,0.131242036819
Iteration,3,306,45.3677380085,0.131242036819
Iteration,0,306,45.3968191147,0.131242036819
Iteration,3,307,45.498939991,0.131201982498
Iteration,2,307,45.5064020157,0.131204128265
Iteration,1,307,45.5005888939,0.131202936172
Iteration,0,307,45.5280230045,0.131203889847
Iteration,1,308,45.6318259239,0.131237030029
Iteration,3,308,45.6301760674,0.131236076355
Iteration,2,308,45.6376368999,0.131234884262
Iteration,0,308,45.6592581272,0.131235122681
Iteration,2,309,45.7688188553,0.131181955338
Iteration,1,309,45.7630069256,0.131181001663
Iteration,3,309,45.7613580227,0.131181955338
Iteration,0,309,45.899682045,0.24042391777
Iteration,3,310,46.0041999817,0.242841959
Iteration,2,310,46.0116639137,0.242845058441
Iteration,1,310,46.0058488846,0.242841959
Iteration,0,310,46.0332829952,0.133600950241
Iteration,1,311,46.1374590397,0.131610155106
Iteration,3,311,46.1358089447,0.131608963013
Iteration,2,311,46.1432709694,0.131607055664
Iteration,0,311,46.1648919582,0.131608963013
Iteration,2,312,46.2748939991,0.131623029709
Iteration,1,312,46.2690808773,0.131621837616
Iteration,3,312,46.2674319744,0.131623029709
Iteration,0,312,46.2965149879,0.131623029709
Iteration,3,313,46.3991639614,0.131731987
Iteration,2,313,46.4066269398,0.131732940674
Iteration,1,313,46.4008128643,0.131731987
Iteration,0,313,46.4282469749,0.131731987
Iteration,1,314,46.5325069427,0.131694078445
Iteration,3,314,46.5308580399,0.131694078445
Iteration,2,314,46.5383179188,0.131690979004
Iteration,0,314,46.5599379539,0.131690979004
Iteration,2,315,46.6698560715,0.131538152695
Iteration,1,315,46.6640429497,0.131536006927
Iteration,3,315,46.6623950005,0.131536960602
Iteration,0,315,46.6914761066,0.131538152695
Iteration,3,316,46.7939660549,0.131571054459
Iteration,2,316,46.8014278412,0.131571769714
Iteration,1,316,46.7956140041,0.131571054459
Iteration,0,316,46.8230481148,0.131572008133
Iteration,1,317,46.9272568226,0.131642818451
Iteration,3,317,46.9256091118,0.13164305687
Iteration,2,317,46.9330689907,0.131641149521
Iteration,0,317,46.9546909332,0.131642818451
Iteration,2,318,47.064729929,0.131660938263
Iteration,1,318,47.0589158535,0.131659030914
Iteration,3,318,47.0572669506,0.131657838821
Iteration,0,318,47.0863499641,0.131659030914
Iteration,3,319,47.1889920235,0.131725072861
Iteration,2,319,47.1964540482,0.131724119186
Iteration,1,319,47.1906409264,0.131725072861
Iteration,0,319,47.3258769512,0.239526987076
Iteration,1,320,47.4322018623,0.241560935974
Iteration,3,320,47.4305520058,0.2415599823
Iteration,2,320,47.4380190372,0.24156498909
Iteration,0,320,47.4596369267,0.133759975433
Iteration,2,321,47.5702309608,0.132211923599
Iteration,1,321,47.5644178391,0.132215976715
Iteration,3,321,47.5627679825,0.132215976715
Iteration,0,321,47.5918691158,0.132232189178
Iteration,3,322,47.6944949627,0.131726980209
Iteration,2,322,47.7019569874,0.131726026535
Iteration,1,322,47.6961460114,0.131728172302
Iteration,0,322,47.7235779762,0.131708860397
Iteration,1,323,47.8277528286,0.131606817245
Iteration,3,323,47.826102972,0.131608009338
Iteration,2,323,47.833564043,0.131607055664
Iteration,0,323,47.8551859856,0.131608009338
Iteration,2,324,47.9654638767,0.131899833679
Iteration,1,324,47.9596509933,0.131898164749
Iteration,3,324,47.9580020905,0.131899118423
Iteration,0,324,47.9870841503,0.131898164749
Iteration,3,325,48.0898089409,0.131806850433
Iteration,2,325,48.0972700119,0.131806135178
Iteration,1,325,48.0914578438,0.131806850433
Iteration,0,325,48.1188910007,0.131806850433
Iteration,1,326,48.2232158184,0.131757974625
Iteration,3,326,48.2215669155,0.131757974625
Iteration,2,326,48.2290289402,0.131758928299
Iteration,0,326,48.2506489754,0.131757974625
Iteration,2,327,48.3607099056,0.131680965424
Iteration,1,327,48.3548979759,0.131682157516
Iteration,3,327,48.353249073,0.131682157516
Iteration,0,327,48.3823311329,0.131682157516
Iteration,3,328,48.4848639965,0.131614923477
Iteration,2,328,48.4923250675,0.131615161896
Iteration,1,328,48.4865119457,0.131613969803
Iteration,0,328,48.5139460564,0.131614923477
Iteration,1,329,48.6182589531,0.13174700737
Iteration,3,329,48.6166100502,0.131746053696
Iteration,2,329,48.6240720749,0.13174700737
Iteration,0,329,48.7557759285,0.241829872131
Iteration,2,330,48.867661953,0.243589878082
Iteration,1,330,48.8618450165,0.243586063385
Iteration,3,330,48.8601961136,0.243586063385
Iteration,0,330,48.8892800808,0.133504152298
Iteration,3,331,48.9919099808,0.131713867188
Iteration,2,331,48.9993720055,0.13171005249
Iteration,1,331,48.9935588837,0.131713867188
Iteration,0,331,49.020993948,0.131713867188
Iteration,1,332,49.1251978874,0.131639003754
Iteration,3,332,49.1235489845,0.131639003754
Iteration,2,332,49.1310110092,0.131639003754
Iteration,0,332,49.1526319981,0.131638050079
Iteration,2,333,49.2622928619,0.131281852722
Iteration,1,333,49.2564809322,0.131283044815
Iteration,3,333,49.254832983,0.131283998489
Iteration,0,333,49.2839140892,0.131282091141
Iteration,3,334,49.3859820366,0.131149053574
Iteration,2,334,49.3934440613,0.131151199341
Iteration,1,334,49.3876318932,0.131150960922
Iteration,0,334,49.4150650501,0.131150960922
Iteration,1,335,49.5188560486,0.131224155426
Iteration,3,335,49.5172071457,0.1312251091
Iteration,2,335,49.5246679783,0.131223917007
Iteration,0,335,49.5462889671,0.131223917007
Iteration,2,336,49.6557099819,0.131042003632
Iteration,1,336,49.6498980522,0.131042003632
Iteration,3,336,49.6482491493,0.131042003632
Iteration,0,336,49.6773300171,0.131041049957
Iteration,3,337,49.7792990208,0.131049871445
Iteration,2,337,49.7867598534,0.131049871445
Iteration,1,337,49.7809479237,0.131049871445
Iteration,0,337,49.8083810806,0.131051063538
Iteration,1,338,49.9120240211,0.131076097488
Iteration,3,338,49.9103751183,0.131076097488
Iteration,2,338,49.9178369045,0.131077051163
Iteration,0,338,49.9394569397,0.13107585907
Iteration,2,339,50.0489609241,0.131124019623
Iteration,1,339,50.0431489944,0.131124973297
Iteration,3,339,50.0415000916,0.131124973297
Iteration,0,339,50.1786940098,0.239237070084
Iteration,3,340,50.2856080532,0.244107961655
Iteration,2,340,50.2931079865,0.244147062302
Iteration,1,340,50.2872569561,0.244107961655
Iteration,0,340,50.3146939278,0.135999917984
Iteration,1,341,50.419064045,0.131807088852
Iteration,3,341,50.4174151421,0.131807088852
Iteration,2,341,50.4248769283,0.131768941879
Iteration,0,341,50.4464981556,0.131804227829
Iteration,2,342,50.5572309494,0.132354021072
Iteration,1,342,50.5514199734,0.132355928421
Iteration,3,342,50.5497710705,0.132355928421
Iteration,0,342,50.5788519382,0.132353782654
Iteration,3,343,50.684415102,0.134644031525
Iteration,2,343,50.6918759346,0.134644985199
Iteration,1,343,50.6860640049,0.134644031525
Iteration,0,343,50.7134981155,0.134646177292
Iteration,1,344,50.8206870556,0.13462305069
Iteration,3,344,50.8190391064,0.134624004364
Iteration,2,344,50.8264970779,0.134621143341
Iteration,0,344,50.8481180668,0.134619951248
Iteration,2,345,50.9610569477,0.134559869766
Iteration,1,345,50.9552438259,0.134556770325
Iteration,3,345,50.953594923,0.13455581665
Iteration,0,345,50.9826779366,0.134559869766
Iteration,3,346,51.0882320404,0.134637117386
Iteration,2,346,51.095692873,0.134635925293
Iteration,1,346,51.0898809433,0.134637117386
Iteration,0,346,51.1173141003,0.134636163712
Iteration,1,347,51.224408865,0.134527921677
Iteration,3,347,51.2227599621,0.134527921677
Iteration,2,347,51.2302210331,0.134528160095
Iteration,0,347,51.2518420219,0.134527921677
Iteration,2,348,51.3648478985,0.134626865387
Iteration,1,348,51.3590359688,0.134627103806
Iteration,3,348,51.3573880196,0.13462805748
Iteration,0,348,51.3864691257,0.134627103806
Iteration,3,349,51.4919090271,0.134521007538
Iteration,2,349,51.4993710518,0.134523153305
Iteration,1,349,51.49355793,0.134521961212
Iteration,0,349,51.6319699287,0.245500802994
Iteration,1,350,51.7382099628,0.244652032852
Iteration,3,350,51.73656106,0.244652032852
Iteration,2,350,51.7440268993,0.244655847549
Iteration,0,350,51.7656459808,0.133676052094
Iteration,2,351,51.875825882,0.13179898262
Iteration,1,351,51.8700139523,0.13180398941
Iteration,3,351,51.8683650494,0.13180398941
Iteration,0,351,51.8974471092,0.131801128387
Iteration,3,352,52.0002131462,0.131848096848
Iteration,2,352,52.0076730251,0.131847143173
Iteration,1,352,52.0018620491,0.131848096848
Iteration,0,352,52.0292949677,0.131847858429
Iteration,1,353,52.1336419582,0.131779909134
Iteration,3,353,52.1319930553,0.131779909134
Iteration,2,353,52.1394538879,0.131780862808
Iteration,0,353,52.1610760689,0.131781101227
Iteration,2,354,52.2712440491,0.131790161133
Iteration,1,354,52.2654299736,0.131788015366
Iteration,3,354,52.2637810707,0.131788015366
Iteration,0,354,52.2928640842,0.131788015366
Iteration,3,355,52.3955550194,0.131773948669
Iteration,2,355,52.4030148983,0.131770849228
Iteration,1,355,52.3972039223,0.131773948669
Iteration,0,355,52.4246349335,0.131770849228
Iteration,1,356,52.5289020538,0.131698131561
Iteration,3,356,52.5272519588,0.131696939468
Iteration,2,356,52.5347130299,0.131698131561
Iteration,0,356,52.5563340187,0.131699085236
Iteration,2,357,52.6663298607,0.131616830826
Iteration,1,357,52.6605169773,0.131614923477
Iteration,3,357,52.6588680744,0.13161611557
Iteration,0,357,52.6879501343,0.13161611557
Iteration,3,358,52.7904701233,0.131602048874
Iteration,2,358,52.7979309559,0.1316010952
Iteration,1,358,52.7921190262,0.131602048874
Iteration,0,358,52.8195509911,0.131600856781
Iteration,1,359,52.9237279892,0.131608963013
Iteration,3,359,52.9220790863,0.131608963013
Iteration,2,359,52.9295399189,0.131608963013
Iteration,0,359,53.0593230724,0.239772081375
Iteration,2,360,53.1713569164,0.241816997528
Iteration,1,360,53.1655418873,0.241813898087
Iteration,3,360,53.1638929844,0.241813898087
Iteration,0,360,53.1929750443,0.133651971817
Iteration,3,361,53.2974340916,0.133541107178
Iteration,2,361,53.3048989773,0.133542060852
Iteration,1,361,53.2990829945,0.133541107178
Iteration,0,361,53.3265349865,0.133559942245
Iteration,1,362,53.4302539825,0.131170988083
Iteration,3,362,53.4286050797,0.131170988083
Iteration,2,362,53.4360668659,0.131167888641
Iteration,0,362,53.4576871395,0.131152153015
Iteration,2,363,53.5673048496,0.131237983704
Iteration,1,363,53.5614910126,0.131237030029
Iteration,3,363,53.5598421097,0.131237030029
Iteration,0,363,53.5889239311,0.131236791611
Iteration,3,364,53.6910040379,0.131161928177
Iteration,2,364,53.6984660625,0.131161212921
Iteration,1,364,53.6926529408,0.131161928177
Iteration,0,364,53.7200870514,0.13116312027
Iteration,1,365,53.8238918781,0.131238937378
Iteration,3,365,53.8222429752,0.131238937378
Iteration,2,365,53.8297049999,0.131238937378
Iteration,0,365,53.8513250351,0.131237983704
Iteration,2,366,53.9610118866,0.131306886673
Iteration,1,366,53.9551999569,0.131308078766
Iteration,3,366,53.9535501003,0.131307125092
Iteration,0,366,53.9826319218,0.131306886673
Iteration,3,367,54.0846829414,0.13113284111
Iteration,2,367,54.0921440125,0.131132125854
Iteration,1,367,54.0863318443,0.131131887436
Iteration,0,367,54.1137650013,0.131133079529
Iteration,1,368,54.2173910141,0.131059169769
Iteration,3,368,54.2157421112,0.131059169769
Iteration,2,368,54.2232029438,0.131058931351
Iteration,0,368,54.2448239326,0.131058931351
Iteration,2,369,54.3543498516,0.131146907806
Iteration,1,369,54.3485369682,0.131145954132
Iteration,3,369,54.3468880653,0.131145954132
Iteration,0,369,54.4888720512,0.244048118591
Iteration,3,370,54.5933260918,0.246438026428
Iteration,2,370,54.6007909775,0.24644112587
Iteration,1,370,54.594974041,0.246437072754
Iteration,0,370,54.622410059,0.133538007736
Iteration,1,371,54.7265739441,0.131599903107
Iteration,3,371,54.7249259949,0.131599903107
Iteration,2,371,54.7323880196,0.131597042084
Iteration,0,371,54.7540080547,0.131597995758
Iteration,2,372,54.8640758991,0.131687879562
Iteration,1,372,54.8582630157,0.131689071655
Iteration,3,372,54.8566141129,0.131688117981
Iteration,0,372,54.8856959343,0.131687879562
Iteration,3,373,54.9882099628,0.131595849991
Iteration,2,373,54.9956719875,0.131596088409
Iteration,1,373,54.9898588657,0.131595849991
Iteration,0,373,55.0172939301,0.131597995758
Iteration,1,374,55.1213638783,0.131505012512
Iteration,3,374,55.119715929,0.131505966187
Iteration,2,374,55.1271779537,0.131505966187
Iteration,0,374,55.1487979889,0.131504058838
Iteration,2,375,55.2584998608,0.131321907043
Iteration,1,375,55.2526879311,0.131324052811
Iteration,3,375,55.2510390282,0.131323099136
Iteration,0,375,55.280121088,0.131323099136
Iteration,3,376,55.3824751377,0.131436109543
Iteration,2,376,55.389934063,0.131434202194
Iteration,1,376,55.3841228485,0.13143491745
Iteration,0,376,55.4115560055,0.13143491745
Iteration,1,377,55.5154879093,0.131365060806
Iteration,3,377,55.5138380527,0.131362915039
Iteration,2,377,55.5213000774,0.131366014481
Iteration,0,377,55.5429210663,0.131365060806
Iteration,2,378,55.6524178982,0.13111782074
Iteration,1,378,55.6466038227,0.131115913391
Iteration,3,378,55.6449549198,0.131116867065
Iteration,0,378,55.6740391254,0.131118059158
Iteration,3,379,55.7761449814,0.131190061569
Iteration,2,379,55.7836070061,0.131189107895
Iteration,1,379,55.7777938843,0.131190061569
Iteration,0,379,55.9136531353,0.239614009857
Iteration,1,380,56.0200579166,0.242264032364
Iteration,3,380,56.0184080601,0.24226307869
Iteration,2,380,56.0258738995,0.242266893387
Iteration,0,380,56.047492981,0.133839845657
Iteration,2,381,56.1576209068,0.13174700737
Iteration,1,381,56.1518099308,0.13175201416
Iteration,3,381,56.1501610279,0.131752967834
Iteration,0,381,56.1792421341,0.131749153137
Iteration,3,382,56.2818820477,0.131721019745
Iteration,2,382,56.2893428802,0.131721973419
Iteration,1,382,56.2835309505,0.131721019745
Iteration,0,382,56.3109641075,0.131721973419
Iteration,1,383,56.415375948,0.131844997406
Iteration,3,383,56.4137270451,0.131844997406
Iteration,2,383,56.4211890697,0.131846189499
Iteration,0,383,56.4428100586,0.13184595108
Iteration,2,384,56.5529458523,0.131756782532
Iteration,1,384,56.5471348763,0.131758928299
Iteration,3,384,56.5454859734,0.131758928299
Iteration,0,384,56.5745670795,0.13175702095
Iteration,3,385,56.677216053,0.131730079651
Iteration,2,385,56.6846780777,0.131732225418
Iteration,1,385,56.6788649559,0.131730079651
Iteration,0,385,56.7062990665,0.131731987
Iteration,0,386,56.8380279541,0.131728887558
Iteration,1,386,56.8106138706,0.131748914719
Iteration,3,386,56.8089649677,0.131748914719
Iteration,2,386,56.816421032,0.131742954254
Iteration,2,387,56.9482569695,0.1318359375
Iteration,1,387,56.942442894,0.131829023361
Iteration,3,387,56.9407949448,0.131829977036
Iteration,0,387,56.9698700905,0.131842136383
Iteration,3,388,57.0724771023,0.131682157516
Iteration,2,388,57.0799388885,0.131681919098
Iteration,1,388,57.0741260052,0.131683111191
Iteration,0,388,57.1015610695,0.131690979004
Iteration,1,389,57.2056658268,0.131539821625
Iteration,3,389,57.2040159702,0.13153886795
Iteration,2,389,57.2114770412,0.131538152695
Iteration,0,389,57.3423480988,0.240787029266
Iteration,2,390,57.454390049,0.242913007736
Iteration,1,390,57.4485738277,0.242908000946
Iteration,3,390,57.4469239712,0.242908000946
Iteration,0,390,57.4760091305,0.133661031723
Iteration,3,391,57.5786440372,0.131720066071
Iteration,2,391,57.5861020088,0.131711959839
Iteration,1,391,57.5802938938,0.131720066071
Iteration,0,391,57.6077239513,0.131714820862
Iteration,1,392,57.711979866,0.131685972214
Iteration,3,392,57.7103309631,0.131686925888
Iteration,2,392,57.7177939415,0.131691932678
Iteration,0,392,57.7394149303,0.131690979004
Iteration,2,393,57.8494069576,0.131613016129
Iteration,1,393,57.8435938358,0.131613969803
Iteration,3,393,57.8419449329,0.131613969803
Iteration,0,393,57.8710279465,0.131613016129
Iteration,3,394,57.9737019539,0.13175702095
Iteration,2,394,57.9811630249,0.131756067276
Iteration,1,394,57.9753508568,0.13175702095
Iteration,0,394,58.0027840137,0.131756067276
Iteration,1,395,58.1070508957,0.13170003891
Iteration,3,395,58.1054019928,0.13170003891
Iteration,2,395,58.1128640175,0.131700992584
Iteration,0,395,58.1344840527,0.13170003891
Iteration,2,396,58.2444839478,0.131619930267
Iteration,1,396,58.2386720181,0.13162112236
Iteration,3,396,58.2370231152,0.13162112236
Iteration,0,396,58.2661049366,0.131620883942
Iteration,3,397,58.3687469959,0.131723880768
Iteration,2,397,58.3762090206,0.131725072861
Iteration,1,397,58.3703958988,0.131723880768
Iteration,0,397,58.3978290558,0.131724119186
Iteration,1,398,58.5019919872,0.131596088409
Iteration,3,398,58.5003421307,0.131595134735
Iteration,2,398,58.5078048706,0.131595849991
Iteration,0,398,58.5294251442,0.131596088409
Iteration,2,399,58.6395509243,0.131746053696
Iteration,1,399,58.6337399483,0.131747961044
Iteration,3,399,58.6320910454,0.131748914719
Iteration,0,399,58.7693591118,0.23993396759
Iteration,3,400,58.8745279312,0.242436885834
Iteration,2,400,58.8819930553,0.242442131042
Iteration,1,400,58.8761768341,0.242436885834
Iteration,0,400,58.9036281109,0.1342689991
Iteration,1,401,59.007889986,0.131713151932
Iteration,3,401,59.0062410831,0.131713151932
Iteration,2,401,59.0137019157,0.131708860397
Iteration,0,401,59.035323143,0.13169503212
Iteration,2,402,59.1454639435,0.13176202774
Iteration,1,402,59.1396520138,0.13176202774
Iteration,3,402,59.1380019188,0.131760835648
Iteration,0,402,59.1670839787,0.131760835648
Iteration,3,403,59.2697329521,0.131731033325
Iteration,2,403,59.2771949768,0.131731033325
Iteration,1,403,59.271381855,0.131729841232
Iteration,0,403,59.2988159657,0.131731987
Iteration,1,404,59.403072834,0.131690979004
Iteration,3,404,59.4014239311,0.131690979004
Iteration,2,404,59.4088859558,0.131690979004
Iteration,0,404,59.430505991,0.13169002533
Iteration,2,405,59.5405609608,0.131675004959
Iteration,1,405,59.5347509384,0.131678104401
Iteration,3,405,59.5331010818,0.131677150726
Iteration,0,405,59.5621831417,0.131677150726
Iteration,3,406,59.6646559238,0.131554841995
Iteration,2,406,59.6721169949,0.131556034088
Iteration,1,406,59.6663038731,0.131552934647
Iteration,0,406,59.6937389374,0.13155579567
Iteration,1,407,59.7979819775,0.131678104401
Iteration,3,407,59.7963330746,0.131677150726
Iteration,2,407,59.8037939072,0.131676912308
Iteration,0,407,59.8254151344,0.131676197052
Iteration,2,408,59.9355070591,0.131713151932
Iteration,1,408,59.9296939373,0.131711959839
Iteration,3,408,59.9280450344,0.131711959839
Iteration,0,408,59.9571280479,0.131712913513
Iteration,3,409,60.0597789288,0.131733894348
Iteration,2,409,60.0672399998,0.131732940674
Iteration,1,409,60.0614290237,0.131735086441
Iteration,0,409,60.227891922,0.270763874054
Iteration,1,410,60.3346550465,0.27322602272
Iteration,3,410,60.3330049515,0.27322602272
Iteration,2,410,60.3404710293,0.27323102951
Iteration,0,410,60.3620901108,0.134198188782
Iteration,2,411,60.4724059105,0.13193488121
Iteration,1,411,60.466591835,0.131936788559
Iteration,3,411,60.4649419785,0.131937026978
Iteration,0,411,60.4940259457,0.131935834885
Iteration,3,412,60.5970201492,0.132078170776
Iteration,2,412,60.6044809818,0.132075071335
Iteration,1,412,60.5986690521,0.132077217102
Iteration,0,412,60.6261019707,0.132076025009
Iteration,1,413,60.7306289673,0.131959915161
Iteration,3,413,60.7289791107,0.131958961487
Iteration,2,413,60.7364418507,0.131960868835
Iteration,0,413,60.7580621243,0.13196015358
Iteration,2,414,60.8684229851,0.131981134415
Iteration,1,414,60.8626089096,0.131979942322
Iteration,3,414,60.8609600067,0.131980895996
Iteration,0,414,60.8900420666,0.131979942322
Iteration,3,415,60.9951901436,0.134230136871
Iteration,2,415,61.0026879311,0.134264945984
Iteration,1,415,60.9968390465,0.134230136871
Iteration,0,415,61.0242760181,0.134233951569
Iteration,1,416,61.1290080547,0.132169008255
Iteration,3,416,61.1273591518,0.132169008255
Iteration,2,416,61.1348199844,0.132132053375
Iteration,0,416,61.1564409733,0.132164955139
Iteration,2,417,61.2662680149,0.131448030472
Iteration,1,417,61.2604548931,0.131446838379
Iteration,3,417,61.2588059902,0.131446838379
Iteration,0,417,61.2878890038,0.131448030472
Iteration,3,418,61.3902311325,0.131425142288
Iteration,2,418,61.3976929188,0.13142490387
Iteration,1,418,61.3918809891,0.131426095963
Iteration,0,418,61.419314146,0.131425142288
Iteration,1,419,61.5232439041,0.131362915039
Iteration,3,419,61.5215940475,0.131362915039
Iteration,2,419,61.5290560722,0.131363153458
Iteration,0,419,61.6587541103,0.239439964294
Iteration,2,420,61.7713398933,0.242283821106
Iteration,1,420,61.7655229568,0.242279052734
Iteration,3,420,61.763874054,0.242280006409
Iteration,0,420,61.7929589748,0.134204864502
Iteration,3,421,61.8959600925,0.132086038589
Iteration,2,421,61.9034218788,0.132081985474
Iteration,1,421,61.8976089954,0.132086038589
Iteration,0,421,61.9250421524,0.132083177567
Iteration,1,422,62.0298628807,0.132253885269
Iteration,3,422,62.0282149315,0.132254838943
Iteration,2,422,62.0356750488,0.132253170013
Iteration,0,422,62.057295084,0.132252931595
Iteration,2,423,62.1677958965,0.132120847702
Iteration,1,423,62.1619849205,0.132122039795
Iteration,3,423,62.1603360176,0.132121086121
Iteration,0,423,62.1894171238,0.132122039795
Iteration,3,424,62.2926199436,0.13228392601
Iteration,2,424,62.3000819683,0.132286071777
Iteration,1,424,62.2942688465,0.13228392601
Iteration,0,424,62.3217029572,0.132285833359
Iteration,1,425,62.4264099598,0.132141113281
Iteration,3,425,62.4247601032,0.132140159607
Iteration,2,425,62.4322218895,0.132139921188
Iteration,0,425,62.4538419247,0.132138967514
Iteration,2,426,62.5644750595,0.132253170013
Iteration,1,426,62.5586619377,0.132251977921
Iteration,3,426,62.5570130348,0.132252931595
Iteration,0,426,62.5860950947,0.132253170013
Iteration,3,427,62.6893160343,0.132302999496
Iteration,2,427,62.6967749596,0.132299900055
Iteration,1,427,62.6909649372,0.132302999496
Iteration,0,427,62.7183949947,0.132299900055
Iteration,1,428,62.8231878281,0.132222890854
Iteration,3,428,62.8215389252,0.132222890854
Iteration,2,428,62.8289978504,0.132222890854
Iteration,0,428,62.850618124,0.132223129272
Iteration,2,429,62.9620778561,0.133080005646
Iteration,1,429,62.95626688,0.133079051971
Iteration,3,429,62.9546189308,0.133080005646
Iteration,0,429,63.0926821232,0.242063999176
Iteration,3,430,63.1977670193,0.243148088455
Iteration,2,430,63.205231905,0.24315404892
Iteration,1,430,63.1994168758,0.243149995804
Iteration,0,430,63.2268509865,0.134168863297
Iteration,1,431,63.3315529823,0.132136106491
Iteration,3,431,63.3299031258,0.132136106491
Iteration,2,431,63.337364912,0.13213300705
Iteration,0,431,63.3589849472,0.132133960724
Iteration,2,432,63.4695448875,0.13217997551
Iteration,1,432,63.4637339115,0.132180929184
Iteration,3,432,63.4620850086,0.132181882858
Iteration,0,432,63.4911661148,0.132181167603
Iteration,3,433,63.5942480564,0.132163047791
Iteration,2,433,63.601708889,0.132164001465
Iteration,1,433,63.5958969593,0.132163047791
Iteration,0,433,63.6233301163,0.132164001465
Iteration,1,434,63.7279670238,0.132070064545
Iteration,3,434,63.7263169289,0.132068872452
Iteration,2,434,63.7337789536,0.132070064545
Iteration,0,434,63.7553999424,0.132069826126
Iteration,2,435,63.8659188747,0.132139921188
Iteration,1,435,63.8601059914,0.132138967514
Iteration,3,435,63.8584570885,0.132140159607
Iteration,0,435,63.8875391483,0.132139205933
Iteration,3,436,63.9906921387,0.132235050201
Iteration,2,436,63.9981520176,0.132233142853
Iteration,1,436,63.9923410416,0.132235050201
Iteration,0,436,64.0197739601,0.132234811783
Iteration,1,437,64.1243598461,0.13201880455
Iteration,3,437,64.1227109432,0.13201880455
Iteration,2,437,64.1301720142,0.132019996643
Iteration,0,437,64.1517930031,0.132019042969
Iteration,2,438,64.2621819973,0.132009983063
Iteration,1,438,64.2563698292,0.132009983063
Iteration,3,438,64.2547209263,0.132009983063
Iteration,0,438,64.2838029861,0.132009983063
Iteration,3,439,64.3868091106,0.132088184357
Iteration,2,439,64.3942708969,0.132088899612
Iteration,1,439,64.3884580135,0.132088184357
Iteration,0,439,64.5236310959,0.239828109741
Iteration,2,440,64.6404340267,0.246163129807
Iteration,0,440,64.6620531082,0.138422012329
Iteration,1,440,64.6346490383,0.24619102478
Iteration,3,440,64.6330010891,0.246191978455
Iteration,3,441,64.7651040554,0.132102966309
Iteration,1,441,64.766753912,0.132104873657
Iteration,2,441,64.772564888,0.132130861282
Iteration,0,441,64.7941861153,0.13213300705
Iteration,2,442,64.9047348499,0.132169961929
Iteration,3,442,64.8972740173,0.132169961929
Iteration,1,442,64.8989229202,0.132169008255
Iteration,0,442,64.9263551235,0.132169008255
Iteration,1,443,65.0310559273,0.13213300705
Iteration,2,443,65.0368669033,0.132132053375
Iteration,3,443,65.0294060707,0.132132053375
Iteration,0,443,65.0584869385,0.132131814957
Iteration,3,444,65.1615920067,0.132185935974
Iteration,1,444,65.1632409096,0.1321849823
Iteration,2,444,65.1690530777,0.132186174393
Iteration,0,444,65.1906740665,0.132187128067
