Iteration,0,1,1.80715417862,0.198004961014
Iteration,2,1,1.80685400963,0.224411010742
Iteration,1,1,1.80374097824,0.22434592247
Iteration,3,1,1.80528187752,0.224453926086
Iteration,0,2,2.00852608681,0.201371908188
Iteration,3,2,2.00654983521,0.201267957687
Iteration,2,2,2.00817799568,0.201323986053
Iteration,1,2,2.00508093834,0.201339960098
Iteration,0,3,2.20496511459,0.196439027786
Iteration,2,3,2.20459413528,0.196416139603
Iteration,3,3,2.20304298401,0.196493148804
Iteration,1,3,2.20148706436,0.196406126022
Iteration,0,4,2.40142202377,0.19645690918
Iteration,2,4,2.40106296539,0.196468830109
Iteration,3,4,2.39948892593,0.196445941925
Iteration,1,4,2.3979640007,0.19647693634
Iteration,0,5,2.59685921669,0.195437192917
Iteration,3,5,2.59489297867,0.195404052734
Iteration,1,5,2.59337592125,0.195411920547
Iteration,2,5,2.5964641571,0.195401191711
Iteration,0,6,2.79334807396,0.196488857269
Iteration,3,6,2.79137301445,0.196480035782
Iteration,1,6,2.78987598419,0.196500062943
Iteration,2,6,2.79298996925,0.196525812149
Iteration,0,7,2.99039816856,0.197050094604
Iteration,2,7,2.99004197121,0.197052001953
Iteration,3,7,2.98844695091,0.197073936462
Iteration,1,7,2.98692297935,0.197046995163
Iteration,0,8,3.18767499924,0.197276830673
Iteration,2,8,3.18728399277,0.197242021561
Iteration,3,8,3.18570780754,0.197260856628
Iteration,1,8,3.18418502808,0.197262048721
Iteration,3,9,3.38191580772,0.196208000183
Iteration,1,9,3.38038706779,0.196202039719
Iteration,2,9,3.38349699974,0.196213006973
Iteration,0,9,3.49587702751,0.308202028275
Iteration,0,10,3.71813416481,0.222257137299
Iteration,3,10,3.71615195274,0.33423614502
Iteration,1,10,3.71462702751,0.334239959717
Iteration,2,10,3.71774196625,0.334244966507
Iteration,0,11,3.91791009903,0.199775934219
Iteration,2,11,3.91754817963,0.199806213379
Iteration,3,11,3.91595196724,0.199800014496
Iteration,1,11,3.91442799568,0.19980096817
Iteration,0,12,4.11989998817,0.201989889145
Iteration,3,12,4.11794686317,0.201994895935
Iteration,1,12,4.1164290905,0.202001094818
Iteration,2,12,4.1195499897,0.202001810074
Iteration,0,13,4.31797814369,0.198078155518
Iteration,2,13,4.31757307053,0.198023080826
Iteration,3,13,4.31601691246,0.198070049286
Iteration,1,13,4.31449007988,0.19806098938
Iteration,0,14,4.51356506348,0.195586919785
Iteration,2,14,4.5131790638,0.195605993271
Iteration,3,14,4.51162695885,0.195610046387
Iteration,1,14,4.51009702682,0.195606946945
Iteration,0,15,4.70930099487,0.195735931396
Iteration,3,15,4.70732498169,0.195698022842
Iteration,1,15,4.70579791069,0.195700883865
Iteration,2,15,4.7089240551,0.195744991302
Iteration,0,16,4.90595602989,0.196655035019
Iteration,3,16,4.90398788452,0.196662902832
Iteration,1,16,4.90246891975,0.196671009064
Iteration,2,16,4.9056019783,0.196677923203
Iteration,0,17,5.10333514214,0.197379112244
Iteration,3,17,5.10133600235,0.197348117828
Iteration,1,17,5.09981107712,0.197342157364
Iteration,2,17,5.1029419899,0.197340011597
Iteration,0,18,5.29932022095,0.195985078812
Iteration,3,18,5.29736995697,0.19603395462
Iteration,1,18,5.2958419323,0.196030855179
Iteration,2,18,5.29894804955,0.196006059647
Iteration,3,19,5.49299693108,0.195626974106
Iteration,1,19,5.49149703979,0.195655107498
Iteration,2,19,5.49457812309,0.195630073547
Iteration,0,19,5.61176514626,0.312444925308
Iteration,0,20,5.83958911896,0.227823972702
Iteration,2,20,5.8392059803,0.344627857208
Iteration,3,20,5.83762788773,0.34463095665
Iteration,1,20,5.83609294891,0.344595909119
Iteration,0,21,6.03805208206,0.198462963104
Iteration,3,21,6.03608798981,0.198460102081
Iteration,1,21,6.03456902504,0.198476076126
Iteration,2,21,6.03771901131,0.198513031006
Iteration,0,22,6.23469805717,0.196645975113
Iteration,3,22,6.2327568531,0.196668863297
Iteration,1,22,6.23121190071,0.196642875671
Iteration,2,22,6.23435115814,0.196632146835
Iteration,0,23,6.43099808693,0.196300029755
Iteration,3,23,6.42906498909,0.196308135986
Iteration,1,23,6.42753195763,0.196320056915
Iteration,2,23,6.43063998222,0.196288824081
Iteration,0,24,6.62691402435,0.195915937424
Iteration,3,24,6.62495994568,0.195894956589
Iteration,1,24,6.62343001366,0.19589805603
Iteration,2,24,6.62653398514,0.195894002914
Iteration,0,25,6.82318305969,0.196269035339
Iteration,3,25,6.82120394707,0.196244001389
Iteration,2,25,6.82280111313,0.196267127991
Iteration,1,25,6.81970000267,0.196269989014
Iteration,0,26,7.01981902122,0.196635961533
Iteration,3,26,7.01787495613,0.196671009064
Iteration,1,26,7.01634407043,0.196644067764
Iteration,2,26,7.01946616173,0.196665048599
Iteration,0,27,7.2188231945,0.199004173279
Iteration,3,27,7.2168738842,0.19899892807
Iteration,1,27,7.21532392502,0.198979854584
Iteration,2,27,7.2184650898,0.19899892807
Iteration,0,28,7.41607809067,0.197254896164
Iteration,3,28,7.41413283348,0.19725894928
Iteration,2,28,7.41575098038,0.197285890579
Iteration,1,28,7.4126200676,0.197296142578
Iteration,2,29,7.61567902565,0.199928045273
Iteration,3,29,7.61411094666,0.199978113174
Iteration,1,29,7.61257791519,0.199957847595
Iteration,0,29,7.73238611221,0.316308021545
Iteration,0,30,7.96140408516,0.229017972946
Iteration,3,30,7.95947194099,0.345360994339
Iteration,1,30,7.9579410553,0.345363140106
Iteration,2,30,7.96107697487,0.345397949219
Iteration,0,31,8.15904808044,0.197643995285
Iteration,2,31,8.15868496895,0.19760799408
Iteration,3,31,8.15709280968,0.197620868683
Iteration,1,31,8.15555906296,0.19761800766
Iteration,0,32,8.35501122475,0.195963144302
Iteration,2,32,8.3546500206,0.195965051651
Iteration,3,32,8.35307383537,0.195981025696
Iteration,1,32,8.3515329361,0.195973873138
Iteration,0,33,8.55144500732,0.196433782578
Iteration,2,33,8.55106210709,0.196412086487
Iteration,3,33,8.54948997498,0.196416139603
Iteration,1,33,8.54795098305,0.196418046951
Iteration,0,34,8.74779820442,0.196353197098
Iteration,2,34,8.74745702744,0.196394920349
Iteration,3,34,8.74587488174,0.196384906769
Iteration,1,34,8.74433803558,0.196387052536
Iteration,0,35,8.94689011574,0.199091911316
Iteration,2,35,8.94651508331,0.199058055878
Iteration,3,35,8.94494581223,0.199070930481
Iteration,1,35,8.94341087341,0.19907283783
Iteration,0,36,9.14366817474,0.196778059006
Iteration,3,36,9.14171099663,0.196765184402
Iteration,1,36,9.1401848793,0.19677400589
Iteration,2,36,9.14330816269,0.196793079376
Iteration,0,37,9.3433701992,0.19970202446
Iteration,2,37,9.3429980278,0.199689865112
Iteration,3,37,9.34143900871,0.199728012085
Iteration,1,37,9.33989405632,0.199709177017
Iteration,0,38,9.53951501846,0.19614481926
Iteration,3,38,9.53761601448,0.196177005768
Iteration,1,38,9.53607296944,0.196178913116
Iteration,2,38,9.53917908669,0.196181058884
Iteration,3,39,9.73439288139,0.196776866913
Iteration,2,39,9.73599910736,0.196820020676
Iteration,1,39,9.73287606239,0.196803092957
Iteration,0,39,9.8519051075,0.312390089035
Iteration,0,40,10.0813782215,0.229473114014
Iteration,3,40,10.0793979168,0.3450050354
Iteration,1,40,10.0778930187,0.345016956329
Iteration,2,40,10.0810410976,0.34504199028
Iteration,0,41,10.2801179886,0.198739767075
Iteration,3,41,10.2781989574,0.198801040649
Iteration,1,41,10.2766549587,0.198761940002
Iteration,2,41,10.2797830105,0.198741912842
Iteration,0,42,10.4764561653,0.196338176727
Iteration,3,42,10.4745278358,0.196328878403
Iteration,2,42,10.4761040211,0.19632101059
Iteration,1,42,10.47301507,0.196360111237
Iteration,0,43,10.6737380028,0.197281837463
Iteration,2,43,10.6733591557,0.197255134583
Iteration,3,43,10.6718049049,0.197277069092
Iteration,1,43,10.6702589989,0.197243928909
Iteration,0,44,10.8723800182,0.198642015457
Iteration,3,44,10.8704388142,0.198633909225
Iteration,2,44,10.872040987,0.19868183136
Iteration,1,44,10.8689250946,0.198666095734
Iteration,0,45,11.0692951679,0.196915149689
Iteration,2,45,11.0689070225,0.196866035461
Iteration,3,45,11.0673079491,0.196869134903
Iteration,1,45,11.0657980442,0.1968729496
Iteration,0,46,11.2660400867,0.196744918823
Iteration,1,46,11.262556076,0.196758031845
Iteration,2,46,11.2656621933,0.196755170822
Iteration,3,46,11.2641038895,0.196795940399
Iteration,0,47,11.462485075,0.196444988251
Iteration,3,47,11.4605429173,0.196439027786
Iteration,1,47,11.4589970112,0.196440935135
Iteration,2,47,11.4621081352,0.196445941925
Iteration,0,48,11.6621100903,0.199625015259
Iteration,3,48,11.6601610184,0.19961810112
Iteration,1,48,11.6586139202,0.199616909027
Iteration,2,48,11.6617569923,0.199648857117
Iteration,2,49,11.8576431274,0.195886135101
Iteration,3,49,11.8560550213,0.195894002914
Iteration,1,49,11.8545088768,0.195894956589
Iteration,0,49,11.9766089916,0.314498901367
Iteration,0,50,12.2063341141,0.229725122452
Iteration,3,50,12.2044379711,0.348382949829
Iteration,2,50,12.2060170174,0.348373889923
Iteration,1,50,12.2029349804,0.348426103592
Iteration,0,51,12.4033482075,0.197014093399
Iteration,3,51,12.4014439583,0.197005987167
Iteration,2,51,12.4030370712,0.197020053864
Iteration,1,51,12.3999190331,0.196984052658
Iteration,0,52,12.5998761654,0.196527957916
Iteration,3,52,12.5979368687,0.196492910385
Iteration,1,52,12.5963878632,0.196468830109
Iteration,2,52,12.5995090008,0.19647192955
Iteration,0,53,12.7975280285,0.197651863098
Iteration,3,53,12.795593977,0.197657108307
Iteration,1,53,12.7940490246,0.197661161423
Iteration,2,53,12.7972331047,0.197724103928
Iteration,0,54,12.9949390888,0.197411060333
Iteration,3,54,12.9929978848,0.197403907776
Iteration,2,54,12.9946050644,0.197371959686
Iteration,1,54,12.9914939404,0.197444915771
Iteration,0,55,13.1915080547,0.196568965912
Iteration,3,55,13.1895749569,0.196577072144
Iteration,1,55,13.1880300045,0.196536064148
Iteration,2,55,13.191163063,0.196557998657
Iteration,0,56,13.3873901367,0.195882081985
Iteration,3,56,13.3854818344,0.195906877518
Iteration,1,56,13.3839280605,0.19589805603
Iteration,2,56,13.3870460987,0.19588303566
Iteration,0,57,13.5852620602,0.197871923447
Iteration,3,57,13.5832858086,0.197803974152
Iteration,1,57,13.5817759037,0.19784784317
Iteration,2,57,13.5848760605,0.197829961777
Iteration,0,58,13.781799078,0.196537017822
Iteration,2,58,13.781468153,0.196592092514
Iteration,3,58,13.7798779011,0.196592092514
Iteration,1,58,13.7783238888,0.196547985077
Iteration,3,59,13.9767289162,0.196851015091
Iteration,1,59,13.9752020836,0.196878194809
Iteration,2,59,13.9783370495,0.196868896484
Iteration,0,59,14.0951900482,0.31339097023
Iteration,0,60,14.324431181,0.229241132736
Iteration,2,60,14.3240990639,0.345762014389
Iteration,3,60,14.322537899,0.345808982849
Iteration,1,60,14.3210089207,0.345806837082
Iteration,0,61,14.5200111866,0.195580005646
Iteration,3,61,14.5180718899,0.19553399086
Iteration,2,61,14.5196421146,0.195543050766
Iteration,1,61,14.5165500641,0.195541143417
Iteration,0,62,14.7166731358,0.196661949158
Iteration,3,62,14.7147269249,0.196655035019
Iteration,1,62,14.7131750584,0.196624994278
Iteration,2,62,14.7163341045,0.196691989899
Iteration,0,63,14.913339138,0.196666002274
Iteration,3,63,14.911386013,0.196659088135
Iteration,1,63,14.9098289013,0.196653842926
Iteration,2,63,14.9130001068,0.196666002274
Iteration,0,64,15.1100280285,0.196688890457
Iteration,3,64,15.1081018448,0.196715831757
Iteration,2,64,15.1097049713,0.196704864502
Iteration,1,64,15.1065778732,0.196748971939
Iteration,0,65,15.3066170216,0.196588993073
Iteration,3,65,15.3046979904,0.19659614563
Iteration,1,65,15.3031659126,0.196588039398
Iteration,2,65,15.3062729836,0.196568012238
Iteration,0,66,15.5046470165,0.198029994965
Iteration,3,66,15.5027499199,0.198051929474
Iteration,1,66,15.5011959076,0.198029994965
Iteration,2,66,15.5043401718,0.198067188263
Iteration,0,67,15.7013092041,0.196662187576
Iteration,3,67,15.6993589401,0.196609020233
Iteration,2,67,15.7009179592,0.196577787399
Iteration,1,67,15.6978230476,0.196627140045
Iteration,0,68,15.8978891373,0.196579933167
Iteration,2,68,15.8975281715,0.196610212326
Iteration,3,68,15.8959460258,0.196587085724
Iteration,1,68,15.8943910599,0.196568012238
Iteration,2,69,16.0951621532,0.197633981705
Iteration,3,69,16.0935678482,0.197621822357
Iteration,1,69,16.092042923,0.197651863098
Iteration,0,69,16.2130889893,0.31519985199
Iteration,0,70,16.444258213,0.231169223785
Iteration,3,70,16.4423317909,0.348763942719
Iteration,1,70,16.4407689571,0.348726034164
Iteration,2,70,16.4438951015,0.348732948303
Iteration,0,71,16.6400010586,0.195742845535
Iteration,3,71,16.6380889416,0.19575715065
Iteration,1,71,16.6365280151,0.195759057999
Iteration,2,71,16.6396431923,0.195748090744
Iteration,0,72,16.8357601166,0.195759057999
Iteration,2,72,16.8354561329,0.195812940598
Iteration,3,72,16.8338718414,0.195782899857
Iteration,1,72,16.8323130608,0.195785045624
Iteration,0,73,17.0326631069,0.196902990341
Iteration,3,73,17.0307278633,0.196856021881
Iteration,1,73,17.0292038918,0.196890830994
Iteration,2,73,17.0323400497,0.196883916855
Iteration,0,74,17.2289361954,0.196273088455
Iteration,3,74,17.227039814,0.196311950684
Iteration,1,74,17.2254750729,0.196271181107
Iteration,2,74,17.2286269665,0.196286916733
Iteration,0,75,17.425853014,0.196916818619
Iteration,3,75,17.4239559174,0.196916103363
Iteration,1,75,17.4223959446,0.196920871735
Iteration,2,75,17.425522089,0.196895122528
Iteration,0,76,17.6226961613,0.196843147278
Iteration,3,76,17.620775938,0.196820020676
Iteration,1,76,17.6192219257,0.19682598114
Iteration,2,76,17.6223480701,0.19682598114
Iteration,0,77,17.8199751377,0.19727897644
Iteration,3,77,17.8180580139,0.197282075882
Iteration,1,77,17.8164889812,0.197267055511
Iteration,2,77,17.8196451664,0.197297096252
Iteration,0,78,18.0181090832,0.198133945465
Iteration,3,78,18.0161929131,0.198134899139
Iteration,1,78,18.0146529675,0.198163986206
Iteration,2,78,18.0177791119,0.198133945465
Iteration,3,79,18.2136149406,0.197422027588
Iteration,1,79,18.2120320797,0.197379112244
Iteration,2,79,18.215195179,0.197416067123
Iteration,0,79,18.331362009,0.313252925873
Iteration,0,80,18.5609321594,0.229570150375
Iteration,3,80,18.5590598583,0.345444917679
Iteration,1,80,18.5574848652,0.345452785492
Iteration,2,80,18.5606160164,0.345420837402
Iteration,0,81,18.7572081089,0.196275949478
Iteration,3,81,18.7552809715,0.196221113205
Iteration,2,81,18.7568600178,0.196244001389
Iteration,1,81,18.7537388802,0.196254014969
Iteration,0,82,18.9533131123,0.196105003357
Iteration,3,82,18.9513628483,0.196081876755
Iteration,1,82,18.949819088,0.196080207825
Iteration,2,82,18.9529461861,0.196086168289
Iteration,0,83,19.152588129,0.199275016785
Iteration,3,83,19.1506428719,0.199280023575
Iteration,1,83,19.1491119862,0.199292898178
Iteration,2,83,19.1522600651,0.199313879013
Iteration,0,84,19.3492350578,0.196646928787
Iteration,3,84,19.3473289013,0.196686029434
Iteration,2,84,19.3488891125,0.196629047394
Iteration,1,84,19.3457829952,0.196671009064
Iteration,0,85,19.5472071171,0.19797205925
Iteration,2,85,19.5468940735,0.198004961014
Iteration,3,85,19.5453448296,0.198015928268
Iteration,1,85,19.5437738895,0.197990894318
Iteration,0,86,19.7441880703,0.196980953217
Iteration,3,86,19.7422850132,0.19694018364
Iteration,2,86,19.7438671589,0.196973085403
Iteration,1,86,19.7407169342,0.196943044662
Iteration,0,87,19.9413189888,0.197130918503
Iteration,3,87,19.9394040108,0.197118997574
Iteration,1,87,19.9378619194,0.197144985199
Iteration,2,87,19.9410531521,0.197185993195
Iteration,0,88,20.137663126,0.196344137192
Iteration,3,88,20.1357688904,0.196364879608
Iteration,1,88,20.1342270374,0.196365118027
Iteration,2,88,20.1374161243,0.19636297226
Iteration,3,89,20.3340950012,0.19832611084
Iteration,1,89,20.3325579166,0.198330879211
Iteration,2,89,20.3357081413,0.198292016983
Iteration,0,89,20.4526460171,0.314982891083
Iteration,0,90,20.6790411472,0.226395130157
Iteration,3,90,20.6771469116,0.3430519104
Iteration,1,90,20.6756029129,0.343044996262
Iteration,2,90,20.678743124,0.343034982681
Iteration,0,91,20.8752450943,0.196203947067
Iteration,3,91,20.873336792,0.196189880371
Iteration,2,91,20.874972105,0.196228981018
Iteration,1,91,20.8718209267,0.196218013763
Iteration,0,92,21.0733630657,0.19811797142
Iteration,3,92,21.071461916,0.198125123978
Iteration,1,92,21.0699288845,0.19810795784
Iteration,2,92,21.0730671883,0.198095083237
Iteration,0,93,21.2699410915,0.196578025818
Iteration,3,93,21.2680559158,0.196593999863
Iteration,2,93,21.2696630955,0.196595907211
Iteration,1,93,21.2665729523,0.196644067764
Iteration,0,94,21.4664151669,0.196474075317
Iteration,3,94,21.4645469189,0.196491003036
Iteration,1,94,21.4630000591,0.196427106857
Iteration,2,94,21.4661290646,0.196465969086
Iteration,0,95,21.6617460251,0.195330858231
Iteration,3,95,21.6598758698,0.195328950882
Iteration,1,95,21.6583230495,0.195322990417
Iteration,2,95,21.6614561081,0.195327043533
Iteration,0,96,21.8598330021,0.198086977005
Iteration,3,96,21.8579699993,0.198094129562
Iteration,1,96,21.8563950062,0.198071956635
Iteration,2,96,21.8595790863,0.19812297821
Iteration,0,97,22.0551791191,0.19534611702
Iteration,3,97,22.0532889366,0.195318937302
Iteration,1,97,22.0517370701,0.195342063904
Iteration,2,97,22.054901123,0.195322036743
Iteration,0,98,22.250838995,0.19565987587
Iteration,3,98,22.2489860058,0.195697069168
Iteration,1,98,22.2474300861,0.195693016052
Iteration,2,98,22.2505581379,0.195657014847
Iteration,3,99,22.4444389343,0.195452928543
Iteration,1,99,22.4428949356,0.195464849472
Iteration,2,99,22.4460220337,0.195463895798
Iteration,0,99,22.562734127,0.311895132065
Iteration,0,100,22.7879431248,0.225208997726
Iteration,3,100,22.786067009,0.341628074646
Iteration,1,100,22.7845110893,0.341616153717
Iteration,2,100,22.7876710892,0.341649055481
Iteration,0,101,22.9828631878,0.194920063019
Iteration,3,101,22.9809799194,0.194912910461
Iteration,1,101,22.9794318676,0.194920778275
Iteration,2,101,22.9825949669,0.194923877716
Iteration,0,102,23.1780540943,0.195190906525
Iteration,3,102,23.176158905,0.195178985596
Iteration,1,102,23.1746149063,0.195183038712
Iteration,2,102,23.1777610779,0.195166110992
Iteration,0,103,23.3742442131,0.19619011879
Iteration,3,103,23.3723800182,0.196221113205
Iteration,1,103,23.3708338737,0.196218967438
Iteration,2,103,23.3739700317,0.196208953857
Iteration,0,104,23.5709571838,0.196712970734
Iteration,3,104,23.5691030025,0.196722984314
Iteration,1,104,23.5675549507,0.196721076965
Iteration,2,104,23.5706839561,0.196713924408
Iteration,0,105,23.7687351704,0.197777986526
Iteration,3,105,23.7668509483,0.197747945786
Iteration,1,105,23.7653110027,0.197756052017
Iteration,2,105,23.7684760094,0.197792053223
Iteration,0,106,23.9644551277,0.195719957352
Iteration,3,106,23.9625849724,0.195734024048
Iteration,1,106,23.9610280991,0.195717096329
Iteration,2,106,23.9641990662,0.195723056793
Iteration,0,107,24.1604831219,0.196027994156
Iteration,3,107,24.1585969925,0.196012020111
Iteration,1,107,24.157047987,0.196019887924
Iteration,2,107,24.1602320671,0.196033000946
Iteration,0,108,24.3553431034,0.194859981537
Iteration,2,108,24.355025053,0.194792985916
Iteration,3,108,24.3534610271,0.194864034653
Iteration,1,108,24.3518750668,0.194827079773
Iteration,2,109,24.5505771637,0.195552110672
Iteration,3,109,24.5490038395,0.195542812347
Iteration,1,109,24.5474450588,0.195569992065
Iteration,0,109,24.6677930355,0.312449932098
Iteration,0,110,24.8967251778,0.228932142258
Iteration,2,110,24.8964681625,0.34589099884
Iteration,3,110,24.8948659897,0.345862150192
Iteration,1,110,24.8933088779,0.345863819122
Iteration,0,111,25.0929322243,0.196207046509
Iteration,2,111,25.0926401615,0.196171998978
Iteration,3,111,25.0910708904,0.196204900742
Iteration,1,111,25.0894720554,0.19616317749
Iteration,0,112,25.2875571251,0.194624900818
Iteration,2,112,25.2872951031,0.194654941559
Iteration,3,112,25.2857408524,0.194669961929
Iteration,1,112,25.2841510773,0.194679021835
Iteration,0,113,25.4827580452,0.195200920105
Iteration,2,113,25.4824659824,0.195170879364
Iteration,3,113,25.480894804,0.195153951645
Iteration,1,113,25.4793279171,0.195176839828
Iteration,0,114,25.6819171906,0.199159145355
Iteration,3,114,25.6800558567,0.199161052704
Iteration,1,114,25.6785030365,0.1991751194
Iteration,2,114,25.6816420555,0.199176073074
Iteration,0,115,25.8768811226,0.194963932037
Iteration,2,115,25.8766171932,0.194975137711
Iteration,3,115,25.8750379086,0.194982051849
Iteration,1,115,25.8734390736,0.194936037064
Iteration,0,116,26.0718920231,0.195010900497
Iteration,2,116,26.0716311932,0.195013999939
Iteration,3,116,26.0700469017,0.195008993149
Iteration,1,116,26.0684568882,0.195017814636
Iteration,0,117,26.2673740387,0.19548201561
Iteration,3,117,26.2655379772,0.195491075516
Iteration,1,117,26.2639710903,0.195514202118
Iteration,2,117,26.2671320438,0.195500850677
Iteration,0,118,26.4631850719,0.195811033249
Iteration,3,118,26.4613468647,0.195808887482
Iteration,1,118,26.4597868919,0.19581580162
Iteration,2,118,26.4629240036,0.195791959763
Iteration,3,119,26.6575148106,0.196167945862
Iteration,1,119,26.6559479237,0.196161031723
Iteration,2,119,26.6591169834,0.196192979813
Iteration,0,119,26.7755661011,0.312381029129
Iteration,0,120,27.0023880005,0.226821899414
Iteration,3,120,27.0005269051,0.343012094498
Iteration,1,120,26.9989418983,0.342993974686
Iteration,2,120,27.0021290779,0.343012094498
Iteration,0,121,27.198154211,0.195766210556
Iteration,3,121,27.1963188648,0.195791959763
Iteration,1,121,27.1947350502,0.195793151855
Iteration,2,121,27.1979110241,0.195781946182
Iteration,0,122,27.3947341442,0.196579933167
Iteration,3,122,27.3929078579,0.196588993073
Iteration,1,122,27.3913400173,0.196604967117
Iteration,2,122,27.3944849968,0.196573972702
Iteration,0,123,27.5912690163,0.196534872055
Iteration,2,123,27.590993166,0.196508169174
Iteration,3,123,27.5894138813,0.196506023407
Iteration,1,123,27.5878419876,0.196501970291
Iteration,0,124,27.7894961834,0.19822716713
Iteration,2,124,27.7892429829,0.198249816895
Iteration,3,124,27.7876498699,0.198235988617
Iteration,1,124,27.7860920429,0.198250055313
Iteration,0,125,27.9853641987,0.195868015289
Iteration,3,125,27.9835009575,0.19585108757
Iteration,1,125,27.9819040298,0.195811986923
Iteration,2,125,27.9851071835,0.195864200592
Iteration,0,126,28.1819601059,0.196595907211
Iteration,3,126,28.180082798,0.196581840515
Iteration,2,126,28.1816849709,0.196577787399
Iteration,1,126,28.1785399914,0.196635961533
Iteration,0,127,28.3798551559,0.197895050049
Iteration,2,127,28.3795950413,0.197910070419
Iteration,3,127,28.3780219555,0.197939157486
Iteration,1,127,28.3764460087,0.197906017303
Iteration,0,128,28.5772411823,0.197386026382
Iteration,2,128,28.5769691467,0.197374105453
Iteration,3,128,28.5754070282,0.197385072708
Iteration,1,128,28.5738370419,0.197391033173
Iteration,2,129,28.7743661404,0.197396993637
Iteration,3,129,28.772799015,0.197391986847
Iteration,1,129,28.7711939812,0.197356939316
Iteration,0,129,28.8927760124,0.315534830093
Iteration,0,130,29.1203110218,0.227535009384
Iteration,3,130,29.1184799671,0.345680952072
Iteration,1,130,29.1168849468,0.345690965652
Iteration,2,130,29.1200699806,0.345703840256
Iteration,0,131,29.3165659904,0.196254968643
Iteration,3,131,29.3147258759,0.196245908737
Iteration,1,131,29.3131520748,0.196267127991
Iteration,2,131,29.3163061142,0.196236133575
Iteration,0,132,29.51197505,0.195409059525
Iteration,2,132,29.5117111206,0.195405006409
Iteration,3,132,29.5101590157,0.195433139801
Iteration,1,132,29.5085818768,0.195429801941
Iteration,0,133,29.7088601589,0.196885108948
Iteration,3,133,29.7070429325,0.196883916855
Iteration,1,133,29.705425024,0.196843147278
Iteration,2,133,29.7085871696,0.196876049042
Iteration,0,134,29.9050011635,0.196141004562
Iteration,3,134,29.9031708241,0.196127891541
Iteration,1,134,29.9015960693,0.196171045303
Iteration,2,134,29.9047579765,0.196170806885
Iteration,0,135,30.1015620232,0.19656085968
Iteration,3,135,30.0997169018,0.196546077728
Iteration,1,135,30.0981478691,0.196551799774
Iteration,2,135,30.1013431549,0.196585178375
Iteration,0,136,30.298579216,0.197017192841
Iteration,3,136,30.2967319489,0.197015047073
Iteration,2,136,30.2983071804,0.196964025497
Iteration,1,136,30.2951769829,0.19702911377
Iteration,0,137,30.4950590134,0.196479797363
Iteration,3,137,30.493242979,0.196511030197
Iteration,1,137,30.4916648865,0.196487903595
Iteration,2,137,30.4948079586,0.196500778198
Iteration,0,138,30.6901221275,0.195063114166
Iteration,2,138,30.689825058,0.19501709938
Iteration,3,138,30.6882669926,0.195024013519
Iteration,1,138,30.6866919994,0.195027112961
Iteration,3,139,30.8842728138,0.196005821228
Iteration,1,139,30.8826720715,0.195980072021
Iteration,2,139,30.8858661652,0.196041107178
Iteration,0,139,31.0052552223,0.315133094788
Iteration,0,140,31.2298841476,0.224628925323
Iteration,3,140,31.2280659676,0.343793153763
Iteration,1,140,31.2264859676,0.343813896179
Iteration,2,140,31.2296421528,0.343775987625
Iteration,0,141,31.4260890484,0.196204900742
Iteration,3,141,31.4242539406,0.196187973022
Iteration,1,141,31.4226839542,0.196197986603
Iteration,2,141,31.4258341789,0.196192026138
Iteration,0,142,31.6218311787,0.19574213028
Iteration,3,142,31.6199409962,0.195687055588
Iteration,2,142,31.6215109825,0.195676803589
Iteration,1,142,31.6183888912,0.195704936981
Iteration,0,143,31.8169250488,0.195093870163
Iteration,3,143,31.8150808811,0.195139884949
Iteration,1,143,31.8134930134,0.195104122162
Iteration,2,143,31.8166589737,0.19514799118
Iteration,0,144,32.0124440193,0.19551897049
Iteration,2,144,32.012212038,0.195553064346
Iteration,3,144,32.0106379986,0.195557117462
Iteration,1,144,32.0090289116,0.195535898209
Iteration,0,145,32.2075271606,0.195083141327
Iteration,3,145,32.205742836,0.195104837418
Iteration,1,145,32.2041120529,0.195083141327
Iteration,2,145,32.2072970867,0.195085048676
Iteration,0,146,32.4024910927,0.194963932037
Iteration,3,146,32.400676012,0.194933176041
Iteration,1,146,32.399089098,0.194977045059
Iteration,2,146,32.4022331238,0.194936037064
Iteration,0,147,32.5972001553,0.194709062576
Iteration,3,147,32.5953319073,0.194655895233
Iteration,1,147,32.5937678814,0.194678783417
Iteration,2,147,32.5969061852,0.194673061371
Iteration,0,148,32.7926130295,0.195412874222
Iteration,3,148,32.790760994,0.195429086685
Iteration,1,148,32.7891860008,0.195418119431
Iteration,2,148,32.7923851013,0.195478916168
Iteration,3,149,32.9861028194,0.195341825485
Iteration,1,149,32.9844930172,0.195307016373
Iteration,2,149,32.9876930714,0.195307970047
Iteration,0,149,33.1056551933,0.313042163849
Iteration,0,150,33.3314189911,0.22576379776
Iteration,3,150,33.3296248913,0.343522071838
Iteration,1,150,33.3280348778,0.34354186058
Iteration,2,150,33.3311920166,0.343498945236
Iteration,0,151,33.5263040066,0.194885015488
Iteration,3,151,33.5244958401,0.194870948792
Iteration,1,151,33.5229048729,0.194869995117
Iteration,2,151,33.5260460377,0.194854021072
Iteration,0,152,33.7213490009,0.195044994354
Iteration,3,152,33.7195258141,0.195029973984
Iteration,1,152,33.7179510593,0.195046186447
Iteration,2,152,33.7211260796,0.195080041885
Iteration,0,153,33.9157421589,0.194393157959
Iteration,2,153,33.9154970646,0.194370985031
Iteration,3,153,33.9139180183,0.194392204285
Iteration,1,153,33.9123048782,0.194353818893
Iteration,0,154,34.1106309891,0.194888830185
Iteration,3,154,34.1087930202,0.194875001907
Iteration,1,154,34.1072020531,0.194897174835
Iteration,2,154,34.1103680134,0.194870948792
Iteration,0,155,34.305147171,0.194516181946
Iteration,3,155,34.3033149242,0.194521903992
Iteration,1,155,34.3017349243,0.194532871246
Iteration,2,155,34.3048729897,0.194504976273
Iteration,0,156,34.5001950264,0.195047855377
Iteration,3,156,34.498404026,0.195089101791
Iteration,1,156,34.4967930317,0.195058107376
Iteration,2,156,34.4999761581,0.195103168488
Iteration,0,157,34.6944692135,0.194274187088
Iteration,3,157,34.692650795,0.194246768951
Iteration,1,157,34.6910638809,0.194270849228
Iteration,2,157,34.6942050457,0.194228887558
Iteration,0,158,34.8886320591,0.194162845612
Iteration,3,158,34.8867828846,0.194132089615
Iteration,1,158,34.8851959705,0.194132089615
Iteration,2,158,34.8883960247,0.194190979004
Iteration,2,159,35.0845601559,0.196164131165
Iteration,3,159,35.0829789639,0.196196079254
Iteration,1,159,35.0813829899,0.196187019348
Iteration,0,159,35.2023351192,0.31370306015
Iteration,0,160,35.4281151295,0.225780010223
Iteration,3,160,35.4263110161,0.343332052231
Iteration,1,160,35.4246919155,0.343308925629
Iteration,2,160,35.4278800488,0.343319892883
Iteration,0,161,35.6227931976,0.194678068161
Iteration,3,161,35.6209869385,0.194675922394
Iteration,1,161,35.6193900108,0.194698095322
Iteration,2,161,35.6225399971,0.194659948349
Iteration,0,162,35.8173210621,0.194527864456
Iteration,3,162,35.8154988289,0.194511890411
Iteration,1,162,35.8139169216,0.194526910782
Iteration,2,162,35.8171000481,0.194560050964
Iteration,0,163,36.0122392178,0.19491815567
Iteration,3,163,36.0104129314,0.194914102554
Iteration,1,163,36.0087928772,0.194875955582
Iteration,2,163,36.0120060444,0.194905996323
Iteration,0,164,36.2081861496,0.195946931839
Iteration,3,164,36.2063879967,0.195975065231
Iteration,1,164,36.2047460079,0.195953130722
Iteration,2,164,36.2079391479,0.195933103561
Iteration,0,165,36.4029471874,0.194761037827
Iteration,2,165,36.4027040005,0.194764852524
Iteration,3,165,36.4011638165,0.194775819778
Iteration,1,165,36.3995559216,0.194809913635
Iteration,0,166,36.5976600647,0.194712877274
Iteration,3,166,36.595856905,0.194693088531
Iteration,1,166,36.5942568779,0.194700956345
Iteration,2,166,36.597413063,0.194709062576
Iteration,0,167,36.7925870419,0.194926977158
Iteration,3,167,36.790779829,0.194922924042
Iteration,1,167,36.7891850471,0.19492816925
Iteration,2,167,36.7923870087,0.194973945618
Iteration,0,168,36.988394022,0.195806980133
Iteration,3,168,36.9865980148,0.195818185806
Iteration,1,168,36.9849998951,0.195814847946
Iteration,2,168,36.9881711006,0.195784091949
Iteration,3,169,37.1821818352,0.195583820343
Iteration,1,169,37.1805620193,0.195562124252
Iteration,2,169,37.1837861538,0.195615053177
Iteration,0,169,37.3001132011,0.311719179153
Iteration,0,170,37.5260570049,0.225943803787
Iteration,3,170,37.5242609978,0.342079162598
Iteration,2,170,37.5258209705,0.342034816742
Iteration,1,170,37.5226709843,0.34210896492
Iteration,0,171,37.7213511467,0.195294141769
Iteration,2,171,37.7211229801,0.195302009583
Iteration,3,171,37.7195649147,0.195303916931
Iteration,1,171,37.7179338932,0.195262908936
Iteration,0,172,37.9163241386,0.194972991943
Iteration,3,172,37.9144999981,0.194935083389
Iteration,1,172,37.9129180908,0.194984197617
Iteration,2,172,37.9160940647,0.194971084595
Iteration,0,173,38.1114552021,0.195131063461
Iteration,3,173,38.1096448898,0.195144891739
Iteration,1,173,38.1080489159,0.195130825043
Iteration,2,173,38.1112229824,0.195128917694
Iteration,0,174,38.3072571754,0.195801973343
Iteration,3,174,38.3054549694,0.195810079575
Iteration,1,174,38.303853035,0.19580411911
Iteration,2,174,38.3070070744,0.195784091949
Iteration,0,175,38.5023970604,0.195139884949
Iteration,3,175,38.5006089211,0.195153951645
Iteration,1,175,38.4990119934,0.195158958435
Iteration,2,175,38.5021631718,0.195156097412
Iteration,0,176,38.6976041794,0.195207118988
Iteration,3,176,38.6957888603,0.19517993927
Iteration,1,176,38.6941950321,0.195183038712
Iteration,2,176,38.6973459721,0.195182800293
Iteration,0,177,38.8930361271,0.195431947708
Iteration,2,177,38.8927791119,0.195433139801
Iteration,3,177,38.8912060261,0.195417165756
Iteration,1,177,38.889592886,0.195397853851
Iteration,0,178,39.0888991356,0.195863008499
Iteration,3,178,39.0870850086,0.195878982544
Iteration,1,178,39.0854840279,0.195891141891
Iteration,2,178,39.0886900425,0.195910930634
Iteration,3,179,39.2834169865,0.196331977844
Iteration,1,179,39.2817978859,0.196313858032
Iteration,2,179,39.2849700451,0.196280002594
Iteration,0,179,39.4031150341,0.314215898514
Iteration,0,180,39.6304020882,0.227287054062
Iteration,3,180,39.6286058426,0.345188856125
Iteration,1,180,39.6269960403,0.345198154449
Iteration,2,180,39.6301500797,0.345180034637
Iteration,0,181,39.826513052,0.196110963821
Iteration,3,181,39.8247230053,0.196117162704
Iteration,1,181,39.8230810165,0.196084976196
Iteration,2,181,39.8262841702,0.196134090424
Iteration,0,182,40.0233130455,0.196799993515
Iteration,3,182,40.021488905,0.196765899658
Iteration,1,182,40.0198919773,0.19681096077
Iteration,2,182,40.0230720043,0.196787834167
Iteration,0,183,40.21997118,0.19665813446
Iteration,3,183,40.218187809,0.196698904037
Iteration,1,183,40.2165579796,0.196666002274
Iteration,2,183,40.2197501659,0.196678161621
Iteration,0,184,40.4162120819,0.196240901947
Iteration,2,184,40.4159781933,0.196228027344
Iteration,3,184,40.4144399166,0.19625210762
Iteration,1,184,40.4128510952,0.196293115616
Iteration,0,185,40.612016201,0.19580411911
Iteration,3,185,40.6101989746,0.195759057999
Iteration,1,185,40.6086030006,0.195751905441
Iteration,2,185,40.611782074,0.195803880692
Iteration,0,186,40.8086791039,0.196662902832
Iteration,2,186,40.8084440231,0.196661949158
Iteration,3,186,40.8068699837,0.196671009064
Iteration,1,186,40.8052670956,0.196664094925
Iteration,0,187,41.0052981377,0.196619033813
Iteration,3,187,41.003485918,0.196615934372
Iteration,2,187,41.0050830841,0.196639060974
Iteration,1,187,41.0019099712,0.196642875671
Iteration,0,188,41.2011711597,0.195873022079
Iteration,2,188,41.2009301186,0.195847034454
Iteration,3,188,41.199395895,0.195909976959
Iteration,1,188,41.1977648735,0.195854902267
Iteration,3,189,41.394769907,0.195374011993
Iteration,1,189,41.393155098,0.195390224457
Iteration,2,189,41.3963091373,0.195379018784
Iteration,0,189,41.5132181644,0.3120470047
Iteration,0,190,41.7392520905,0.22603392601
Iteration,2,190,41.7390470505,0.342737913132
Iteration,3,190,41.7374978065,0.342727899551
Iteration,1,190,41.7358529568,0.34269785881
Iteration,0,191,41.9338870049,0.194634914398
Iteration,3,191,41.9320888519,0.19459104538
Iteration,1,191,41.9304800034,0.194627046585
Iteration,2,191,41.9336700439,0.194622993469
Iteration,0,192,42.1301732063,0.196286201477
Iteration,2,192,42.129928112,0.196258068085
Iteration,3,192,42.1283769608,0.196288108826
Iteration,1,192,42.1267650127,0.196285009384
Iteration,0,193,42.3263700008,0.19619679451
Iteration,3,193,42.3246159554,0.196238994598
Iteration,1,193,42.322961092,0.196196079254
Iteration,2,193,42.3261461258,0.196218013763
Iteration,0,194,42.5218710899,0.195501089096
Iteration,3,194,42.5200970173,0.195481061935
Iteration,1,194,42.5184779167,0.195516824722
Iteration,2,194,42.5216281414,0.19548201561
Iteration,0,195,42.7172131538,0.195342063904
Iteration,3,195,42.7153668404,0.195269823074
Iteration,2,195,42.7169539928,0.19532585144
Iteration,1,195,42.7137880325,0.195310115814
Iteration,0,196,42.9130461216,0.195832967758
Iteration,3,196,42.9112348557,0.195868015289
Iteration,2,196,42.9128050804,0.19585108757
Iteration,1,196,42.9096388817,0.195850849152
Iteration,0,197,43.1089951992,0.195949077606
Iteration,3,197,43.1071748734,0.1959400177
Iteration,1,197,43.1055819988,0.195943117142
Iteration,2,197,43.1087501049,0.19594502449
Iteration,0,198,43.3050801754,0.196084976196
Iteration,3,198,43.3032770157,0.196102142334
Iteration,2,198,43.3048360348,0.196085929871
Iteration,1,198,43.3016850948,0.196103096008
Iteration,2,199,43.500521183,0.195685148239
Iteration,3,199,43.4989879131,0.195710897446
Iteration,1,199,43.497369051,0.195683956146
Iteration,0,199,43.6377980709,0.332717895508
Iteration,0,200,43.8640961647,0.226298093796
Iteration,2,200,43.8638820648,0.363360881805
Iteration,3,200,43.8623189926,0.363331079483
Iteration,1,200,43.8606960773,0.363327026367
Iteration,0,201,44.0615470409,0.197450876236
Iteration,3,201,44.059762001,0.197443008423
Iteration,1,201,44.0581479073,0.19745182991
Iteration,2,201,44.0613269806,0.197444915771
Iteration,0,202,44.2570950985,0.195548057556
Iteration,2,202,44.2568531036,0.195526123047
Iteration,3,202,44.2553298473,0.195567846298
Iteration,1,202,44.2536718845,0.19552397728
Iteration,0,203,44.4520461559,0.194951057434
Iteration,3,203,44.4502749443,0.19494509697
Iteration,1,203,44.4486720562,0.195000171661
Iteration,2,203,44.4518260956,0.194972991943
Iteration,0,204,44.648099184,0.196053028107
Iteration,2,204,44.6478509903,0.196024894714
Iteration,3,204,44.6463239193,0.196048974991
Iteration,1,204,44.6446928978,0.196020841599
Iteration,0,205,44.8431620598,0.195062875748
Iteration,3,205,44.8413889408,0.195065021515
Iteration,1,205,44.8397629261,0.195070028305
Iteration,2,205,44.8429629803,0.195111989975
Iteration,0,206,45.0390460491,0.195883989334
Iteration,3,206,45.0372610092,0.195872068405
Iteration,1,206,45.0356380939,0.195875167847
Iteration,2,206,45.0388360023,0.195873022079
Iteration,0,207,45.2349522114,0.195906162262
Iteration,2,207,45.2347590923,0.195923089981
Iteration,3,207,45.2332348824,0.195973873138
Iteration,1,207,45.2315580845,0.19591999054
Iteration,0,208,45.4313471317,0.196394920349
Iteration,3,208,45.4296000004,0.196365118027
Iteration,1,208,45.4279699326,0.196411848068
Iteration,2,208,45.4311571121,0.196398019791
Iteration,3,209,45.6251459122,0.195545911789
Iteration,1,209,45.6235198975,0.195549964905
Iteration,2,209,45.6266901493,0.195533037186
Iteration,0,209,45.7431190014,0.311771869659
Iteration,0,210,45.9695661068,0.226447105408
Iteration,3,210,45.967799902,0.342653989792
Iteration,1,210,45.966146946,0.342627048492
Iteration,2,210,45.9693570137,0.342666864395
Iteration,0,211,46.1657810211,0.196214914322
Iteration,3,211,46.1640229225,0.196223020554
Iteration,1,211,46.1623990536,0.19625210762
Iteration,2,211,46.1655800343,0.196223020554
Iteration,0,212,46.3627290726,0.196948051453
Iteration,3,212,46.3609828949,0.196959972382
Iteration,1,212,46.3593409061,0.19694185257
Iteration,2,212,46.362514019,0.196933984756
Iteration,0,213,46.558699131,0.195970058441
Iteration,3,213,46.5569708347,0.195987939835
Iteration,1,213,46.5553030968,0.195962190628
Iteration,2,213,46.5584890842,0.195975065231
Iteration,0,214,46.7549300194,0.196230888367
Iteration,3,214,46.7531509399,0.196180105209
Iteration,1,214,46.7515220642,0.196218967438
Iteration,2,214,46.7547090054,0.196219921112
Iteration,0,215,46.9506862164,0.195756196976
Iteration,3,215,46.9489388466,0.195787906647
Iteration,1,215,46.9472970963,0.195775032043
Iteration,2,215,46.9505059719,0.195796966553
Iteration,0,216,47.1482081413,0.197521924973
Iteration,2,216,47.1480109692,0.197504997253
Iteration,3,216,47.1464629173,0.19752407074
Iteration,1,216,47.1448390484,0.197541952133
Iteration,0,217,47.3437612057,0.195553064346
Iteration,2,217,47.3435351849,0.195524215698
Iteration,3,217,47.342031002,0.195568084717
Iteration,1,217,47.3403589725,0.195519924164
Iteration,0,218,47.5387430191,0.194981813431
Iteration,3,218,47.537003994,0.194972991943
Iteration,1,218,47.5353648663,0.195005893707
Iteration,2,218,47.5385401249,0.195004940033
Iteration,2,219,47.734069109,0.19552898407
Iteration,3,219,47.7325468063,0.195542812347
Iteration,1,219,47.730880022,0.195515155792
Iteration,0,219,47.8515331745,0.312790155411
Iteration,0,220,48.0796220303,0.228088855743
Iteration,3,220,48.0778598785,0.345313072205
Iteration,1,220,48.0762228966,0.345342874527
Iteration,2,220,48.0794260502,0.345356941223
Iteration,0,221,48.2770760059,0.197453975677
Iteration,2,221,48.2768530846,0.197427034378
Iteration,3,221,48.2753269672,0.197467088699
Iteration,1,221,48.2736959457,0.197473049164
Iteration,0,222,48.473331213,0.196255207062
Iteration,3,222,48.4716010094,0.19627404213
Iteration,1,222,48.4699220657,0.196226119995
Iteration,2,222,48.4731199741,0.196266889572
Iteration,0,223,48.6686601639,0.195328950882
Iteration,3,223,48.6669108868,0.195309877396
Iteration,1,223,48.6652650833,0.195343017578
Iteration,2,223,48.6684319973,0.195312023163
Iteration,0,224,48.8638420105,0.195181846619
Iteration,3,224,48.8621108532,0.195199966431
Iteration,1,224,48.860462904,0.195197820663
Iteration,2,224,48.8636629581,0.195230960846
Iteration,0,225,49.0595769882,0.195734977722
Iteration,2,225,49.0593771935,0.195714235306
Iteration,3,225,49.0578567982,0.195745944977
Iteration,1,225,49.0561790466,0.195716142654
Iteration,0,226,49.2552030087,0.195626020432
Iteration,3,226,49.2534840107,0.195627212524
Iteration,1,226,49.2518398762,0.195660829544
Iteration,2,226,49.2550239563,0.195646762848
Iteration,0,227,49.4499640465,0.194761037827
Iteration,3,227,49.4482529163,0.19476890564
Iteration,1,227,49.4465739727,0.194734096527
Iteration,2,227,49.4497880936,0.194764137268
Iteration,0,228,49.6451411247,0.195177078247
Iteration,3,228,49.6433739662,0.195121049881
Iteration,2,228,49.6449019909,0.195113897324
Iteration,1,228,49.6417400837,0.195166110992
Iteration,3,229,49.8388698101,0.195495843887
Iteration,1,229,49.8372249603,0.195484876633
Iteration,2,229,49.8404381275,0.195536136627
Iteration,0,229,49.9569790363,0.311837911606
Iteration,0,230,50.1835331917,0.22655415535
Iteration,3,230,50.1818029881,0.342933177948
Iteration,1,230,50.1801559925,0.342931032181
Iteration,2,230,50.1833519936,0.342913866043
Iteration,0,231,50.3788621426,0.195328950882
Iteration,3,231,50.3771297932,0.195326805115
Iteration,1,231,50.3754820824,0.195326089859
Iteration,2,231,50.378672123,0.195320129395
Iteration,0,232,50.5744171143,0.195554971695
Iteration,2,232,50.5742170811,0.195544958115
Iteration,3,232,50.5727000237,0.195570230484
Iteration,1,232,50.5710499287,0.195567846298
Iteration,0,233,50.7701032162,0.195686101913
Iteration,3,233,50.7683579922,0.195657968521
Iteration,1,233,50.7667000294,0.195650100708
Iteration,2,233,50.7698960304,0.195678949356
Iteration,0,234,50.9653940201,0.195290803909
Iteration,2,234,50.965211153,0.195315122604
Iteration,3,234,50.9636778831,0.195319890976
Iteration,1,234,50.9619998932,0.195299863815
Iteration,0,235,51.1625640392,0.19717001915
Iteration,3,235,51.160795927,0.1971180439
Iteration,1,235,51.1591620445,0.197162151337
Iteration,2,235,51.1623470783,0.197135925293
Iteration,0,236,51.3587751389,0.196211099625
Iteration,2,236,51.358590126,0.196243047714
Iteration,3,236,51.3570837975,0.196287870407
Iteration,1,236,51.3553938866,0.196231842041
Iteration,0,237,51.5540912151,0.195316076279
Iteration,3,237,51.5523738861,0.195290088654
Iteration,2,237,51.5538971424,0.195307016373
Iteration,1,237,51.5507230759,0.195329189301
Iteration,0,238,51.7498190403,0.195727825165
Iteration,3,238,51.7480838299,0.195709943771
Iteration,1,238,51.7464308739,0.195707798004
Iteration,2,238,51.7496399879,0.195742845535
Iteration,2,239,51.9459540844,0.196314096451
Iteration,3,239,51.944414854,0.19633102417
Iteration,1,239,51.9427499771,0.196319103241
Iteration,0,239,52.0634012222,0.313582181931
Iteration,0,240,52.290525198,0.227123975754
Iteration,2,240,52.2903370857,0.344383001328
Iteration,3,240,52.2888319492,0.344417095184
Iteration,1,240,52.2871470451,0.344397068024
Iteration,0,241,52.4865410328,0.196015834808
Iteration,2,241,52.4863340855,0.195996999741
Iteration,3,241,52.4848139286,0.19598197937
Iteration,1,241,52.4831559658,0.19600892067
Iteration,0,242,52.6824631691,0.195922136307
Iteration,2,242,52.682254076,0.19591999054
Iteration,3,242,52.680742979,0.195929050446
Iteration,1,242,52.6790530682,0.195897102356
Iteration,0,243,52.8780050278,0.195541858673
Iteration,3,243,52.8762609959,0.195518016815
Iteration,2,243,52.8778090477,0.195554971695
Iteration,1,243,52.8746318817,0.195578813553
Iteration,0,244,53.0740330219,0.196027994156
Iteration,2,244,53.0738270283,0.196017980576
Iteration,3,244,53.072291851,0.196030855179
Iteration,1,244,53.070638895,0.196007013321
Iteration,0,245,53.2698531151,0.195820093155
Iteration,3,245,53.2681248188,0.195832967758
Iteration,2,245,53.2696659565,0.195838928223
Iteration,1,245,53.2664859295,0.195847034454
Iteration,0,246,53.4652481079,0.195394992828
Iteration,3,246,53.4635570049,0.195432186127
Iteration,1,246,53.4618899822,0.195404052734
Iteration,2,246,53.4650580883,0.195392131805
Iteration,0,247,53.6618511677,0.196603059769
Iteration,3,247,53.660132885,0.196575880051
Iteration,1,247,53.6584720612,0.196582078934
Iteration,2,247,53.6616539955,0.196595907211
Iteration,0,248,53.858038187,0.196187019348
Iteration,3,248,53.8562879562,0.196155071259
Iteration,1,248,53.8546359539,0.196163892746
Iteration,2,248,53.8578240871,0.196170091629
Iteration,3,249,54.0523757935,0.196087837219
Iteration,1,249,54.0507180691,0.196082115173
Iteration,2,249,54.0539190769,0.196094989777
Iteration,0,249,54.1701421738,0.31210398674
Iteration,0,250,54.3965570927,0.2264149189
Iteration,3,250,54.394879818,0.342504024506
Iteration,1,250,54.3932049274,0.342486858368
Iteration,2,250,54.3964021206,0.342483043671
Iteration,0,251,54.5923039913,0.195746898651
Iteration,2,251,54.5921120644,0.195709943771
Iteration,3,251,54.5906379223,0.195758104324
Iteration,1,251,54.5889360905,0.195731163025
Iteration,0,252,54.7885861397,0.196282148361
Iteration,3,252,54.7868478298,0.196209907532
Iteration,2,252,54.7884161472,0.19630408287
Iteration,1,252,54.7851989269,0.196262836456
Iteration,0,253,54.983782053,0.195195913315
Iteration,2,253,54.9835641384,0.19514799118
Iteration,3,253,54.9820380211,0.195190191269
Iteration,1,253,54.9803700447,0.195171117783
Iteration,0,254,55.1793792248,0.195597171783
Iteration,3,254,55.1776618958,0.195623874664
Iteration,1,254,55.1760098934,0.195639848709
Iteration,2,254,55.1792240143,0.19565987587
Iteration,0,255,55.3753380775,0.195958852768
Iteration,3,255,55.3736178875,0.195955991745
Iteration,1,255,55.3719520569,0.195942163467
Iteration,2,255,55.375138998,0.195914983749
Iteration,0,256,55.5706272125,0.195289134979
Iteration,3,256,55.5689148903,0.195297002792
Iteration,1,256,55.5672500134,0.195297956467
Iteration,2,256,55.5704221725,0.195283174515
Iteration,0,257,55.7665669918,0.195939779282
Iteration,3,257,55.7648658752,0.195950984955
Iteration,1,257,55.7631869316,0.195936918259
Iteration,2,257,55.7664051056,0.195982933044
Iteration,0,258,55.9627690315,0.196202039719
Iteration,3,258,55.961067915,0.196202039719
Iteration,1,258,55.9594020844,0.19621515274
Iteration,2,258,55.9626071453,0.196202039719
Iteration,3,259,56.1570060253,0.195938110352
Iteration,1,259,56.1553339958,0.195931911469
Iteration,2,259,56.15853405,0.195926904678
Iteration,0,259,56.275083065,0.312314033508
Iteration,0,260,56.501360178,0.226277112961
Iteration,3,260,56.4996609688,0.342654943466
Iteration,1,260,56.4979789257,0.342644929886
Iteration,2,260,56.501180172,0.342646121979
Iteration,0,261,56.6976630688,0.196302890778
Iteration,3,261,56.695966959,0.196305990219
Iteration,1,261,56.6942670345,0.196288108826
Iteration,2,261,56.697478056,0.196297883987
Iteration,0,262,56.8930470943,0.195384025574
Iteration,3,262,56.8913238049,0.195356845856
Iteration,1,262,56.8896548748,0.195387840271
Iteration,2,262,56.8928670883,0.195389032364
Iteration,0,263,57.0900061131,0.196959018707
Iteration,3,263,57.0882978439,0.196974039078
Iteration,1,263,57.086591959,0.196937084198
Iteration,2,263,57.0898351669,0.196968078613
Iteration,0,264,57.2852060795,0.195199966431
Iteration,3,264,57.2835249901,0.195227146149
Iteration,1,264,57.2818500996,0.195258140564
Iteration,2,264,57.285036087,0.195200920105
Iteration,0,265,57.4816150665,0.196408987045
Iteration,3,265,57.4799239635,0.196398973465
Iteration,1,265,57.4782528877,0.196402788162
Iteration,2,265,57.4814419746,0.196405887604
Iteration,0,266,57.6772170067,0.195601940155
Iteration,3,266,57.6754989624,0.195574998856
Iteration,1,266,57.673830986,0.195578098297
Iteration,2,266,57.6770100594,0.195568084717
Iteration,0,267,57.8730330467,0.195816040039
Iteration,3,267,57.871311903,0.195812940598
Iteration,2,267,57.8728840351,0.195873975754
Iteration,1,267,57.869658947,0.195827960968
Iteration,0,268,58.0687530041,0.195719957352
Iteration,2,268,58.0685760975,0.195692062378
Iteration,3,268,58.067057848,0.195745944977
Iteration,1,268,58.065363884,0.195704936981
Iteration,3,269,58.2640089989,0.196951150894
Iteration,1,269,58.2623319626,0.196968078613
Iteration,2,269,58.2655241489,0.196948051453
Iteration,0,269,58.3823230267,0.313570022583
Iteration,0,270,58.6074411869,0.225118160248
Iteration,3,270,58.6057629585,0.341753959656
Iteration,1,270,58.6040699482,0.341737985611
Iteration,2,270,58.6072671413,0.341742992401
Iteration,0,271,58.80382514,0.196383953094
Iteration,3,271,58.8021240234,0.196361064911
Iteration,1,271,58.8004488945,0.196378946304
Iteration,2,271,58.8036711216,0.196403980255
Iteration,0,272,58.9987230301,0.194897890091
Iteration,3,272,58.9970309734,0.194906949997
Iteration,1,272,58.9953410625,0.194892168045
Iteration,2,272,58.9985649586,0.194893836975
Iteration,0,273,59.1937050819,0.194982051849
Iteration,3,273,59.1920268536,0.194995880127
Iteration,1,273,59.1903409958,0.194999933243
Iteration,2,273,59.1935491562,0.194984197617
Iteration,0,274,59.3886921406,0.19498705864
Iteration,2,274,59.3885171413,0.194967985153
Iteration,3,274,59.3870358467,0.195008993149
Iteration,1,274,59.3853330612,0.19499206543
Iteration,0,275,59.5843241215,0.195631980896
Iteration,2,275,59.5841450691,0.19562792778
Iteration,3,275,59.5826659203,0.195630073547
Iteration,1,275,59.5809500217,0.195616960526
Iteration,0,276,59.780654192,0.196330070496
Iteration,3,276,59.7789340019,0.196268081665
Iteration,1,276,59.7772579193,0.196307897568
Iteration,2,276,59.780477047,0.196331977844
Iteration,0,277,59.9763171673,0.195662975311
Iteration,3,277,59.974642992,0.195708990097
Iteration,1,277,59.9729239941,0.195666074753
Iteration,2,277,59.9761619568,0.195684909821
Iteration,0,278,60.1724162102,0.196099042892
Iteration,2,278,60.1722710133,0.196109056473
Iteration,3,278,60.1707270145,0.196084022522
Iteration,1,278,60.1690518856,0.196127891541
Iteration,3,279,60.3670339584,0.196306943893
Iteration,1,279,60.365336895,0.196285009384
Iteration,2,279,60.3685290813,0.196258068085
Iteration,0,279,60.4858140945,0.313397884369
Iteration,0,280,60.7117152214,0.225901126862
Iteration,2,280,60.7115340233,0.34300494194
Iteration,3,280,60.7100749016,0.343040943146
Iteration,1,280,60.7083489895,0.343012094498
Iteration,0,281,60.9069600105,0.195244789124
Iteration,3,281,60.9052648544,0.19518995285
Iteration,2,281,60.9067771435,0.195243120193
Iteration,1,281,60.9035930634,0.195244073868
Iteration,0,282,61.1044762135,0.197516202927
Iteration,3,282,61.1027889252,0.19752407074
Iteration,1,282,61.1010980606,0.197504997253
Iteration,2,282,61.1043200493,0.197542905807
Iteration,0,283,61.3003530502,0.195876836777
Iteration,3,283,61.2987070084,0.195918083191
Iteration,2,283,61.3002150059,0.195894956589
Iteration,1,283,61.2970380783,0.1959400177
Iteration,0,284,61.4957840443,0.195430994034
Iteration,2,284,61.4956250191,0.195410013199
Iteration,3,284,61.4941549301,0.195447921753
Iteration,1,284,61.492431879,0.195393800735
Iteration,0,285,61.6917090416,0.19592499733
Iteration,2,285,61.6915361881,0.195911169052
Iteration,3,285,61.6900649071,0.195909976959
Iteration,1,285,61.6883380413,0.195906162262
Iteration,0,286,61.8873081207,0.195599079132
Iteration,3,286,61.8856048584,0.195539951324
Iteration,1,286,61.8839221001,0.195584058762
Iteration,2,286,61.8871350288,0.195598840714
Iteration,0,287,62.0828390121,0.195530891418
Iteration,3,287,62.0811758041,0.19557094574
Iteration,1,287,62.0794758797,0.195553779602
Iteration,2,287,62.0826771259,0.195542097092
Iteration,0,288,62.2784090042,0.195569992065
Iteration,3,288,62.2767620087,0.195586204529
Iteration,1,288,62.2750620842,0.195586204529
Iteration,2,288,62.2782661915,0.195589065552
Iteration,3,289,62.4721839428,0.195421934128
Iteration,1,289,62.4704840183,0.195421934128
Iteration,2,289,62.4736709595,0.19540476799
Iteration,0,289,62.5899720192,0.311563014984
Iteration,0,290,62.816516161,0.226544141769
Iteration,3,290,62.8148329258,0.342648983002
Iteration,1,290,62.8131370544,0.342653036118
Iteration,2,290,62.8163659573,0.342694997787
Iteration,0,291,63.01217103,0.19565486908
Iteration,3,291,63.0105209351,0.195688009262
Iteration,1,291,63.0088150501,0.195677995682
Iteration,2,291,63.0120391846,0.19567322731
Iteration,0,292,63.208794117,0.196623086929
Iteration,2,292,63.2086410522,0.196601867676
Iteration,3,292,63.2071678638,0.196646928787
Iteration,1,292,63.2054538727,0.196638822556
Iteration,0,293,63.4039661884,0.195172071457
Iteration,3,293,63.402315855,0.19514799118
Iteration,1,293,63.4006209373,0.195167064667
Iteration,2,293,63.4038221836,0.195181131363
Iteration,0,294,63.599750042,0.195783853531
Iteration,2,294,63.5995740891,0.195751905441
Iteration,3,294,63.5981009007,0.195785045624
Iteration,1,294,63.5963709354,0.195749998093
Iteration,0,295,63.7947101593,0.19496011734
Iteration,2,295,63.7945711613,0.19499707222
Iteration,3,295,63.7930648327,0.194963932037
Iteration,1,295,63.791353941,0.194983005524
Iteration,0,296,63.9908871651,0.196177005768
Iteration,3,296,63.9892439842,0.196179151535
Iteration,1,296,63.9875330925,0.196179151535
Iteration,2,296,63.9907679558,0.19619679451
Iteration,0,297,64.1867880821,0.195900917053
Iteration,3,297,64.1851189137,0.195874929428
Iteration,2,297,64.1866400242,0.195872068405
Iteration,1,297,64.1834330559,0.195899963379
Iteration,0,298,64.3833742142,0.19658613205
Iteration,3,298,64.3817379475,0.196619033813
Iteration,1,298,64.3800299168,0.196596860886
Iteration,2,298,64.3832449913,0.196604967117
Iteration,3,299,64.5768709183,0.19513297081
Iteration,2,299,64.5783650875,0.195120096207
Iteration,1,299,64.5751791,0.195149183273
Iteration,0,299,64.6953370571,0.311962842941
Iteration,0,300,64.9216821194,0.226345062256
Iteration,3,300,64.9200479984,0.343177080154
Iteration,1,300,64.9183290005,0.343149900436
Iteration,2,300,64.9215741158,0.343209028244
Iteration,0,301,65.1167411804,0.19505906105
Iteration,3,301,65.1150939465,0.195045948029
Iteration,1,301,65.1133859158,0.195056915283
Iteration,2,301,65.1166210175,0.195046901703
Iteration,0,302,65.311601162,0.194859981537
Iteration,3,302,65.3099968433,0.194902896881
Iteration,1,302,65.3082509041,0.194864988327
Iteration,2,302,65.3114690781,0.194848060608
Iteration,0,303,65.5070450306,0.195443868637
Iteration,3,303,65.5054190159,0.195422172546
Iteration,1,303,65.5036799908,0.195429086685
Iteration,2,303,65.5069081783,0.195439100266
Iteration,0,304,65.7023320198,0.195286989212
Iteration,3,304,65.700701952,0.195282936096
Iteration,1,304,65.698982954,0.195302963257
Iteration,2,304,65.7021901608,0.195281982422
Iteration,0,305,65.8983840942,0.196052074432
Iteration,3,305,65.8967368603,0.196034908295
Iteration,1,305,65.8950278759,0.196044921875
Iteration,2,305,65.8982691765,0.196079015732
Iteration,0,306,66.094408989,0.196024894714
Iteration,3,306,66.092772007,0.196035146713
Iteration,1,306,66.0910549164,0.196027040482
Iteration,2,306,66.0942850113,0.196015834808
Iteration,0,307,66.2904980183,0.196089029312
Iteration,3,307,66.2888908386,0.196118831635
Iteration,1,307,66.2871699333,0.196115016937
Iteration,2,307,66.2903711796,0.196086168289
Iteration,0,308,66.4858441353,0.19534611702
Iteration,3,308,66.4842178822,0.195327043533
Iteration,1,308,66.4824938774,0.195323944092
Iteration,2,308,66.4856960773,0.195324897766
Iteration,3,309,66.6800429821,0.195825099945
Iteration,1,309,66.6783339977,0.195840120316
Iteration,2,309,66.6815280914,0.195832014084
Iteration,0,309,66.7981832027,0.312339067459
Iteration,0,310,67.0252389908,0.22705578804
Iteration,2,310,67.0250899792,0.343561887741
Iteration,3,310,67.0236039162,0.343560934067
Iteration,1,310,67.0218780041,0.343544006348
Iteration,0,311,67.2218570709,0.196618080139
Iteration,2,311,67.221722126,0.196632146835
Iteration,3,311,67.2202599049,0.196655988693
Iteration,1,311,67.2185120583,0.196634054184
Iteration,0,312,67.418888092,0.197031021118
Iteration,3,312,67.4172627926,0.197002887726
Iteration,1,312,67.4155440331,0.197031974792
Iteration,2,312,67.4187631607,0.197041034698
Iteration,0,313,67.6147379875,0.195849895477
Iteration,3,313,67.6130979061,0.195835113525
Iteration,1,313,67.6113679409,0.195823907852
Iteration,2,313,67.6145961285,0.195832967758
Iteration,0,314,67.8106951714,0.195957183838
Iteration,2,314,67.8105530739,0.195956945419
Iteration,3,314,67.8090558052,0.195957899094
Iteration,1,314,67.8073320389,0.195964097977
Iteration,0,315,68.0068650246,0.19616985321
Iteration,3,315,68.0052390099,0.196183204651
Iteration,1,315,68.0035130978,0.196181058884
Iteration,2,315,68.0067300797,0.196177005768
Iteration,0,316,68.2034950256,0.196630001068
Iteration,3,316,68.2018759251,0.196636915207
Iteration,1,316,68.2001280785,0.196614980698
Iteration,2,316,68.2033619881,0.196631908417
Iteration,0,317,68.3993110657,0.195816040039
Iteration,3,317,68.3976960182,0.195820093155
Iteration,1,317,68.3959589005,0.195830821991
Iteration,2,317,68.3991570473,0.195795059204
Iteration,0,318,68.595539093,0.196228027344
Iteration,3,318,68.5939450264,0.196249008179
Iteration,1,318,68.5921840668,0.196225166321
Iteration,2,318,68.5954060555,0.196249008179
Iteration,3,319,68.7892789841,0.195333957672
Iteration,1,319,68.7875509262,0.195366859436
Iteration,2,319,68.7907791138,0.195373058319
Iteration,0,319,68.9077701569,0.312231063843
Iteration,0,320,69.1347692013,0.226999044418
Iteration,2,320,69.1346371174,0.343858003616
Iteration,3,320,69.1331520081,0.343873023987
Iteration,1,320,69.1314220428,0.343871116638
Iteration,0,321,69.3303220272,0.195552825928
Iteration,2,321,69.3301801682,0.195543050766
Iteration,3,321,69.3287158012,0.195563793182
Iteration,1,321,69.326996088,0.195574045181
Iteration,0,322,69.5257561207,0.195434093475
Iteration,3,322,69.5241508484,0.19543504715
Iteration,1,322,69.5224108696,0.19541478157
Iteration,2,322,69.5256221294,0.195441961288
Iteration,0,323,69.7221200466,0.196363925934
Iteration,3,323,69.7204959393,0.196345090866
Iteration,1,323,69.7187359333,0.196325063705
Iteration,2,323,69.7219929695,0.196370840073
Iteration,0,324,69.9180870056,0.195966959
Iteration,3,324,69.9164588451,0.195962905884
Iteration,1,324,69.9147350788,0.195999145508
Iteration,2,324,69.9179551601,0.195962190628
Iteration,0,325,70.1140291691,0.195942163467
Iteration,2,325,70.1138989925,0.195943832397
Iteration,3,325,70.1124019623,0.195943117142
Iteration,1,325,70.1106719971,0.195936918259
Iteration,0,326,70.3106291294,0.196599960327
Iteration,3,326,70.3090379238,0.196635961533
Iteration,1,326,70.3073050976,0.19663310051
Iteration,2,326,70.3105170727,0.196618080139
Iteration,0,327,70.5065991879,0.195970058441
Iteration,3,327,70.5049889088,0.195950984955
Iteration,1,327,70.5032579899,0.195952892303
Iteration,2,327,70.506469965,0.195952892303
Iteration,0,328,70.7020850182,0.195485830307
Iteration,3,328,70.7004568577,0.195467948914
Iteration,1,328,70.698720932,0.195462942123
Iteration,2,328,70.7019181252,0.195448160172
Iteration,3,329,70.8962860107,0.195829153061
Iteration,1,329,70.894546032,0.195825099945
Iteration,2,329,70.8977651596,0.195847034454
Iteration,0,329,71.0146331787,0.312548160553
Iteration,0,330,71.2411441803,0.226511001587
Iteration,2,330,71.2410171032,0.343251943588
Iteration,3,330,71.2395739555,0.343287944794
Iteration,1,330,71.2377829552,0.343236923218
Iteration,0,331,71.4374711514,0.196326971054
Iteration,3,331,71.4358828068,0.196308851242
Iteration,1,331,71.4341459274,0.19636297226
Iteration,2,331,71.4373531342,0.19633603096
Iteration,0,332,71.6341741085,0.196702957153
Iteration,3,332,71.6325700283,0.196687221527
Iteration,1,332,71.6308028698,0.196656942368
Iteration,2,332,71.6340231895,0.196670055389
Iteration,0,333,71.8298521042,0.195677995682
Iteration,2,333,71.829706192,0.195683002472
Iteration,3,333,71.8282399178,0.19566988945
Iteration,1,333,71.8264939785,0.195691108704
Iteration,0,334,72.0262742043,0.196422100067
Iteration,3,334,72.0246498585,0.19640994072
Iteration,1,334,72.0229098797,0.196415901184
Iteration,2,334,72.0261521339,0.196445941925
Iteration,0,335,72.2220001221,0.195725917816
Iteration,3,335,72.2204039097,0.195754051208
Iteration,1,335,72.2186529636,0.195743083954
Iteration,2,335,72.2218830585,0.195730924606
Iteration,0,336,72.4183661938,0.196366071701
Iteration,3,336,72.4167950153,0.196391105652
Iteration,1,336,72.415047884,0.196394920349
Iteration,2,336,72.4182569981,0.196373939514
Iteration,0,337,72.613505125,0.195138931274
Iteration,3,337,72.6118860245,0.19509100914
Iteration,2,337,72.6133561134,0.195099115372
Iteration,1,337,72.6101510525,0.195103168488
Iteration,0,338,72.8094739914,0.195968866348
Iteration,2,338,72.8093471527,0.195991039276
Iteration,3,338,72.8078589439,0.195972919464
Iteration,1,338,72.8061060905,0.195955038071
Iteration,2,339,73.0057270527,0.196379899979
Iteration,3,339,73.0042560101,0.196397066116
Iteration,1,339,73.0025129318,0.196406841278
Iteration,0,339,73.1226260662,0.313152074814
Iteration,0,340,73.3490211964,0.226395130157
Iteration,3,340,73.347443819,0.34318780899
Iteration,2,340,73.3488869667,0.343159914017
Iteration,1,340,73.3457159996,0.34320306778
Iteration,0,341,73.5445840359,0.195562839508
Iteration,2,341,73.5444669724,0.195580005646
Iteration,3,341,73.5429978371,0.195554018021
Iteration,1,341,73.5412518978,0.195535898209
Iteration,0,342,73.7398321629,0.195248126984
Iteration,3,342,73.7382249832,0.195227146149
Iteration,1,342,73.7364668846,0.195214986801
Iteration,2,342,73.7396941185,0.195227146149
Iteration,0,343,73.936150074,0.196317911148
Iteration,3,343,73.9345710278,0.19634604454
Iteration,2,343,73.9360530376,0.196358919144
Iteration,1,343,73.9328348637,0.19636797905
Iteration,0,344,74.1313860416,0.195235967636
Iteration,3,344,74.1297829151,0.19521188736
Iteration,1,344,74.1280329227,0.195198059082
Iteration,2,344,74.1312830448,0.195230007172
Iteration,0,345,74.3277730942,0.196387052536
Iteration,2,345,74.3276760578,0.196393013
Iteration,3,345,74.3262419701,0.196459054947
Iteration,1,345,74.324461937,0.196429014206
Iteration,0,346,74.5233221054,0.19554901123
Iteration,3,346,74.5217318535,0.195489883423
Iteration,1,346,74.5199790001,0.195517063141
Iteration,2,346,74.5231840611,0.195508003235
Iteration,0,347,74.7180421352,0.194720029831
Iteration,2,347,74.7179291248,0.194745063782
Iteration,3,347,74.7164599895,0.194728136063
Iteration,1,347,74.7146790028,0.19470000267
Iteration,0,348,74.9135100842,0.195467948914
Iteration,3,348,74.9119138718,0.195453882217
Iteration,1,348,74.9101650715,0.195486068726
Iteration,2,348,74.9133970737,0.195467948914
Iteration,3,349,75.1079277992,0.19601392746
Iteration,2,349,75.109413147,0.196016073227
Iteration,1,349,75.1061859131,0.196020841599
Iteration,0,349,75.225508213,0.311998128891
Iteration,0,350,75.4517011642,0.226192951202
Iteration,3,350,75.4501428604,0.342215061188
Iteration,1,350,75.4483730793,0.342187166214
Iteration,2,350,75.4515841007,0.342170953751
Iteration,0,351,75.6474750042,0.195773839951
Iteration,3,351,75.6458659172,0.195723056793
Iteration,1,351,75.6441209316,0.195747852325
Iteration,2,351,75.6473171711,0.195733070374
Iteration,0,352,75.8427472115,0.19527220726
Iteration,3,352,75.841149807,0.195283889771
Iteration,1,352,75.8394010067,0.195280075073
Iteration,2,352,75.842646122,0.195328950882
Iteration,0,353,76.0393412113,0.196593999863
Iteration,3,353,76.0377569199,0.196607112885
Iteration,2,353,76.0392329693,0.196586847305
Iteration,1,353,76.0360000134,0.196599006653
Iteration,0,354,76.2350242138,0.195683002472
Iteration,3,354,76.2334618568,0.195704936981
Iteration,1,354,76.2316730022,0.195672988892
Iteration,2,354,76.2349100113,0.195677042007
Iteration,0,355,76.4302589893,0.195234775543
Iteration,3,355,76.4287028313,0.195240974426
Iteration,1,355,76.4269440174,0.195271015167
Iteration,2,355,76.4301490784,0.195239067078
Iteration,0,356,76.6249060631,0.194647073746
Iteration,3,356,76.6233208179,0.194617986679
Iteration,1,356,76.6215660572,0.194622039795
Iteration,2,356,76.6247680187,0.194618940353
Iteration,0,357,76.8200860023,0.19517993927
Iteration,3,357,76.8185009956,0.195180177689
Iteration,1,357,76.8167409897,0.19517493248
Iteration,2,357,76.8199751377,0.195207118988
Iteration,0,358,77.0166079998,0.196521997452
Iteration,2,358,77.0165131092,0.196537971497
Iteration,3,358,77.0150690079,0.196568012238
Iteration,1,358,77.0132610798,0.196520090103
Iteration,2,359,77.2116270065,0.195113897324
Iteration,3,359,77.2102069855,0.1951379776
Iteration,1,359,77.2083899975,0.195128917694
Iteration,0,359,77.3296451569,0.313037157059
Iteration,0,360,77.5551841259,0.22553896904
Iteration,2,360,77.5550780296,0.343451023102
Iteration,3,360,77.5536417961,0.343434810638
Iteration,1,360,77.5518648624,0.34347486496
Iteration,0,361,77.7505199909,0.195335865021
Iteration,2,361,77.7504110336,0.195333003998
Iteration,3,361,77.7489569187,0.195315122604
Iteration,1,361,77.7471768856,0.195312023163
Iteration,0,362,77.9457681179,0.195248126984
Iteration,3,362,77.9441928864,0.195235967636
Iteration,1,362,77.9424180984,0.195241212845
Iteration,2,362,77.9456701279,0.195259094238
Iteration,0,363,78.1416931152,0.19592499733
Iteration,3,363,78.1401298046,0.195936918259
Iteration,1,363,78.1383640766,0.195945978165
Iteration,2,363,78.1415979862,0.195927858353
Iteration,0,364,78.337469101,0.195775985718
Iteration,3,364,78.3359308243,0.195801019669
Iteration,1,364,78.3341639042,0.195799827576
Iteration,2,364,78.3373811245,0.195783138275
Iteration,0,365,78.5324420929,0.194972991943
Iteration,3,365,78.5309169292,0.194986104965
Iteration,1,365,78.5291349888,0.194971084595
Iteration,2,365,78.5323591232,0.194977998734
Iteration,0,366,78.7272469997,0.194804906845
Iteration,3,366,78.7256999016,0.194782972336
Iteration,1,366,78.7239260674,0.194791078568
Iteration,2,366,78.7271671295,0.194808006287
Iteration,0,367,78.921708107,0.194461107254
Iteration,3,367,78.9201588631,0.194458961487
Iteration,1,367,78.9183750153,0.194448947906
Iteration,2,367,78.9216251373,0.194458007812
Iteration,0,368,79.1169321537,0.195224046707
Iteration,3,368,79.1153748035,0.195215940475
Iteration,1,368,79.1136009693,0.195225954056
Iteration,2,368,79.1168460846,0.195220947266
Iteration,3,369,79.3102838993,0.194909095764
Iteration,1,369,79.3084778786,0.194876909256
Iteration,2,369,79.3117201328,0.194874048233
Iteration,0,369,79.4292180538,0.312285900116
Iteration,0,370,79.6550221443,0.2258040905
Iteration,3,370,79.6534478664,0.343163967133
Iteration,1,370,79.6516730785,0.343195199966
Iteration,2,370,79.6548850536,0.343164920807
Iteration,0,371,79.8502011299,0.195178985596
Iteration,3,371,79.8486418724,0.195194005966
Iteration,1,371,79.8468670845,0.195194005966
Iteration,2,371,79.8501081467,0.195223093033
Iteration,0,372,80.0455720425,0.195370912552
Iteration,3,372,80.0440149307,0.195373058319
Iteration,1,372,80.0422129631,0.195345878601
Iteration,2,372,80.0454850197,0.195376873016
Iteration,0,373,80.2426650524,0.197093009949
Iteration,3,373,80.2411580086,0.19714307785
Iteration,1,373,80.2393510342,0.19713807106
Iteration,2,373,80.2425880432,0.197103023529
Iteration,0,374,80.4379692078,0.19530415535
Iteration,3,374,80.4364500046,0.195291996002
Iteration,1,374,80.4346649647,0.195313930511
Iteration,2,374,80.4378790855,0.195291042328
Iteration,0,375,80.6332740784,0.195304870605
Iteration,3,375,80.6317288876,0.19527888298
Iteration,1,375,80.6299469471,0.195281982422
Iteration,2,375,80.6331629753,0.195283889771
Iteration,0,376,80.8285980225,0.195323944092
Iteration,3,376,80.8270378113,0.195308923721
Iteration,1,376,80.8252708912,0.195323944092
Iteration,2,376,80.8285090923,0.19534611702
Iteration,0,377,81.0238881111,0.195290088654
Iteration,3,377,81.0223469734,0.19530916214
Iteration,1,377,81.0205609798,0.195290088654
Iteration,2,377,81.0238089561,0.195299863815
Iteration,0,378,81.2201061249,0.196218013763
Iteration,2,378,81.2200160027,0.196207046509
Iteration,3,378,81.2185869217,0.196239948273
Iteration,1,378,81.216794014,0.196233034134
Iteration,3,379,81.4136559963,0.195069074631
Iteration,1,379,81.4118409157,0.195046901703
Iteration,2,379,81.4150950909,0.195079088211
Iteration,0,379,81.5315880775,0.311481952667
Iteration,0,380,81.7566821575,0.225094079971
Iteration,3,380,81.755163908,0.341507911682
Iteration,1,380,81.7533729076,0.341531991959
Iteration,2,380,81.7566211224,0.341526031494
Iteration,0,381,81.9523160458,0.195633888245
Iteration,2,381,81.9522411823,0.195620059967
Iteration,3,381,81.9508018494,0.19563794136
Iteration,1,381,81.9490149021,0.195641994476
Iteration,0,382,82.1486120224,0.196295976639
Iteration,3,382,82.1470718384,0.196269989014
Iteration,1,382,82.1452798843,0.196264982224
Iteration,2,382,82.1485190392,0.196277856827
Iteration,0,383,82.3456721306,0.197060108185
Iteration,3,383,82.3441519737,0.197080135345
Iteration,1,383,82.3423500061,0.197070121765
Iteration,2,383,82.3455781937,0.19705915451
Iteration,0,384,82.5420260429,0.196353912354
Iteration,3,384,82.5405099392,0.196357965469
Iteration,1,384,82.5387220383,0.196372032166
Iteration,2,384,82.5419330597,0.196354866028
Iteration,0,385,82.7377121449,0.195686101913
Iteration,3,385,82.7361598015,0.195649862289
Iteration,1,385,82.734375,0.195652961731
Iteration,2,385,82.7376079559,0.19567489624
Iteration,0,386,82.9326431751,0.194931030273
Iteration,3,386,82.9311389923,0.194979190826
Iteration,1,386,82.9293439388,0.194968938828
Iteration,2,386,82.9325771332,0.194969177246
Iteration,0,387,83.1283371449,0.195693969727
Iteration,3,387,83.1268019676,0.195662975311
Iteration,1,387,83.1250140667,0.195670127869
Iteration,2,387,83.1282441616,0.195667028427
Iteration,0,388,83.3243041039,0.195966959
Iteration,3,388,83.3227949142,0.195992946625
Iteration,1,388,83.3210139275,0.195999860764
Iteration,2,388,83.3242480755,0.196003913879
Iteration,2,389,83.519546032,0.195297956467
Iteration,3,389,83.5181348324,0.195339918137
Iteration,1,389,83.5163030624,0.195289134979
Iteration,0,389,83.6358962059,0.311592102051
Iteration,0,390,83.8613409996,0.225444793701
Iteration,3,390,83.8598189354,0.341684103012
Iteration,1,390,83.858025074,0.341722011566
Iteration,2,390,83.8612689972,0.34172296524
Iteration,0,391,84.0563762188,0.195035219193
Iteration,3,391,84.0548949242,0.19507598877
Iteration,1,391,84.053057909,0.195032835007
Iteration,2,391,84.0563261509,0.195057153702
Iteration,0,392,84.2525231838,0.196146965027
Iteration,2,392,84.2524430752,0.196116924286
Iteration,3,392,84.2510378361,0.196142911911
Iteration,1,392,84.2491970062,0.196139097214
Iteration,0,393,84.4492452145,0.19672203064
Iteration,2,393,84.4491491318,0.196706056595
Iteration,3,393,84.4477498531,0.196712017059
Iteration,1,393,84.4459428787,0.196745872498
Iteration,0,394,84.6450781822,0.195832967758
Iteration,2,394,84.6449451447,0.195796012878
Iteration,3,394,84.6435558796,0.195806026459
Iteration,1,394,84.6417748928,0.195832014084
Iteration,0,395,84.8407840729,0.195705890656
Iteration,2,395,84.8406801224,0.195734977722
Iteration,3,395,84.8392558098,0.195699930191
Iteration,1,395,84.8374669552,0.195692062378
Iteration,0,396,85.0378050804,0.197021007538
Iteration,2,396,85.0377421379,0.197062015533
Iteration,3,396,85.0363118649,0.197056055069
Iteration,1,396,85.0345048904,0.197037935257
Iteration,0,397,85.2341561317,0.196351051331
Iteration,3,397,85.2326469421,0.196335077286
Iteration,1,397,85.2308270931,0.196322202682
Iteration,2,397,85.2340650558,0.196322917938
Iteration,0,398,85.4298050404,0.195648908615
Iteration,2,398,85.4297139645,0.195648908615
Iteration,3,398,85.4283118248,0.19566488266
Iteration,1,398,85.4264988899,0.195671796799
Iteration,2,399,85.6269631386,0.197249174118
Iteration,3,399,85.6255698204,0.197257995605
Iteration,1,399,85.6237518787,0.197252988815
Iteration,0,399,85.7437741756,0.313969135284
Iteration,0,400,85.9695541859,0.225780010223
Iteration,3,400,85.9680659771,0.342496156693
Iteration,1,400,85.96626091,0.342509031296
Iteration,2,400,85.9695081711,0.342545032501
Iteration,0,401,86.1648721695,0.195317983627
Iteration,3,401,86.1633629799,0.195297002792
Iteration,1,401,86.1615459919,0.195285081863
Iteration,2,401,86.1647920609,0.195283889771
Iteration,0,402,86.3599760532,0.195103883743
Iteration,2,402,86.35988307,0.19509100914
Iteration,3,402,86.3584928513,0.195129871368
Iteration,1,402,86.3566689491,0.19512295723
Iteration,0,403,86.5554761887,0.195500135422
Iteration,2,403,86.55539608,0.195513010025
Iteration,3,403,86.5540049076,0.195512056351
Iteration,1,403,86.5521600246,0.195491075516
Iteration,0,404,86.7504131794,0.194936990738
Iteration,2,404,86.7503461838,0.19495010376
Iteration,3,404,86.7489328384,0.194927930832
Iteration,1,404,86.7470898628,0.194929838181
Iteration,0,405,86.945731163,0.195317983627
Iteration,2,405,86.9456501007,0.195303916931
Iteration,3,405,86.9442288876,0.195296049118
Iteration,1,405,86.9423940182,0.19530415535
Iteration,0,406,87.1431062222,0.197375059128
Iteration,2,406,87.1430361271,0.197386026382
Iteration,3,406,87.1416149139,0.197386026382
Iteration,1,406,87.1398000717,0.197406053543
Iteration,0,407,87.3392131329,0.196106910706
Iteration,3,407,87.3377599716,0.196145057678
Iteration,1,407,87.3359370232,0.196136951447
Iteration,2,407,87.3391640186,0.196127891541
Iteration,0,408,87.5353441238,0.196130990982
Iteration,3,408,87.5338737965,0.196113824844
Iteration,1,408,87.5320448875,0.19610786438
Iteration,2,408,87.535284996,0.196120977402
Iteration,3,409,87.7303438187,0.196470022202
Iteration,1,409,87.7285299301,0.196485042572
Iteration,2,409,87.7317781448,0.196493148804
Iteration,0,409,87.8485431671,0.313199043274
Iteration,0,410,88.0749971867,0.226454019547
Iteration,2,410,88.0749180317,0.343139886856
Iteration,3,410,88.0735080242,0.343164205551
Iteration,1,410,88.0716860294,0.343156099319
Iteration,0,411,88.2722291946,0.19723200798
Iteration,2,411,88.2721719742,0.19725394249
Iteration,3,411,88.2708117962,0.197303771973
Iteration,1,411,88.2689590454,0.197273015976
Iteration,0,412,88.4700241089,0.197794914246
Iteration,3,412,88.468569994,0.197758197784
Iteration,1,412,88.4667570591,0.197798013687
Iteration,2,412,88.4699840546,0.197812080383
Iteration,0,413,88.6675920486,0.197567939758
Iteration,2,413,88.6675100327,0.197525978088
Iteration,3,413,88.6661398411,0.197569847107
Iteration,1,413,88.6642820835,0.197525024414
Iteration,0,414,88.8642711639,0.196679115295
Iteration,2,414,88.8642120361,0.196702003479
Iteration,3,414,88.8628158569,0.196676015854
Iteration,1,414,88.8609580994,0.196676015854
Iteration,0,415,89.0621671677,0.197896003723
Iteration,3,415,89.0606839657,0.197868108749
Iteration,1,415,89.0588560104,0.197897911072
Iteration,2,415,89.062112093,0.197900056839
Iteration,0,416,89.2605471611,0.198379993439
Iteration,3,416,89.2590768337,0.198392868042
Iteration,1,416,89.2572460175,0.198390007019
Iteration,2,416,89.2604830265,0.198370933533
Iteration,0,417,89.4574902058,0.196943044662
Iteration,3,417,89.4560248852,0.196948051453
Iteration,1,417,89.4541950226,0.196949005127
Iteration,2,417,89.4574301243,0.196947097778
Iteration,0,418,89.6544420719,0.19695186615
Iteration,3,418,89.6529769897,0.196952104568
Iteration,1,418,89.6511380672,0.196943044662
Iteration,2,418,89.6543781757,0.196948051453
Iteration,2,419,89.8505051136,0.196126937866
Iteration,3,419,89.8491039276,0.196126937866
Iteration,1,419,89.8472659588,0.196127891541
Iteration,0,419,89.9861590862,0.331717014313
Iteration,0,420,90.2132210732,0.227061986923
Iteration,3,420,90.211771965,0.362668037415
Iteration,1,420,90.2099289894,0.362663030624
Iteration,2,420,90.2131750584,0.362669944763
Iteration,0,421,90.4098780155,0.196656942368
Iteration,2,421,90.4098191261,0.196644067764
Iteration,3,421,90.4084470272,0.19667506218
Iteration,1,421,90.4065768719,0.196647882462
Iteration,0,422,90.6063020229,0.196424007416
Iteration,3,422,90.6048338413,0.196386814117
Iteration,1,422,90.6029920578,0.196415185928
Iteration,2,422,90.6062250137,0.196405887604
Iteration,0,423,90.8016190529,0.195317029953
Iteration,3,423,90.8001449108,0.195311069489
Iteration,1,423,90.7983119488,0.195319890976
Iteration,2,423,90.8015480042,0.195322990417
Iteration,0,424,90.9978761673,0.19625711441
Iteration,3,424,90.9963788986,0.196233987808
Iteration,1,424,90.994560957,0.196249008179
Iteration,2,424,90.9978179932,0.196269989014
Iteration,0,425,91.1942009926,0.196324825287
Iteration,2,425,91.194149971,0.196331977844
Iteration,3,425,91.1927628517,0.196383953094
Iteration,1,425,91.1908960342,0.196335077286
Iteration,0,426,91.3901281357,0.195927143097
Iteration,2,426,91.3900940418,0.195944070816
Iteration,3,426,91.3887209892,0.195958137512
Iteration,1,426,91.3868489265,0.195952892303
Iteration,0,427,91.5857231617,0.195595026016
Iteration,3,427,91.5842449665,0.19552397728
Iteration,2,427,91.5856480598,0.195554018021
Iteration,1,427,91.5824320316,0.195583105087
Iteration,0,428,91.7807650566,0.195041894913
Iteration,2,428,91.7806770802,0.195029020309
Iteration,3,428,91.7792890072,0.19504404068
Iteration,1,428,91.777451992,0.195019960403
Iteration,3,429,91.975771904,0.196482896805
Iteration,1,429,91.9739329815,0.196480989456
Iteration,2,429,91.9771780968,0.196501016617
Iteration,0,429,92.0938940048,0.313128948212
Iteration,0,430,92.3202371597,0.226343154907
Iteration,3,430,92.3187818527,0.34300994873
Iteration,1,430,92.3169519901,0.343019008636
Iteration,2,430,92.320166111,0.342988014221
Iteration,0,431,92.5149641037,0.19472694397
Iteration,3,431,92.5135428905,0.194761037827
Iteration,1,431,92.5116920471,0.194740056992
Iteration,2,431,92.5149331093,0.194766998291
Iteration,0,432,92.710586071,0.195621967316
Iteration,2,432,92.7105050087,0.195571899414
Iteration,3,432,92.7091238499,0.19558095932
Iteration,1,432,92.7072758675,0.195583820343
Iteration,0,433,92.9064021111,0.195816040039
Iteration,3,433,92.9049370289,0.195813179016
Iteration,1,433,92.9031078815,0.195832014084
Iteration,2,433,92.9063601494,0.195855140686
Iteration,0,434,93.1023850441,0.195982933044
Iteration,3,434,93.1009340286,0.195996999741
Iteration,1,434,93.0990860462,0.195978164673
Iteration,2,434,93.1023449898,0.195984840393
Iteration,0,435,93.2981190681,0.195734024048
Iteration,3,435,93.2966918945,0.195757865906
Iteration,1,435,93.2948479652,0.195761919022
Iteration,2,435,93.2980730534,0.195728063583
Iteration,0,436,93.4937992096,0.195680141449
Iteration,2,436,93.4937591553,0.195686101913
Iteration,3,436,93.4923768044,0.195684909821
Iteration,1,436,93.4905030727,0.195655107498
Iteration,0,437,93.6894361973,0.195636987686
Iteration,3,437,93.6879899502,0.195613145828
Iteration,1,437,93.6861350536,0.195631980896
Iteration,2,437,93.6893751621,0.195616006851
Iteration,0,438,93.8845891953,0.195152997971
Iteration,3,438,93.8831298351,0.195139884949
Iteration,2,438,93.8845391273,0.195163965225
Iteration,1,438,93.881303072,0.195168018341
Iteration,3,439,94.0785470009,0.195417165756
Iteration,1,439,94.0766968727,0.195393800735
Iteration,2,439,94.0799541473,0.195415019989
Iteration,0,439,94.1963911057,0.3118019104
Iteration,0,440,94.422096014,0.225704908371
Iteration,3,440,94.4206838608,0.342136859894
Iteration,1,440,94.4188308716,0.342133998871
Iteration,2,440,94.4220731258,0.3421189785
Iteration,0,441,94.6179261208,0.195830106735
Iteration,3,441,94.6164848804,0.195801019669
Iteration,1,441,94.6146039963,0.195773124695
Iteration,2,441,94.6178641319,0.195791006088
Iteration,0,442,94.8134241104,0.195497989655
Iteration,2,442,94.8133590221,0.195494890213
Iteration,3,442,94.8119750023,0.195490121841
Iteration,1,442,94.810115099,0.195511102676
Iteration,0,443,95.0094370842,0.196012973785
Iteration,2,443,95.0094020367,0.196043014526
Iteration,3,443,95.0080068111,0.196031808853
Iteration,1,443,95.0061440468,0.19602894783
Iteration,0,444,95.2053201199,0.19588303566
Iteration,3,444,95.2039380074,0.195931196213
Iteration,1,444,95.2020618916,0.195917844772
Iteration,2,444,95.2053210735,0.195919036865
