Iteration,0,1,1.79392814636,0.219425201416
Iteration,1,1,1.79409003258,0.230752944946
Iteration,0,2,2.01598310471,0.222054958344
Iteration,1,2,2.01610612869,0.222016096115
Iteration,0,3,2.23885703087,0.222873926163
Iteration,1,3,2.23897099495,0.222864866257
Iteration,0,4,2.45863199234,0.219774961472
Iteration,1,4,2.45876002312,0.219789028168
Iteration,0,5,2.67611312866,0.217481136322
Iteration,1,5,2.67625308037,0.217493057251
Iteration,0,6,2.89472007751,0.218606948853
Iteration,1,6,2.89485812187,0.218605041504
Iteration,0,7,3.11344599724,0.218725919724
Iteration,1,7,3.11357402802,0.218715906143
Iteration,0,8,3.33249092102,0.219044923782
Iteration,1,8,3.33262610435,0.21905207634
Iteration,1,9,3.54938697815,0.216760873795
Iteration,0,9,3.62828207016,0.295791149139
Iteration,0,10,3.87942409515,0.251142024994
Iteration,1,10,3.87955212593,0.330165147781
Iteration,0,11,4.09612512589,0.216701030731
Iteration,1,11,4.09624695778,0.216694831848
Iteration,0,12,4.31245207787,0.216326951981
Iteration,1,12,4.3125770092,0.216330051422
Iteration,0,13,4.52920794487,0.216755867004
Iteration,1,13,4.52934408188,0.216767072678
Iteration,0,14,4.7469959259,0.217787981033
Iteration,1,14,4.74709296227,0.217748880386
Iteration,0,15,4.96447610855,0.217480182648
Iteration,1,15,4.96461796761,0.217525005341
Iteration,0,16,5.18153905869,0.217062950134
Iteration,1,16,5.18165302277,0.217035055161
Iteration,0,17,5.39895796776,0.217418909073
Iteration,1,17,5.3990650177,0.217411994934
Iteration,0,18,5.61790513992,0.218947172165
Iteration,1,18,5.6180229187,0.218957901001
Iteration,1,19,5.83586907387,0.217846155167
Iteration,0,19,5.91869592667,0.300790786743
Iteration,0,20,6.17231702805,0.253621101379
Iteration,1,20,6.17244696617,0.336577892303
Iteration,0,21,6.38791799545,0.215600967407
Iteration,1,21,6.3880109787,0.215564012527
Iteration,0,22,6.60232806206,0.214410066605
Iteration,1,22,6.60245394707,0.214442968369
Iteration,0,23,6.8188021183,0.216474056244
Iteration,1,23,6.81894207001,0.21648812294
Iteration,0,24,7.03463101387,0.215828895569
Iteration,1,24,7.03474092484,0.215798854828
Iteration,0,25,7.25030207634,0.215671062469
Iteration,1,25,7.25041604042,0.215675115585
Iteration,0,26,7.465747118,0.215445041656
Iteration,1,26,7.46583199501,0.21541595459
Iteration,0,27,7.68162894249,0.215881824493
Iteration,1,27,7.68175292015,0.21592092514
Iteration,0,28,7.89805102348,0.216422080994
Iteration,1,28,7.89816808701,0.216415166855
Iteration,1,29,8.11490011215,0.216732025146
Iteration,0,29,8.19712710381,0.299076080322
Iteration,0,30,8.45093202591,0.253804922104
Iteration,1,30,8.45103907585,0.336138963699
Iteration,0,31,8.66702008247,0.216088056564
Iteration,1,31,8.66713309288,0.216094017029
Iteration,0,32,8.88353610039,0.216516017914
Iteration,1,32,8.88364696503,0.216513872147
Iteration,0,33,9.10081315041,0.217277050018
Iteration,1,33,9.10094499588,0.217298030853
Iteration,0,34,9.31775403023,0.216940879822
Iteration,1,34,9.31785702705,0.216912031174
Iteration,0,35,9.53476405144,0.21701002121
Iteration,1,35,9.53487896919,0.217021942139
Iteration,0,36,9.75187110901,0.217107057571
Iteration,1,36,9.75197100639,0.217092037201
Iteration,0,37,9.96772408485,0.215852975845
Iteration,1,37,9.96784496307,0.21587395668
Iteration,0,38,10.1844420433,0.21671795845
Iteration,1,38,10.1845560074,0.216711044312
Iteration,1,39,10.4006960392,0.216140031815
Iteration,0,39,10.4837369919,0.299294948578
Iteration,0,40,10.7368221283,0.253085136414
Iteration,1,40,10.7369289398,0.33623290062
Iteration,0,41,10.953715086,0.216892957687
Iteration,1,41,10.953813076,0.2168841362
Iteration,0,42,11.1706781387,0.21696305275
Iteration,1,42,11.170787096,0.216974020004
Iteration,0,43,11.387419939,0.216741800308
Iteration,1,43,11.387556076,0.216768980026
Iteration,0,44,11.6033980846,0.215978145599
Iteration,1,44,11.6035048962,0.215948820114
Iteration,0,45,11.8186471462,0.215249061584
Iteration,1,45,11.8187639713,0.215259075165
Iteration,0,46,12.034070015,0.215422868729
Iteration,1,46,12.0341510773,0.215387105942
Iteration,0,47,12.2523219585,0.218251943588
Iteration,1,47,12.2524459362,0.218294858932
Iteration,0,48,12.4687650204,0.216443061829
Iteration,1,48,12.4688720703,0.216426134109
Iteration,1,49,12.6841330528,0.215260982513
Iteration,0,49,12.7693350315,0.300570011139
Iteration,0,50,13.0240321159,0.254697084427
Iteration,1,50,13.024130106,0.339997053146
Iteration,0,51,13.2393009663,0.215268850327
Iteration,1,51,13.2394230366,0.215292930603
Iteration,0,52,13.4545960426,0.21529507637
Iteration,1,52,13.4547309875,0.215307950974
Iteration,0,53,13.6703281403,0.215732097626
Iteration,1,53,13.670445919,0.215714931488
Iteration,0,54,13.8870959282,0.216767787933
Iteration,1,54,13.8872001171,0.216754198074
Iteration,0,55,14.1037120819,0.216616153717
Iteration,1,55,14.1038501263,0.216650009155
Iteration,0,56,14.3223459721,0.218633890152
Iteration,1,56,14.3224599361,0.218609809875
Iteration,0,57,14.5399811268,0.217635154724
Iteration,1,57,14.540086031,0.217626094818
Iteration,0,58,14.7583060265,0.218324899673
Iteration,1,58,14.7584269047,0.218340873718
Iteration,1,59,14.9755511284,0.217124223709
Iteration,0,59,15.0580580235,0.299751996994
Iteration,0,60,15.3130340576,0.254976034164
Iteration,1,60,15.3131420612,0.337590932846
Iteration,0,61,15.5302569866,0.217222929001
Iteration,1,61,15.5303571224,0.217215061188
Iteration,0,62,15.747328043,0.217071056366
Iteration,1,62,15.7474360466,0.217078924179
Iteration,0,63,15.9651260376,0.217797994614
Iteration,1,63,15.9652171135,0.217781066895
Iteration,0,64,16.1816079617,0.216481924057
Iteration,1,64,16.1816971302,0.216480016708
Iteration,0,65,16.3980951309,0.216487169266
Iteration,1,65,16.398195982,0.216498851776
Iteration,0,66,16.6149630547,0.216867923737
Iteration,1,66,16.6150949001,0.216898918152
Iteration,0,67,16.8307759762,0.215812921524
Iteration,1,67,16.8308780193,0.215783119202
Iteration,0,68,17.0465919971,0.215816020966
Iteration,1,68,17.0467059612,0.215827941895
Iteration,1,69,17.2631239891,0.216418027878
Iteration,0,69,17.3483009338,0.301708936691
Iteration,0,70,17.6024990082,0.254198074341
Iteration,1,70,17.6026089191,0.339484930038
Iteration,0,71,17.8199579716,0.217458963394
Iteration,1,71,17.8200829029,0.217473983765
Iteration,0,72,18.0375721455,0.217614173889
Iteration,1,72,18.0376689434,0.217586040497
Iteration,0,73,18.2533669472,0.215794801712
Iteration,1,73,18.2534890175,0.215820074081
Iteration,0,74,18.468845129,0.215478181839
Iteration,1,74,18.4689650536,0.215476036072
Iteration,0,75,18.684746027,0.21590089798
Iteration,1,75,18.6848390102,0.21587395668
Iteration,0,76,18.9018969536,0.21715092659
Iteration,1,76,18.9019889832,0.217149972916
Iteration,0,77,19.1184360981,0.216539144516
Iteration,1,77,19.1185340881,0.21654510498
Iteration,0,78,19.3375270367,0.219090938568
Iteration,1,78,19.3376019001,0.219067811966
Iteration,1,79,19.5567331314,0.219131231308
Iteration,0,79,19.6410651207,0.30353808403
Iteration,0,80,19.8963489532,0.25528383255
Iteration,1,80,19.8964560032,0.33972287178
Iteration,0,81,20.1145949364,0.218245983124
Iteration,1,81,20.1146941185,0.218238115311
Iteration,0,82,20.3322660923,0.21767115593
Iteration,1,82,20.3323619366,0.217667818069
Iteration,0,83,20.5509569645,0.218690872192
Iteration,1,83,20.5510540009,0.218692064285
Iteration,0,84,20.7683529854,0.217396020889
Iteration,1,84,20.7684440613,0.217390060425
Iteration,0,85,20.9854121208,0.217059135437
Iteration,1,85,20.9855020046,0.217057943344
Iteration,0,86,21.2026200294,0.21720790863
Iteration,1,86,21.2027020454,0.217200040817
Iteration,0,87,21.4191329479,0.216512918472
Iteration,1,87,21.4192399979,0.216537952423
Iteration,0,88,21.6352231503,0.216090202332
Iteration,1,88,21.6352989674,0.216058969498
Iteration,1,89,21.8521280289,0.216829061508
Iteration,0,89,21.9366440773,0.301420927048
Iteration,0,90,22.1910870075,0.254442930222
Iteration,1,90,22.1911990643,0.339071035385
Iteration,0,91,22.4085390568,0.217452049255
Iteration,1,91,22.4086480141,0.217448949814
Iteration,0,92,22.6261439323,0.217604875565
Iteration,1,92,22.6262159348,0.217567920685
Iteration,0,93,22.8437449932,0.217601060867
Iteration,1,93,22.843832016,0.217616081238
Iteration,0,94,23.0610671043,0.21732211113
Iteration,1,94,23.0611851215,0.217353105545
Iteration,0,95,23.2796630859,0.218595981598
Iteration,1,95,23.279747963,0.218562841415
Iteration,0,96,23.4972760677,0.217612981796
Iteration,1,96,23.4973750114,0.217627048492
Iteration,0,97,23.7139091492,0.216633081436
Iteration,1,97,23.7140259743,0.21665096283
Iteration,0,98,23.9321990013,0.218289852142
Iteration,1,98,23.9323019981,0.218276023865
Iteration,1,99,24.1509919167,0.218689918518
Iteration,0,99,24.2346129417,0.30241394043
Iteration,0,100,24.4891769886,0.25456404686
Iteration,1,100,24.4893069267,0.338315010071
Iteration,0,101,24.7049789429,0.215801954269
Iteration,1,101,24.7050840855,0.215777158737
Iteration,0,102,24.9212629795,0.216284036636
Iteration,1,102,24.9213619232,0.216277837753
Iteration,0,103,25.137417078,0.216154098511
Iteration,1,103,25.1375150681,0.216153144836
Iteration,0,104,25.3541231155,0.216706037521
Iteration,1,104,25.3541889191,0.216673851013
Iteration,0,105,25.5710999966,0.216976881027
Iteration,1,105,25.571171999,0.21698307991
Iteration,0,106,25.7872641087,0.216164112091
Iteration,1,106,25.7873520851,0.216180086136
Iteration,0,107,26.003672123,0.216408014297
Iteration,1,107,26.0037810802,0.216428995132
Iteration,0,108,26.2201170921,0.216444969177
Iteration,1,108,26.2202029228,0.216421842575
Iteration,1,109,26.4366159439,0.216413021088
Iteration,0,109,26.5210051537,0.300888061523
Iteration,0,110,26.7752580643,0.254252910614
Iteration,1,110,26.7753269672,0.338711023331
Iteration,0,111,26.9942090511,0.218950986862
Iteration,1,111,26.9942979813,0.218971014023
Iteration,0,112,27.2098219395,0.215612888336
Iteration,1,112,27.2099010944,0.215603113174
Iteration,0,113,27.4249920845,0.215170145035
Iteration,1,113,27.4250879288,0.215186834335
Iteration,0,114,27.6416330338,0.216640949249
Iteration,1,114,27.6417050362,0.216617107391
Iteration,0,115,27.8598079681,0.218174934387
Iteration,1,115,27.8598930836,0.218188047409
Iteration,0,116,28.07751894,0.217710971832
Iteration,1,116,28.0775980949,0.217705011368
Iteration,0,117,28.2948160172,0.217297077179
Iteration,1,117,28.2948920727,0.217293977737
Iteration,0,118,28.5127720833,0.217956066132
Iteration,1,118,28.5128440857,0.217952013016
Iteration,1,119,28.7304139137,0.217569828033
Iteration,0,119,28.8136720657,0.300899982452
Iteration,0,120,29.0664949417,0.252822875977
Iteration,1,120,29.0665929317,0.336179018021
Iteration,0,121,29.2825639248,0.216068983078
Iteration,1,121,29.2826590538,0.216066122055
Iteration,0,122,29.4994380474,0.21687412262
Iteration,1,122,29.499530077,0.216871023178
Iteration,0,123,29.7152459621,0.215807914734
Iteration,1,123,29.7153449059,0.215814828873
Iteration,0,124,29.9312560558,0.216010093689
Iteration,1,124,29.9313409328,0.215996026993
Iteration,0,125,30.1483080387,0.21705198288
Iteration,1,125,30.1483900547,0.217049121857
Iteration,0,126,30.3663239479,0.218015909195
Iteration,1,126,30.3663949966,0.21800494194
Iteration,0,127,30.5838561058,0.217532157898
Iteration,1,127,30.5839290619,0.217534065247
Iteration,0,128,30.8026959896,0.218839883804
Iteration,1,128,30.8027451038,0.218816041946
Iteration,1,129,31.0205030441,0.217757940292
Iteration,0,129,31.1053290367,0.302633047104
Iteration,0,130,31.3602781296,0.254949092865
Iteration,1,130,31.3603379726,0.339834928513
Iteration,0,131,31.5780389309,0.217760801315
Iteration,1,131,31.5781080723,0.21777009964
Iteration,0,132,31.7947471142,0.216708183289
Iteration,1,132,31.7948329449,0.216724872589
Iteration,0,133,32.0107021332,0.215955018997
Iteration,1,133,32.0107569695,0.215924024582
Iteration,0,134,32.2295751572,0.218873023987
Iteration,1,134,32.2296600342,0.218903064728
Iteration,0,135,32.4503760338,0.220800876617
Iteration,1,135,32.4504361153,0.220776081085
Iteration,0,136,32.6680691242,0.217693090439
Iteration,1,136,32.6681480408,0.217711925507
Iteration,0,137,32.887045145,0.218976020813
Iteration,1,137,32.887130022,0.218981981277
Iteration,0,138,33.1047189236,0.217673778534
Iteration,1,138,33.1048030853,0.217673063278
Iteration,1,139,33.3224880695,0.217684984207
Iteration,0,139,33.4058170319,0.301098108292
Iteration,0,140,33.6591920853,0.253375053406
Iteration,1,140,33.6592550278,0.336766958237
Iteration,0,141,33.8770260811,0.217833995819
Iteration,1,141,33.8770990372,0.217844009399
Iteration,0,142,34.0943830013,0.217356920242
Iteration,1,142,34.0944550037,0.217355966568
Iteration,0,143,34.3117799759,0.217396974564
Iteration,1,143,34.3118469715,0.217391967773
Iteration,0,144,34.5294611454,0.21768116951
Iteration,1,144,34.5295329094,0.217685937881
Iteration,0,145,34.745816946,0.216355800629
Iteration,1,145,34.7458889484,0.216356039047
Iteration,0,146,34.962911129,0.217094182968
Iteration,1,146,34.9629831314,0.217094182968
Iteration,0,147,35.1797840595,0.216872930527
Iteration,1,147,35.1798501015,0.216866970062
Iteration,0,148,35.3966350555,0.216850996017
Iteration,1,148,35.3967030048,0.216852903366
Iteration,1,149,35.6134290695,0.216726064682
Iteration,0,149,35.6973390579,0.30070400238
Iteration,0,150,35.9524390697,0.255100011826
Iteration,1,150,35.9525210857,0.33909201622
Iteration,0,151,36.1698131561,0.21737408638
Iteration,1,151,36.1698689461,0.217347860336
Iteration,0,152,36.388119936,0.218306779861
Iteration,1,152,36.3881809711,0.21831202507
Iteration,0,153,36.6056730747,0.217553138733
Iteration,1,153,36.6057229042,0.21754193306
Iteration,0,154,36.8227109909,0.217037916183
Iteration,1,154,36.8227880001,0.217065095901
Iteration,0,155,37.0397000313,0.216989040375
Iteration,1,155,37.03977108,0.21698307991
Iteration,0,156,37.2570650578,0.217365026474
Iteration,1,156,37.2571380138,0.217366933823
Iteration,0,157,37.4744019508,0.217336893082
Iteration,1,157,37.4744300842,0.217292070389
Iteration,0,158,37.6916639805,0.217262029648
Iteration,1,158,37.6917500496,0.217319965363
Iteration,1,159,37.9118030071,0.220052957535
Iteration,0,159,37.9942889214,0.302624940872
Iteration,0,160,38.2500441074,0.255755186081
Iteration,1,160,38.2501299381,0.338326931
Iteration,0,161,38.4676070213,0.217562913895
Iteration,1,161,38.4676821232,0.217552185059
Iteration,0,162,38.6846570969,0.217050075531
Iteration,1,162,38.6847250462,0.217042922974
Iteration,0,163,38.9008779526,0.216220855713
Iteration,1,163,38.9009280205,0.216202974319
Iteration,0,164,39.1176190376,0.216741085052
Iteration,1,164,39.1176719666,0.216743946075
Iteration,0,165,39.334747076,0.217128038406
Iteration,1,165,39.3348209858,0.217149019241
Iteration,0,166,39.5520501137,0.217303037643
Iteration,1,166,39.55210495,0.217283964157
Iteration,0,167,39.7697870731,0.217736959457
Iteration,1,167,39.7698340416,0.217729091644
Iteration,0,168,39.9867389202,0.216951847076
Iteration,1,168,39.986782074,0.216948032379
Iteration,1,169,40.204282999,0.217500925064
Iteration,0,169,40.2892251015,0.302486181259
Iteration,0,170,40.544093132,0.254868030548
Iteration,1,170,40.5441288948,0.339845895767
Iteration,0,171,40.7614140511,0.217320919037
Iteration,1,171,40.7614591122,0.217330217361
Iteration,0,172,40.9784150124,0.217000961304
Iteration,1,172,40.9784510136,0.216991901398
Iteration,0,173,41.1946890354,0.216274023056
Iteration,1,173,41.1947550774,0.216304063797
Iteration,0,174,41.4110751152,0.216386079788
Iteration,1,174,41.4111149311,0.216359853745
Iteration,0,175,41.6279890537,0.216913938522
Iteration,1,175,41.6280419827,0.216927051544
Iteration,0,176,41.8442809582,0.216291904449
Iteration,1,176,41.8443388939,0.21629691124
Iteration,0,177,42.0606300831,0.216349124908
Iteration,1,177,42.0606889725,0.216350078583
Iteration,0,178,42.2794709206,0.218840837479
Iteration,1,178,42.2795209885,0.218832015991
Iteration,1,179,42.5019719601,0.222450971603
Iteration,0,179,42.5860900879,0.306619167328
Iteration,0,180,42.8418240547,0.255733966827
Iteration,1,180,42.8418700695,0.339898109436
Iteration,0,181,43.0611760616,0.219352006912
Iteration,1,181,43.0612449646,0.219374895096
Iteration,0,182,43.2790501118,0.21787405014
Iteration,1,182,43.2791419029,0.217896938324
Iteration,0,183,43.4977509975,0.218700885773
Iteration,1,183,43.4979081154,0.218766212463
Iteration,0,184,43.7157709599,0.218019962311
Iteration,1,184,43.7158060074,0.217897891998
Iteration,0,185,43.9323949814,0.21662402153
Iteration,1,185,43.9324140549,0.216608047485
Iteration,0,186,44.1482541561,0.215859174728
Iteration,1,186,44.1483061314,0.215892076492
Iteration,0,187,44.3648059368,0.216551780701
Iteration,1,187,44.3648478985,0.21654176712
Iteration,0,188,44.5812001228,0.21639418602
Iteration,1,188,44.5812859535,0.216438055038
Iteration,1,189,44.7964720726,0.21518611908
Iteration,0,189,44.9089970589,0.327796936035
Iteration,0,190,45.1618499756,0.252852916718
Iteration,1,190,45.1619141102,0.365442037582
Iteration,0,191,45.3778660297,0.216016054153
Iteration,1,191,45.3778910637,0.215976953506
Iteration,0,192,45.5948820114,0.217015981674
Iteration,1,192,45.5949299335,0.217038869858
Iteration,0,193,45.8108389378,0.215956926346
Iteration,1,193,45.8108980656,0.215968132019
Iteration,0,194,46.0271310806,0.216292142868
Iteration,1,194,46.0272181034,0.216320037842
Iteration,0,195,46.2439849377,0.21685385704
Iteration,1,195,46.2440130711,0.216794967651
Iteration,0,196,46.4600329399,0.216048002243
Iteration,1,196,46.4601020813,0.216089010239
Iteration,0,197,46.6774170399,0.21738409996
Iteration,1,197,46.6774790287,0.217376947403
Iteration,0,198,46.8952219486,0.217804908752
Iteration,1,198,46.8952770233,0.217797994614
Iteration,1,199,47.1132380962,0.217961072922
Iteration,0,199,47.1974561214,0.302234172821
Iteration,0,200,47.4514679909,0.254011869431
Iteration,1,200,47.4515280724,0.33828997612
Iteration,0,201,47.668295145,0.21682715416
Iteration,1,201,47.668350935,0.216822862625
Iteration,0,202,47.8859939575,0.217698812485
Iteration,1,202,47.8860399723,0.217689037323
Iteration,0,203,48.1028680801,0.21687412262
Iteration,1,203,48.1029140949,0.21687412262
Iteration,0,204,48.3203239441,0.217455863953
Iteration,1,204,48.3203649521,0.217450857162
Iteration,0,205,48.5368020535,0.21647810936
Iteration,1,205,48.5368540287,0.216489076614
Iteration,0,206,48.7530059814,0.216203927994
Iteration,1,206,48.7530429363,0.216188907623
Iteration,0,207,48.9707019329,0.217695951462
Iteration,1,207,48.9707391262,0.21769618988
Iteration,0,208,49.1893451214,0.218643188477
Iteration,1,208,49.1893939972,0.218654870987
Iteration,1,209,49.4069330692,0.217539072037
Iteration,0,209,49.4920110703,0.302665948868
Iteration,0,210,49.7445781231,0.252567052841
Iteration,1,210,49.7446279526,0.337694883347
Iteration,0,211,49.961151123,0.216572999954
Iteration,1,211,49.9612019062,0.216573953629
Iteration,0,212,50.1776220798,0.216470956802
Iteration,1,212,50.1776809692,0.216479063034
Iteration,0,213,50.3936970234,0.216074943542
Iteration,1,213,50.3937239647,0.216042995453
Iteration,0,214,50.6100289822,0.216331958771
Iteration,1,214,50.6100969315,0.216372966766
Iteration,0,215,50.825797081,0.215768098831
Iteration,1,215,50.8258080482,0.215711116791
Iteration,0,216,51.0404579639,0.21466088295
Iteration,1,216,51.0404970646,0.214689016342
Iteration,0,217,51.2577710152,0.217313051224
Iteration,1,217,51.2577850819,0.217288017273
Iteration,0,218,51.4750931263,0.21732211113
Iteration,1,218,51.4751119614,0.217326879501
Iteration,1,219,51.691847086,0.216735124588
Iteration,0,219,51.7745950222,0.299501895905
Iteration,0,220,52.0301589966,0.25556397438
Iteration,1,220,52.0301890373,0.33834195137
Iteration,0,221,52.2479381561,0.217779159546
Iteration,1,221,52.247977972,0.217788934708
Iteration,0,222,52.4658441544,0.21790599823
Iteration,1,222,52.4658639431,0.217885971069
Iteration,0,223,52.6830611229,0.217216968536
Iteration,1,223,52.6831059456,0.217242002487
Iteration,0,224,52.9014520645,0.21839094162
Iteration,1,224,52.9014890194,0.218383073807
Iteration,0,225,53.1183590889,0.216907024384
Iteration,1,225,53.1183900833,0.216901063919
Iteration,0,226,53.3342320919,0.215873003006
Iteration,1,226,53.3342499733,0.215859889984
Iteration,0,227,53.5504140854,0.216181993484
Iteration,1,227,53.5504441261,0.216194152832
Iteration,0,228,53.7677960396,0.217381954193
Iteration,1,228,53.7678611279,0.217417001724
Iteration,1,229,53.9849319458,0.217070817947
Iteration,0,229,54.0689940453,0.301198005676
Iteration,0,230,54.3232440948,0.254250049591
Iteration,1,230,54.3232729435,0.338340997696
Iteration,0,231,54.5404360294,0.217191934586
Iteration,1,231,54.540487051,0.217214107513
Iteration,0,232,54.7571470737,0.216711044312
Iteration,1,232,54.7572040558,0.216717004776
Iteration,0,233,54.9764800072,0.219332933426
Iteration,1,233,54.9765291214,0.219325065613
Iteration,0,234,55.1928269863,0.216346979141
Iteration,1,234,55.1928710938,0.216341972351
Iteration,0,235,55.4091091156,0.216282129288
Iteration,1,235,55.4091689587,0.216297864914
Iteration,0,236,55.6262731552,0.217164039612
Iteration,1,236,55.6263070107,0.217138051987
Iteration,0,237,55.8425700665,0.21629691124
Iteration,1,237,55.8425989151,0.216291904449
Iteration,0,238,56.0593149662,0.21674489975
Iteration,1,238,56.0593500137,0.216751098633
Iteration,1,239,56.2755179405,0.216167926788
Iteration,0,239,56.3585839272,0.299268960953
Iteration,0,240,56.6125020981,0.253918170929
Iteration,1,240,56.6125171185,0.336999177933
Iteration,0,241,56.8276119232,0.215109825134
Iteration,1,241,56.8276259899,0.21510887146
Iteration,0,242,57.04211092,0.214498996735
Iteration,1,242,57.0421221256,0.214496135712
Iteration,0,243,57.2565219402,0.214411020279
Iteration,1,243,57.2565290928,0.214406967163
Iteration,0,244,57.4716639519,0.215142011642
Iteration,1,244,57.4717020988,0.215173006058
Iteration,0,245,57.686453104,0.214789152145
Iteration,1,245,57.6864840984,0.214781999588
Iteration,0,246,57.9039130211,0.217459917068
Iteration,1,246,57.9039349556,0.217450857162
Iteration,0,247,58.119145155,0.215232133865
Iteration,1,247,58.1191899776,0.215255022049
Iteration,0,248,58.3358471394,0.216701984406
Iteration,1,248,58.3358750343,0.216685056686
Iteration,1,249,58.5539340973,0.218059062958
Iteration,0,249,58.6379389763,0.302091836929
Iteration,0,250,58.8919789791,0.254040002823
Iteration,1,250,58.8919939995,0.338059902191
Iteration,0,251,59.1078560352,0.215877056122
Iteration,1,251,59.107847929,0.21585392952
Iteration,0,252,59.3235900402,0.215734004974
Iteration,1,252,59.3236310482,0.215783119202
Iteration,0,253,59.5401940346,0.21660399437
Iteration,1,253,59.540211916,0.216580867767
Iteration,0,254,59.7556700706,0.215476036072
Iteration,1,254,59.7557051182,0.215493202209
Iteration,0,255,59.9728109837,0.21714091301
Iteration,1,255,59.9728200436,0.217114925385
Iteration,0,256,60.1904010773,0.217590093613
Iteration,1,256,60.1904110909,0.217591047287
Iteration,0,257,60.4087769985,0.218375921249
Iteration,1,257,60.4087710381,0.218359947205
Iteration,0,258,60.6330060959,0.224229097366
Iteration,1,258,60.6330459118,0.224274873734
Iteration,1,259,60.8494241238,0.216378211975
Iteration,0,259,60.9325730801,0.299566984177
Iteration,0,260,61.1848320961,0.252259016037
Iteration,1,260,61.1848349571,0.335410833359
Iteration,0,261,61.4003911018,0.215559005737
Iteration,1,261,61.4004030228,0.215568065643
Iteration,0,262,61.614207983,0.21381688118
Iteration,1,262,61.6142129898,0.213809967041
Iteration,0,263,61.8284189701,0.214210987091
Iteration,1,263,61.8284289837,0.214215993881
Iteration,0,264,62.0426950455,0.214276075363
Iteration,1,264,62.042732954,0.214303970337
Iteration,0,265,62.2579989433,0.215303897858
Iteration,1,265,62.2580149174,0.215281963348
Iteration,0,266,62.4738349915,0.215836048126
Iteration,1,266,62.4738650322,0.215850114822
Iteration,0,267,62.6886861324,0.214851140976
Iteration,1,267,62.6887180805,0.214853048325
Iteration,0,268,62.9045901299,0.215903997421
Iteration,1,268,62.9046070576,0.215888977051
Iteration,1,269,63.1199550629,0.215348005295
Iteration,0,269,63.20499897,0.300408840179
Iteration,0,270,63.4571759701,0.252177000046
Iteration,1,270,63.4572200775,0.337265014648
Iteration,0,271,63.6725299358,0.215353965759
Iteration,1,271,63.6725370884,0.21531701088
Iteration,0,272,63.8870770931,0.214547157288
Iteration,1,272,63.887098074,0.214560985565
Iteration,0,273,64.1030640602,0.215986967087
Iteration,1,273,64.1030750275,0.215976953506
Iteration,0,274,64.3192579746,0.216193914413
Iteration,1,274,64.319286108,0.216211080551
Iteration,0,275,64.5343899727,0.215131998062
Iteration,1,275,64.5343980789,0.215111970901
Iteration,0,276,64.7487239838,0.214334011078
Iteration,1,276,64.7487490177,0.214350938797
Iteration,0,277,64.9654171467,0.216693162918
Iteration,1,277,64.9654068947,0.216657876968
Iteration,0,278,65.1827580929,0.217340946198
Iteration,1,278,65.1827750206,0.217368125916
Iteration,1,279,65.400523901,0.217748880386
Iteration,0,279,65.4834599495,0.300701856613
Iteration,0,280,65.7412879467,0.257827997208
Iteration,1,280,65.7413089275,0.34078502655
Iteration,0,281,65.956964016,0.21567606926
Iteration,1,281,65.9569740295,0.215665102005
Iteration,0,282,66.1751041412,0.218140125275
Iteration,1,282,66.1751050949,0.218131065369
Iteration,0,283,66.3931260109,0.218021869659
Iteration,1,283,66.3931379318,0.218032836914
Iteration,0,284,66.6186430454,0.225517034531
Iteration,1,284,66.6185829639,0.22544503212
Iteration,0,285,66.836122036,0.217478990555
Iteration,1,285,66.8361289501,0.217545986176
Iteration,0,286,67.0517160892,0.215594053268
Iteration,1,286,67.0517170429,0.215588092804
Iteration,0,287,67.267111063,0.215394973755
Iteration,1,287,67.2671120167,0.215394973755
Iteration,0,288,67.4824609756,0.215349912643
Iteration,1,288,67.4824669361,0.215354919434
Iteration,1,289,67.6974849701,0.215018033981
Iteration,0,289,67.778856039,0.2963950634
Iteration,0,290,68.033370018,0.254513978958
Iteration,1,290,68.0333840847,0.335899114609
Iteration,0,291,68.2498121262,0.216442108154
Iteration,1,291,68.2498040199,0.216419935226
Iteration,0,292,68.465141058,0.215328931808
Iteration,1,292,68.4651589394,0.215354919434
Iteration,0,293,68.6796319485,0.214490890503
Iteration,1,293,68.6796460152,0.214487075806
Iteration,0,294,68.8934731483,0.213841199875
Iteration,1,294,68.8934800625,0.213834047318
Iteration,0,295,69.1072950363,0.21382188797
Iteration,1,295,69.1072950363,0.213814973831
Iteration,0,296,69.3222789764,0.214983940125
Iteration,1,296,69.3222789764,0.214983940125
Iteration,0,297,69.5372130871,0.214934110641
Iteration,1,297,69.5372149944,0.21493601799
Iteration,0,298,69.7520561218,0.214843034744
Iteration,1,298,69.7520389557,0.214823961258
Iteration,1,299,69.9673790932,0.215340137482
Iteration,0,299,70.0507390499,0.298682928085
Iteration,0,300,70.3043601513,0.253621101379
Iteration,1,300,70.3043549061,0.336975812912
Iteration,0,301,70.5200359821,0.215675830841
Iteration,1,301,70.5200428963,0.215687990189
Iteration,0,302,70.7367730141,0.216737031937
Iteration,1,302,70.7367620468,0.216719150543
Iteration,0,303,70.9525909424,0.215817928314
Iteration,1,303,70.9525871277,0.215825080872
Iteration,0,304,71.170181036,0.217590093613
Iteration,1,304,71.1701850891,0.217597961426
Iteration,0,305,71.3891611099,0.218980073929
Iteration,1,305,71.389154911,0.21896982193
Iteration,0,306,71.6072230339,0.218061923981
Iteration,1,306,71.6072249413,0.218070030212
Iteration,0,307,71.8239450455,0.216722011566
Iteration,1,307,71.8239269257,0.216701984406
Iteration,0,308,72.0431859493,0.219240903854
Iteration,1,308,72.0431849957,0.219258069992
Iteration,1,309,72.2612550259,0.218070030212
Iteration,0,309,72.3461649418,0.302978992462
Iteration,0,310,72.5984179974,0.252253055573
Iteration,1,310,72.5984148979,0.337159872055
Iteration,0,311,72.8119111061,0.213493108749
Iteration,1,311,72.8119010925,0.213486194611
Iteration,0,312,73.0293979645,0.217486858368
Iteration,1,312,73.0293819904,0.217480897903
Iteration,0,313,73.2454400063,0.216042041779
Iteration,1,313,73.2454259396,0.216043949127
Iteration,0,314,73.4581110477,0.212671041489
Iteration,1,314,73.4580900669,0.21266412735
Iteration,0,315,73.6705610752,0.212450027466
Iteration,1,315,73.6705300808,0.212440013885
Iteration,0,316,73.8846559525,0.214094877243
Iteration,1,316,73.8846549988,0.214124917984
Iteration,0,317,74.0997951031,0.21513915062
Iteration,1,317,74.0997860432,0.215131044388
Iteration,0,318,74.3169651031,0.217170000076
Iteration,1,318,74.3169360161,0.217149972916
Iteration,1,319,74.5341861248,0.217250108719
Iteration,0,319,74.6187300682,0.301764965057
Iteration,0,320,74.8709049225,0.252174854279
Iteration,1,320,74.8708810806,0.336694955826
Iteration,0,321,75.0849320889,0.214027166367
Iteration,1,321,75.0849261284,0.21404504776
Iteration,0,322,75.3012931347,0.216361045837
Iteration,1,322,75.3012681007,0.216341972351
Iteration,0,323,75.5176789761,0.21638584137
Iteration,1,323,75.5176639557,0.21639585495
Iteration,0,324,75.7343261242,0.216647148132
Iteration,1,324,75.734292984,0.21662902832
Iteration,0,325,75.9521460533,0.217819929123
Iteration,1,325,75.9521300793,0.217837095261
Iteration,0,326,76.169342041,0.217195987701
Iteration,1,326,76.1693210602,0.217190980911
Iteration,0,327,76.3868849277,0.217542886734
Iteration,1,327,76.3868560791,0.217535018921
Iteration,0,328,76.6051001549,0.218215227127
Iteration,1,328,76.6051061153,0.21825003624
Iteration,1,329,76.8222100735,0.21710395813
Iteration,0,329,76.9063301086,0.301229953766
Iteration,0,330,77.1587691307,0.252439022064
Iteration,1,330,77.1587440968,0.336534023285
Iteration,0,331,77.3764569759,0.21768784523
Iteration,1,331,77.3764379025,0.217693805695
Iteration,0,332,77.593626976,0.217170000076
Iteration,1,332,77.5936150551,0.217177152634
Iteration,0,333,77.8153719902,0.221745014191
Iteration,1,333,77.8153450489,0.22172999382
Iteration,0,334,78.0328350067,0.21746301651
Iteration,1,334,78.0327949524,0.217449903488
Iteration,0,335,78.2471921444,0.21435713768
Iteration,1,335,78.2471399307,0.214344978333
Iteration,0,336,78.4618279934,0.214635848999
Iteration,1,336,78.4617800713,0.214640140533
Iteration,0,337,78.6765539646,0.214725971222
Iteration,1,337,78.676525116,0.214745044708
Iteration,0,338,78.8914670944,0.214913129807
Iteration,1,338,78.8914620876,0.214936971664
Iteration,1,339,79.1052210331,0.213758945465
Iteration,0,339,79.1891391277,0.29767203331
Iteration,0,340,79.4408049583,0.251665830612
Iteration,1,340,79.4407930374,0.335572004318
Iteration,0,341,79.6559181213,0.215113162994
Iteration,1,341,79.655878067,0.215085029602
Iteration,0,342,79.8715181351,0.215600013733
Iteration,1,342,79.871473074,0.215595006943
Iteration,0,343,80.0863389969,0.214820861816
Iteration,1,343,80.0863249302,0.214851856232
Iteration,0,344,80.3019120693,0.215573072433
Iteration,1,344,80.3018820286,0.215557098389
Iteration,0,345,80.5168869495,0.214974880219
Iteration,1,345,80.516851902,0.214969873428
Iteration,0,346,80.7309589386,0.214071989059
Iteration,1,346,80.7309288979,0.21407699585
Iteration,0,347,80.9463219643,0.215363025665
Iteration,1,347,80.9462749958,0.215346097946
Iteration,0,348,81.1632840633,0.216962099075
Iteration,1,348,81.163214922,0.216939926147
Iteration,1,349,81.3804869652,0.217272043228
Iteration,0,349,81.4639129639,0.300628900528
Iteration,0,350,81.7208149433,0.256901979446
Iteration,1,350,81.7207798958,0.340292930603
Iteration,0,351,81.9396319389,0.218816995621
Iteration,1,351,81.9396150112,0.218835115433
Iteration,0,352,82.1542329788,0.214601039886
Iteration,1,352,82.1542210579,0.214606046677
Iteration,0,353,82.3701679707,0.215934991837
Iteration,1,353,82.3701610565,0.215939998627
Iteration,0,354,82.5848400593,0.214672088623
Iteration,1,354,82.5848429203,0.214681863785
Iteration,0,355,82.800385952,0.215545892715
Iteration,1,355,82.8003659248,0.215523004532
Iteration,0,356,83.0159640312,0.215578079224
Iteration,1,356,83.0159170628,0.215551137924
Iteration,0,357,83.2307281494,0.214764118195
Iteration,1,357,83.2306931019,0.214776039124
Iteration,0,358,83.4461359978,0.215407848358
Iteration,1,358,83.4461019039,0.215408802032
Iteration,1,359,83.6612479687,0.215146064758
Iteration,0,359,83.7417740822,0.295638084412
Iteration,0,360,83.9955101013,0.253736019135
Iteration,1,360,83.9954679012,0.334219932556
Iteration,0,361,84.2091629505,0.213652849197
Iteration,1,361,84.2091369629,0.213669061661
Iteration,0,362,84.4248199463,0.215656995773
Iteration,1,362,84.42476511,0.215628147125
Iteration,0,363,84.6405789852,0.215759038925
Iteration,1,363,84.6405050755,0.215739965439
Iteration,0,364,84.8558409214,0.215261936188
Iteration,1,364,84.8557839394,0.215278863907
Iteration,0,365,85.0702280998,0.214387178421
Iteration,1,365,85.0701899529,0.214406013489
Iteration,0,366,85.2859520912,0.215723991394
Iteration,1,366,85.2859039307,0.215713977814
Iteration,0,367,85.5018060207,0.21585392952
Iteration,1,367,85.5017740726,0.215870141983
Iteration,0,368,85.7157769203,0.213970899582
Iteration,1,368,85.7157120705,0.213937997818
Iteration,1,369,85.9301130772,0.214401006699
Iteration,0,369,86.0154731274,0.299696207047
Iteration,0,370,86.2672939301,0.251820802689
Iteration,1,370,86.2672550678,0.337141990662
Iteration,0,371,86.4821469784,0.214853048325
Iteration,1,371,86.4821341038,0.21487903595
Iteration,0,372,86.6979300976,0.215783119202
Iteration,1,372,86.6978740692,0.215739965439
Iteration,0,373,86.9122159481,0.214285850525
Iteration,1,373,86.9121770859,0.214303016663
Iteration,0,374,87.1264741421,0.21425819397
Iteration,1,374,87.1264460087,0.214268922806
Iteration,0,375,87.3418490887,0.215374946594
Iteration,1,375,87.3417670727,0.215321063995
Iteration,0,376,87.5563549995,0.214505910873
Iteration,1,376,87.5562999249,0.214532852173
Iteration,0,377,87.7718360424,0.215481042862
Iteration,1,377,87.7717859745,0.215486049652
Iteration,0,378,87.9888839722,0.217047929764
Iteration,1,378,87.9888439178,0.217057943344
Iteration,1,379,88.2050249577,0.21618103981
Iteration,0,379,88.290019989,0.301136016846
Iteration,0,380,88.5440740585,0.254054069519
Iteration,1,380,88.5439679623,0.338943004608
Iteration,0,381,88.7601690292,0.216094970703
Iteration,1,381,88.7601010799,0.216133117676
Iteration,0,382,88.9757599831,0.215590953827
Iteration,1,382,88.9757039547,0.215602874756
Iteration,0,383,89.1911180019,0.215358018875
Iteration,1,383,89.1910450459,0.215341091156
Iteration,0,384,89.4057040215,0.214586019516
Iteration,1,384,89.4056429863,0.214597940445
Iteration,0,385,89.6210091114,0.215305089951
Iteration,1,385,89.6209290028,0.215286016464
Iteration,0,386,89.8352310658,0.214221954346
Iteration,1,386,89.8351991177,0.214270114899
Iteration,0,387,90.0508239269,0.215592861176
Iteration,1,387,90.0507559776,0.21555685997
Iteration,0,388,90.2667329311,0.215909004211
Iteration,1,388,90.2666759491,0.215919971466
Iteration,1,389,90.4832360744,0.216560125351
Iteration,0,389,90.5682780743,0.301545143127
Iteration,0,390,90.8210661411,0.252788066864
Iteration,1,390,90.8210279942,0.337791919708
Iteration,0,391,91.0377540588,0.216687917709
Iteration,1,391,91.0376880169,0.216660022736
Iteration,0,392,91.2529799938,0.215225934982
Iteration,1,392,91.25289011,0.215202093124
Iteration,0,393,91.466668129,0.213688135147
Iteration,1,393,91.4666070938,0.213716983795
Iteration,0,394,91.6811230183,0.214454889297
Iteration,1,394,91.6810779572,0.214470863342
Iteration,0,395,91.8945739269,0.213450908661
Iteration,1,395,91.8944699764,0.213392019272
Iteration,0,396,92.1083819866,0.213808059692
Iteration,1,396,92.1083021164,0.213832139969
Iteration,0,397,92.3242399693,0.215857982635
Iteration,1,397,92.3241660595,0.2158639431
Iteration,0,398,92.5396959782,0.215456008911
Iteration,1,398,92.5396299362,0.215463876724
Iteration,1,399,92.753704071,0.214074134827
Iteration,0,399,92.8379430771,0.298247098923
Iteration,0,400,93.0900130272,0.252069950104
Iteration,1,400,93.0899689198,0.336264848709
Iteration,0,401,93.3050451279,0.215032100677
Iteration,1,401,93.3049800396,0.215011119843
Iteration,0,402,93.5199141502,0.214869022369
Iteration,1,402,93.5198440552,0.214864015579
Iteration,0,403,93.7348649502,0.214950799942
Iteration,1,403,93.734787941,0.214943885803
Iteration,0,404,93.9499349594,0.215070009232
Iteration,1,404,93.9498660564,0.215078115463
Iteration,0,405,94.1636960506,0.213761091232
Iteration,1,405,94.1636259556,0.213759899139
Iteration,0,406,94.3775150776,0.213819026947
Iteration,1,406,94.3774290085,0.213803052902
Iteration,0,407,94.5914649963,0.213949918747
Iteration,1,407,94.591383934,0.213954925537
Iteration,0,408,94.8064320087,0.214967012405
Iteration,1,408,94.8063750267,0.214991092682
Iteration,1,409,95.0209069252,0.214531898499
Iteration,0,409,95.1530730724,0.34664106369
Iteration,0,410,95.3819150925,0.228842020035
Iteration,1,410,95.3818230629,0.360916137695
Iteration,0,411,95.5979969501,0.216081857681
Iteration,1,411,95.5979290009,0.216105937958
Iteration,0,412,95.8145649433,0.216567993164
Iteration,1,412,95.8144960403,0.21656703949
Iteration,0,413,96.0293519497,0.214787006378
Iteration,1,413,96.0292859077,0.214789867401
Iteration,0,414,96.244535923,0.215183973312
Iteration,1,414,96.244451046,0.215165138245
Iteration,0,415,96.4599261284,0.215390205383
Iteration,1,415,96.4598660469,0.215415000916
Iteration,0,416,96.6746890545,0.214762926102
Iteration,1,416,96.6746070385,0.214740991592
Iteration,0,417,96.8897609711,0.21507191658
Iteration,1,417,96.8897030354,0.215095996857
Iteration,0,418,97.1050839424,0.215322971344
Iteration,1,418,97.1049909592,0.215287923813
Iteration,1,419,97.3214681149,0.216477155685
Iteration,0,419,97.4041209221,0.299036979675
Iteration,0,420,97.6575081348,0.253387212753
Iteration,1,420,97.6573879719,0.335919857025
Iteration,0,421,97.8749089241,0.217400789261
Iteration,1,421,97.8748340607,0.217446088791
Iteration,0,422,98.091365099,0.21645617485
Iteration,1,422,98.0912849903,0.216450929642
Iteration,0,423,98.3071079254,0.215742826462
Iteration,1,423,98.3070271015,0.215742111206
Iteration,0,424,98.5226359367,0.215528011322
Iteration,1,424,98.5225419998,0.2155148983
Iteration,0,425,98.7384200096,0.215784072876
Iteration,1,425,98.7383360863,0.215794086456
Iteration,0,426,98.9524619579,0.214041948318
Iteration,1,426,98.9523761272,0.21404004097
Iteration,0,427,99.1675739288,0.215111970901
Iteration,1,427,99.167495966,0.215119838715
Iteration,0,428,99.3818991184,0.21432518959
Iteration,1,428,99.3818221092,0.214326143265
Iteration,1,429,99.5978300571,0.216007947922
Iteration,0,429,99.6818830967,0.299983978271
Iteration,0,430,99.9350681305,0.253185033798
Iteration,1,430,99.9349439144,0.337113857269
Iteration,0,431,100.149966002,0.214897871017
Iteration,1,431,100.149878979,0.214935064316
Iteration,0,432,100.366450071,0.216484069824
Iteration,1,432,100.366362095,0.21648311615
Iteration,0,433,100.582245111,0.215795040131
Iteration,1,433,100.582168102,0.215806007385
Iteration,0,434,100.798171997,0.215926885605
Iteration,1,434,100.7980721,0.215903997421
Iteration,0,435,101.013200045,0.215028047562
Iteration,1,435,101.013133049,0.215060949326
Iteration,0,436,101.229196072,0.215996026993
Iteration,1,436,101.229121923,0.215988874435
Iteration,0,437,101.444911957,0.215715885162
Iteration,1,437,101.444822073,0.215700149536
Iteration,0,438,101.659898043,0.214986085892
Iteration,1,438,101.659827948,0.215005874634
Iteration,1,439,101.874962091,0.215134143829
Iteration,0,439,101.958105087,0.298207044601
Iteration,0,440,102.209512949,0.25140786171
Iteration,1,440,102.209422112,0.334460020065
Iteration,0,441,102.425765038,0.216252088547
Iteration,1,441,102.425677061,0.21625494957
Iteration,0,442,102.641842127,0.21607708931
Iteration,1,442,102.64173913,0.216062068939
Iteration,0,443,102.859502077,0.217659950256
Iteration,1,443,102.859410048,0.217670917511
Iteration,0,444,103.076380968,0.216878890991
Iteration,1,444,103.076303959,0.216893911362
