Iteration,0,1,4.17122387886,0.445473909378
Iteration,0,2,4.57003688812,0.398813009262
Iteration,0,3,4.96881198883,0.398775100708
Iteration,0,4,5.3731148243,0.404302835464
Iteration,0,5,5.77119994164,0.39808511734
Iteration,0,6,6.15712785721,0.385927915573
Iteration,0,7,6.54342484474,0.386296987534
Iteration,0,8,6.92952299118,0.386098146439
Iteration,0,9,7.31585097313,0.386327981949
Iteration,0,10,7.70575499535,0.389904022217
Iteration,0,11,8.09356498718,0.387809991837
Iteration,0,12,8.47966480255,0.386099815369
Iteration,0,13,8.86554694176,0.385882139206
Iteration,0,14,9.25161385536,0.386066913605
Iteration,0,15,9.63754892349,0.38593506813
Iteration,0,16,10.023706913,0.386157989502
Iteration,0,17,10.4096899033,0.385982990265
Iteration,0,18,10.797290802,0.387600898743
Iteration,0,19,11.6232638359,0.825973033905
Iteration,0,20,12.012157917,0.388894081116
Iteration,0,21,12.3992090225,0.387051105499
Iteration,0,22,12.7859559059,0.386746883392
Iteration,0,23,13.1728568077,0.386900901794
Iteration,0,24,13.5596859455,0.386829137802
Iteration,0,25,13.9462637901,0.38657784462
Iteration,0,26,14.3335068226,0.387243032455
Iteration,0,27,14.7332839966,0.399777173996
Iteration,0,28,15.1374359131,0.404151916504
Iteration,0,29,15.5243668556,0.386930942535
Iteration,0,30,15.910984993,0.38661813736
Iteration,0,31,16.2977969646,0.386811971664
Iteration,0,32,16.6844449043,0.386647939682
Iteration,0,33,17.0804998875,0.396054983139
Iteration,0,34,17.4798338413,0.399333953857
Iteration,0,35,17.8794789314,0.399645090103
Iteration,0,36,18.2795159817,0.400037050247
Iteration,0,37,18.6796059608,0.400089979172
Iteration,0,38,19.0702459812,0.39064002037
Iteration,0,39,19.8724718094,0.802225828171
Iteration,0,40,20.2623488903,0.389877080917
Iteration,0,41,20.6498599052,0.387511014938
Iteration,0,42,21.0374798775,0.387619972229
Iteration,0,43,21.4245378971,0.387058019638
Iteration,0,44,21.8119277954,0.3873898983
Iteration,0,45,22.1992988586,0.387371063232
Iteration,0,46,22.5866189003,0.387320041656
Iteration,0,47,22.9737038612,0.387084960938
Iteration,0,48,23.3613610268,0.387657165527
Iteration,0,49,23.7488319874,0.387470960617
Iteration,0,50,24.1364729404,0.387640953064
Iteration,0,51,24.5237419605,0.387269020081
Iteration,0,52,24.9116148949,0.387872934341
Iteration,0,53,25.2987568378,0.387141942978
Iteration,0,54,25.6909298897,0.392173051834
Iteration,0,55,26.0773158073,0.386385917664
Iteration,0,56,26.4637868404,0.386471033096
Iteration,0,57,26.8500800133,0.386293172836
Iteration,0,58,27.236536026,0.386456012726
Iteration,0,59,28.0311098099,0.794573783875
Iteration,0,60,28.4213550091,0.390245199203
Iteration,0,61,28.8088150024,0.387459993362
Iteration,0,62,29.1968598366,0.388044834137
Iteration,0,63,29.5845208168,0.387660980225
Iteration,0,64,29.972771883,0.388251066208
Iteration,0,65,30.3603298664,0.387557983398
Iteration,0,66,30.7477588654,0.387428998947
Iteration,0,67,31.1350958347,0.387336969376
Iteration,0,68,31.523047924,0.38795208931
Iteration,0,69,31.9106709957,0.387623071671
Iteration,0,70,32.2982788086,0.387607812881
Iteration,0,71,32.6916139126,0.393335103989
Iteration,0,72,33.0795819759,0.387968063354
Iteration,0,73,33.4671318531,0.387549877167
Iteration,0,74,33.85491395,0.387782096863
Iteration,0,75,34.2423579693,0.387444019318
Iteration,0,76,34.6301779747,0.387820005417
Iteration,0,77,35.0218379498,0.391659975052
Iteration,0,78,35.4151890278,0.393351078033
Iteration,0,79,36.2235429287,0.808353900909
Iteration,0,80,36.6142878532,0.390744924545
Iteration,0,81,37.0007920265,0.386504173279
Iteration,0,82,37.3871018887,0.386309862137
Iteration,0,83,37.7735610008,0.386459112167
Iteration,0,84,38.1597969532,0.386235952377
Iteration,0,85,38.5463678837,0.386570930481
Iteration,0,86,38.9326488972,0.386281013489
Iteration,0,87,39.3194599152,0.38681101799
Iteration,0,88,39.7061560154,0.386696100235
Iteration,0,89,40.0927329063,0.386576890945
Iteration,0,90,40.4791338444,0.386400938034
Iteration,0,91,40.8652880192,0.386154174805
Iteration,0,92,41.2514638901,0.386175870895
Iteration,0,93,41.643558979,0.392095088959
Iteration,0,94,42.0299959183,0.38643693924
Iteration,0,95,42.4163358212,0.386339902878
Iteration,0,96,42.8022608757,0.38592505455
Iteration,0,97,43.1887140274,0.386453151703
Iteration,0,98,43.575303793,0.386589765549
Iteration,0,99,44.3850758076,0.809772014618
Iteration,0,100,44.7864170074,0.401341199875
Iteration,0,101,45.1738820076,0.387465000153
Iteration,0,102,45.560240984,0.386358976364
Iteration,0,103,45.9465479851,0.386307001114
Iteration,0,104,46.3331708908,0.386622905731
Iteration,0,105,46.7196679115,0.386497020721
Iteration,0,106,47.1060039997,0.386336088181
Iteration,0,107,47.5007939339,0.394789934158
Iteration,0,108,47.8955078125,0.394713878632
Iteration,0,109,48.2821629047,0.386655092239
Iteration,0,110,48.6683278084,0.386164903641
Iteration,0,111,49.0546419621,0.386314153671
Iteration,0,112,49.4408040047,0.386162042618
Iteration,0,113,49.8272509575,0.38644695282
Iteration,0,114,50.2135369778,0.386286020279
Iteration,0,115,50.5997588634,0.386221885681
Iteration,0,116,50.9863159657,0.386557102203
Iteration,0,117,51.3732860088,0.386970043182
Iteration,0,118,51.7598698139,0.386583805084
Iteration,0,119,52.5503399372,0.790470123291
Iteration,0,120,52.9401919842,0.389852046967
Iteration,0,121,53.3320918083,0.391899824142
Iteration,0,122,53.7183938026,0.386301994324
Iteration,0,123,54.1133868694,0.394993066788
Iteration,0,124,54.4997649193,0.38637804985
Iteration,0,125,54.8862369061,0.386471986771
Iteration,0,126,55.2730569839,0.386820077896
Iteration,0,127,55.6597709656,0.386713981628
Iteration,0,128,56.0463888645,0.386617898941
Iteration,0,129,56.433120966,0.38673210144
Iteration,0,130,56.8196148872,0.38649392128
Iteration,0,131,57.2060418129,0.386426925659
Iteration,0,132,57.5926978588,0.386656045914
Iteration,0,133,57.9792149067,0.386517047882
Iteration,0,134,58.3660168648,0.386801958084
Iteration,0,135,58.752630949,0.386614084244
Iteration,0,136,59.1393790245,0.386748075485
Iteration,0,137,59.5352568626,0.395877838135
Iteration,0,138,59.9291698933,0.393913030624
Iteration,0,139,60.7406339645,0.811464071274
Iteration,0,140,61.1297469139,0.389112949371
Iteration,0,141,61.5157608986,0.38601398468
Iteration,0,142,61.9018700123,0.386109113693
Iteration,0,143,62.2950208187,0.393150806427
Iteration,0,144,62.6941568851,0.399136066437
Iteration,0,145,63.0929658413,0.398808956146
Iteration,0,146,63.4921648502,0.399199008942
Iteration,0,147,63.8911468983,0.398982048035
Iteration,0,148,64.2901239395,0.398977041245
Iteration,0,149,64.6889920235,0.398868083954
Iteration,0,150,65.079240799,0.390248775482
Iteration,0,151,65.4653439522,0.386103153229
Iteration,0,152,65.8540129662,0.388669013977
Iteration,0,153,66.2528538704,0.398840904236
Iteration,0,154,66.6515648365,0.39871096611
Iteration,0,155,67.0506198406,0.39905500412
Iteration,0,156,67.4471960068,0.396576166153
Iteration,0,157,67.8332419395,0.38604593277
Iteration,0,158,68.2238929272,0.390650987625
Iteration,0,159,69.0368227959,0.812929868698
Iteration,0,160,69.4282820225,0.391459226608
Iteration,0,161,69.8165869713,0.388304948807
Iteration,0,162,70.2049717903,0.388384819031
Iteration,0,163,70.5934708118,0.38849902153
Iteration,0,164,70.9817588329,0.388288021088
Iteration,0,165,71.3706548214,0.388895988464
Iteration,0,166,71.7589869499,0.388332128525
Iteration,0,167,72.1474208832,0.388433933258
Iteration,0,168,72.5357069969,0.388286113739
Iteration,0,169,72.9241788387,0.388471841812
Iteration,0,170,73.3124639988,0.388285160065
Iteration,0,171,73.7008669376,0.388402938843
Iteration,0,172,74.0893309116,0.388463973999
Iteration,0,173,74.4777638912,0.388432979584
Iteration,0,174,74.8660309315,0.388267040253
Iteration,0,175,75.2544958591,0.388464927673
Iteration,0,176,75.6433110237,0.388815164566
Iteration,0,177,76.0319449902,0.388633966446
Iteration,0,178,76.4261519909,0.394207000732
Iteration,0,179,77.2492837906,0.823131799698
Iteration,0,180,77.6531288624,0.403845071793
Iteration,0,181,78.1154899597,0.462361097336
Iteration,0,182,78.5780639648,0.462574005127
Iteration,0,183,79.0410268307,0.462962865829
Iteration,0,184,79.4657688141,0.424741983414
Iteration,0,185,79.8541409969,0.388372182846
Iteration,0,186,80.2425379753,0.388396978378
Iteration,0,187,80.6305339336,0.387995958328
Iteration,0,188,81.0190029144,0.388468980789
Iteration,0,189,81.407460928,0.388458013535
Iteration,0,190,81.7956798077,0.3882188797
Iteration,0,191,82.1840369701,0.388357162476
Iteration,0,192,82.5723919868,0.388355016708
Iteration,0,193,82.9606099129,0.388217926025
Iteration,0,194,83.349134922,0.388525009155
Iteration,0,195,83.7375528812,0.388417959213
Iteration,0,196,84.1258249283,0.388272047043
Iteration,0,197,84.5229649544,0.397140026093
Iteration,0,198,84.9238889217,0.400923967361
Iteration,0,199,86.0340960026,1.11020708084
Iteration,0,200,86.4957308769,0.461634874344
Iteration,0,201,86.9561657906,0.460434913635
Iteration,0,202,87.3493618965,0.393196105957
Iteration,0,203,87.735765934,0.386404037476
Iteration,0,204,88.1267259121,0.390959978104
Iteration,0,205,88.5148990154,0.388173103333
Iteration,0,206,88.9011108875,0.386211872101
Iteration,0,207,89.2875540257,0.386443138123
Iteration,0,208,89.6735219955,0.385967969894
Iteration,0,209,90.0597548485,0.386232852936
Iteration,0,210,90.4459078312,0.386152982712
Iteration,0,211,90.8320128918,0.386105060577
Iteration,0,212,91.2180697918,0.386056900024
Iteration,0,213,91.6046729088,0.386603116989
Iteration,0,214,91.990983963,0.38631105423
Iteration,0,215,92.3770349026,0.38605093956
Iteration,0,216,92.7632119656,0.386177062988
Iteration,0,217,93.1492660046,0.386054039001
Iteration,0,218,93.5355358124,0.386269807816
Iteration,0,219,94.3978610039,0.862325191498
Iteration,0,220,94.7888038158,0.390942811966
Iteration,0,221,95.1771469116,0.388343095779
Iteration,0,222,95.565723896,0.388576984406
Iteration,0,223,95.9538059235,0.388082027435
Iteration,0,224,96.3420038223,0.388197898865
Iteration,0,225,96.7302958965,0.388292074203
Iteration,0,226,97.1185419559,0.388246059418
Iteration,0,227,97.5066599846,0.388118028641
Iteration,0,228,97.8947019577,0.388041973114
Iteration,0,229,98.2832388878,0.388536930084
Iteration,0,230,98.6714990139,0.388260126114
Iteration,0,231,99.0595898628,0.388090848923
Iteration,0,232,99.454780817,0.395190954208
Iteration,0,233,99.8555788994,0.400798082352
Iteration,0,234,100.256618023,0.401039123535
Iteration,0,235,100.657618999,0.401000976562
Iteration,0,236,101.050740957,0.393121957779
Iteration,0,237,101.442015886,0.391274929047
Iteration,0,238,101.843029022,0.40101313591
Iteration,0,239,102.669356823,0.826327800751
Iteration,0,240,103.057870865,0.388514041901
Iteration,0,241,103.444631815,0.386760950089
Iteration,0,242,103.830748796,0.386116981506
Iteration,0,243,104.216965914,0.38621711731
Iteration,0,244,104.603235006,0.38626909256
Iteration,0,245,104.989476919,0.386241912842
Iteration,0,246,105.375722885,0.386245965958
Iteration,0,247,105.76192379,0.386200904846
Iteration,0,248,106.14804697,0.386123180389
Iteration,0,249,106.534458876,0.386411905289
Iteration,0,250,106.920826912,0.38636803627
Iteration,0,251,107.307444811,0.386617898941
Iteration,0,252,107.693950891,0.386506080627
Iteration,0,253,108.080101967,0.386151075363
Iteration,0,254,108.466318846,0.386216878891
Iteration,0,255,108.853410959,0.387092113495
Iteration,0,256,109.23971796,0.386307001114
Iteration,0,257,109.625938892,0.386220932007
Iteration,0,258,110.0122118,0.386272907257
Iteration,0,259,110.811748028,0.79953622818
Iteration,0,260,111.200232983,0.388484954834
Iteration,0,261,111.58693099,0.386698007584
Iteration,0,262,111.97334981,0.386418819427
Iteration,0,263,112.359805822,0.386456012726
Iteration,0,264,112.746080875,0.386275053024
Iteration,0,265,113.132372856,0.386291980743
Iteration,0,266,113.51876688,0.386394023895
Iteration,0,267,113.911580801,0.392813920975
Iteration,0,268,114.297753811,0.386173009872
Iteration,0,269,114.684053898,0.386300086975
Iteration,0,270,115.07078886,0.386734962463
Iteration,0,271,115.457790852,0.387001991272
Iteration,0,272,115.843983889,0.386193037033
Iteration,0,273,116.230424881,0.386440992355
Iteration,0,274,116.622543812,0.392118930817
Iteration,0,275,117.021737814,0.399194002151
Iteration,0,276,117.420511961,0.398774147034
Iteration,0,277,117.819610834,0.399098873138
Iteration,0,278,118.218782902,0.399172067642
Iteration,0,279,119.0939188,0.87513589859
Iteration,0,280,119.48344183,0.389523029327
Iteration,0,281,119.873404026,0.38996219635
Iteration,0,282,120.272390842,0.398986816406
Iteration,0,283,120.687734842,0.415343999863
Iteration,0,284,121.149925947,0.462191104889
Iteration,0,285,121.614131927,0.464205980301
Iteration,0,286,122.074739933,0.460608005524
Iteration,0,287,122.499048948,0.424309015274
Iteration,0,288,122.885094881,0.38604593277
Iteration,0,289,123.271345854,0.386250972748
Iteration,0,290,123.657681942,0.386336088181
Iteration,0,291,124.043793917,0.386111974716
Iteration,0,292,124.430088997,0.386295080185
Iteration,0,293,124.816491842,0.386402845383
Iteration,0,294,125.204198837,0.38770699501
Iteration,0,295,125.591272831,0.387073993683
Iteration,0,296,125.977636814,0.386363983154
Iteration,0,297,126.363542795,0.385905981064
Iteration,0,298,126.749523878,0.385981082916
Iteration,0,299,127.565751791,0.816227912903
Iteration,0,300,127.953543901,0.387792110443
Iteration,0,301,128.339986801,0.386442899704
Iteration,0,302,128.726066828,0.386080026627
Iteration,0,303,129.112010002,0.385943174362
Iteration,0,304,129.497983932,0.385973930359
Iteration,0,305,129.88416791,0.386183977127
Iteration,0,306,130.270555019,0.386387109756
Iteration,0,307,130.656647921,0.38609290123
Iteration,0,308,131.042729855,0.386081933975
Iteration,0,309,131.429420948,0.386691093445
Iteration,0,310,131.815614939,0.386193990707
Iteration,0,311,132.214058876,0.398443937302
Iteration,0,312,132.613617897,0.399559020996
Iteration,0,313,133.073660851,0.460042953491
Iteration,0,314,133.533829927,0.46016907692
Iteration,0,315,133.964300871,0.430470943451
Iteration,0,316,134.350406885,0.386106014252
Iteration,0,317,134.736516953,0.386110067368
Iteration,0,318,135.122480869,0.385963916779
Iteration,0,319,135.944361925,0.821881055832
Iteration,0,320,136.334784985,0.390423059464
Iteration,0,321,136.720722914,0.385937929153
Iteration,0,322,137.106877804,0.38615489006
Iteration,0,323,137.492501974,0.385624170303
Iteration,0,324,137.878517866,0.386015892029
Iteration,0,325,138.264585972,0.386068105698
Iteration,0,326,138.650369883,0.385783910751
Iteration,0,327,139.036187887,0.385818004608
Iteration,0,328,139.422568798,0.386380910873
Iteration,0,329,139.808209896,0.385641098022
Iteration,0,330,140.194118977,0.385909080505
Iteration,0,331,140.580008984,0.385890007019
Iteration,0,332,140.966305971,0.386296987534
Iteration,0,333,141.352221012,0.38591504097
Iteration,0,334,141.737990856,0.385769844055
Iteration,0,335,142.123798847,0.385807991028
Iteration,0,336,142.510087013,0.386288166046
Iteration,0,337,142.896054983,0.385967969894
Iteration,0,338,143.282254934,0.386199951172
Iteration,0,339,144.083160877,0.800905942917
Iteration,0,340,144.475876808,0.392715930939
Iteration,0,341,144.866094828,0.390218019485
Iteration,0,342,145.25631094,0.390216112137
Iteration,0,343,145.655048847,0.39873790741
Iteration,0,344,146.05360198,0.398553133011
Iteration,0,345,146.443791866,0.390189886093
Iteration,0,346,146.833987951,0.390196084976
Iteration,0,347,147.23032093,0.396332979202
Iteration,0,348,147.618740797,0.388419866562
Iteration,0,349,148.005575895,0.386835098267
Iteration,0,350,148.394016027,0.388440132141
Iteration,0,351,148.780682802,0.38666677475
Iteration,0,352,149.167318821,0.386636018753
Iteration,0,353,149.553974867,0.386656045914
Iteration,0,354,149.940793991,0.386819124222
Iteration,0,355,150.329749823,0.388955831528
Iteration,0,356,150.729115963,0.399366140366
Iteration,0,357,151.141777992,0.412662029266
Iteration,0,358,151.602561951,0.460783958435
Iteration,0,359,152.535756826,0.933194875717
Iteration,0,360,152.928056955,0.392300128937
Iteration,0,361,153.318058968,0.390002012253
Iteration,0,362,153.708859921,0.390800952911
Iteration,0,363,154.099545002,0.390685081482
Iteration,0,364,154.490182877,0.390637874603
Iteration,0,365,154.880965948,0.390783071518
Iteration,0,366,155.271915913,0.390949964523
Iteration,0,367,155.660758972,0.38884305954
Iteration,0,368,156.055826902,0.395067930222
Iteration,0,369,156.452143908,0.396317005157
Iteration,0,370,156.852198839,0.400054931641
Iteration,0,371,157.286617994,0.434419155121
Iteration,0,372,157.746577024,0.459959030151
Iteration,0,373,158.20746994,0.460892915726
Iteration,0,374,158.667523861,0.460053920746
Iteration,0,375,159.128708839,0.461184978485
Iteration,0,376,159.590497971,0.461789131165
Iteration,0,377,160.052819967,0.462321996689
Iteration,0,378,160.514244795,0.461424827576
Iteration,0,379,161.467967987,0.953723192215
Iteration,0,380,161.932355881,0.464387893677
Iteration,0,381,162.393672943,0.461317062378
Iteration,0,382,162.855068922,0.461395978928
Iteration,0,383,163.316174984,0.461106061935
Iteration,0,384,163.776638985,0.460464000702
Iteration,0,385,164.237936974,0.461297988892
Iteration,0,386,164.652100801,0.414163827896
Iteration,0,387,165.039269924,0.387169122696
Iteration,0,388,165.425508022,0.386238098145
Iteration,0,389,165.812608957,0.387100934982
Iteration,0,390,166.200248003,0.387639045715
Iteration,0,391,166.587129831,0.386881828308
Iteration,0,392,166.973459005,0.386329174042
Iteration,0,393,167.360749006,0.387290000916
Iteration,0,394,167.748226881,0.387477874756
Iteration,0,395,168.135272026,0.387045145035
Iteration,0,396,168.521600962,0.386328935623
Iteration,0,397,168.908555984,0.386955022812
Iteration,0,398,169.294602871,0.386046886444
Iteration,0,399,170.100093842,0.805490970612
Iteration,0,400,170.493221998,0.393128156662
Iteration,0,401,170.884207964,0.390985965729
Iteration,0,402,171.275345802,0.391137838364
Iteration,0,403,171.663290977,0.387945175171
Iteration,0,404,172.049256802,0.385965824127
Iteration,0,405,172.436434984,0.387178182602
Iteration,0,406,172.823917866,0.387482881546
Iteration,0,407,173.211082935,0.38716506958
Iteration,0,408,173.598555803,0.387472867966
Iteration,0,409,173.985791922,0.387236118317
Iteration,0,410,174.371778011,0.385986089706
Iteration,0,411,174.757730961,0.385952949524
Iteration,0,412,175.143859863,0.386128902435
Iteration,0,413,175.530552864,0.386693000793
Iteration,0,414,175.917974949,0.387422084808
Iteration,0,415,176.305225849,0.387250900269
Iteration,0,416,176.692631006,0.387405157089
Iteration,0,417,177.079705954,0.387074947357
Iteration,0,418,177.465903997,0.386198043823
Iteration,0,419,178.315969944,0.850065946579
Iteration,0,420,178.709750891,0.393780946732
Iteration,0,421,179.100117922,0.390367031097
Iteration,0,422,179.489531994,0.389414072037
Iteration,0,423,179.876161814,0.38662981987
Iteration,0,424,180.262911797,0.386749982834
Iteration,0,425,180.649597883,0.386686086655
Iteration,0,426,181.036625862,0.387027978897
Iteration,0,427,181.4234128,0.386786937714
Iteration,0,428,181.809981823,0.386569023132
Iteration,0,429,182.196719885,0.386738061905
Iteration,0,430,182.583361864,0.386641979218
Iteration,0,431,182.970335007,0.386973142624
Iteration,0,432,183.358255863,0.387920856476
Iteration,0,433,183.745328903,0.387073040009
Iteration,0,434,184.131945848,0.386616945267
Iteration,0,435,184.518857956,0.386912107468
Iteration,0,436,184.905851841,0.38699388504
Iteration,0,437,185.299996853,0.394145011902
Iteration,0,438,185.699670792,0.399673938751
Iteration,0,439,186.764292002,1.0646212101
Iteration,0,440,187.230475903,0.466183900833
Iteration,0,441,187.648343801,0.417867898941
Iteration,0,442,188.036573887,0.388230085373
Iteration,0,443,188.424571991,0.387998104095
Iteration,0,444,188.816569805,0.391997814178
Iteration,0,445,189.20687294,0.390303134918
Iteration,0,446,189.593418837,0.38654589653
Iteration,0,447,189.980293989,0.386875152588
Iteration,0,448,190.366991997,0.386698007584
Iteration,0,449,190.760205984,0.39321398735
Iteration,0,450,191.147100925,0.38689494133
Iteration,0,451,191.534281969,0.387181043625
Iteration,0,452,191.920904875,0.386622905731
Iteration,0,453,192.307732821,0.386827945709
Iteration,0,454,192.694317818,0.386584997177
Iteration,0,455,193.081172943,0.386855125427
Iteration,0,456,193.467873812,0.386700868607
Iteration,0,457,193.854631901,0.386758089066
Iteration,0,458,194.241451979,0.386820077896
Iteration,0,459,195.044124842,0.802672863007
Iteration,0,460,195.436868906,0.392744064331
Iteration,0,461,195.823561907,0.386693000793
Iteration,0,462,196.21021986,0.386657953262
Iteration,0,463,196.59708786,0.386868000031
Iteration,0,464,196.984211922,0.387124061584
Iteration,0,465,197.371378899,0.387166976929
Iteration,0,466,197.758405924,0.387027025223
Iteration,0,467,198.145483017,0.387077093124
Iteration,0,468,198.532637835,0.387154817581
Iteration,0,469,198.919883966,0.387246131897
Iteration,0,470,199.307973862,0.388089895248
Iteration,0,471,199.694932938,0.386959075928
Iteration,0,472,200.081909895,0.386976957321
Iteration,0,473,200.46873498,0.386825084686
Iteration,0,474,200.85552597,0.386790990829
Iteration,0,475,201.242366791,0.386840820312
Iteration,0,476,201.629114866,0.386748075485
Iteration,0,477,202.015967846,0.38685297966
Iteration,0,478,202.402916908,0.386949062347
Iteration,0,479,203.214444876,0.811527967453
Iteration,0,480,203.605387926,0.390943050385
Iteration,0,481,203.991816998,0.386429071426
Iteration,0,482,204.378197908,0.386380910873
Iteration,0,483,204.764833927,0.386636018753
Iteration,0,484,205.164307833,0.399473905563
Iteration,0,485,205.566299915,0.401992082596
Iteration,0,486,206.026954889,0.460654973984
Iteration,0,487,206.487330914,0.460376024246
Iteration,0,488,206.947748899,0.460417985916
Iteration,0,489,207.408139944,0.460391044617
Iteration,0,490,207.868324995,0.460185050964
Iteration,0,491,208.327375889,0.459050893784
Iteration,0,492,208.7137568,0.386380910873
Iteration,0,493,209.100502968,0.386746168137
Iteration,0,494,209.486889839,0.386386871338
Iteration,0,495,209.873212814,0.386322975159
Iteration,0,496,210.259886026,0.386673212051
Iteration,0,497,210.646113873,0.386227846146
Iteration,0,498,211.032629013,0.386515140533
Iteration,0,499,211.902501822,0.869872808456
Iteration,0,500,212.295562983,0.393061161041
Iteration,0,501,212.686100006,0.390537023544
Iteration,0,502,213.076545954,0.390445947647
Iteration,0,503,213.466903925,0.390357971191
Iteration,0,504,213.857296944,0.390393018723
Iteration,0,505,214.247680902,0.390383958817
Iteration,0,506,214.638139009,0.390458106995
Iteration,0,507,215.02854681,0.390407800674
Iteration,0,508,215.418953896,0.390407085419
Iteration,0,509,215.805917025,0.386963129044
Iteration,0,510,216.192700863,0.386783838272
Iteration,0,511,216.579253912,0.386553049088
Iteration,0,512,216.96626997,0.387016057968
Iteration,0,513,217.354144812,0.38787484169
Iteration,0,514,217.741827965,0.387683153152
Iteration,0,515,218.129664898,0.387836933136
Iteration,0,516,218.517880917,0.388216018677
Iteration,0,517,218.906220913,0.388339996338
Iteration,0,518,219.294646025,0.388425111771
Iteration,0,519,220.09818387,0.803537845612
Iteration,0,520,220.491227865,0.393043994904
Iteration,0,521,220.88240099,0.391173124313
Iteration,0,522,221.273412943,0.391011953354
Iteration,0,523,221.660935879,0.387522935867
Iteration,0,524,222.048518896,0.387583017349
Iteration,0,525,222.435136795,0.386617898941
Iteration,0,526,222.824786901,0.38965010643
Iteration,0,527,223.212204933,0.387418031693
Iteration,0,528,223.600118876,0.387913942337
Iteration,0,529,223.987672806,0.387553930283
Iteration,0,530,224.374364853,0.386692047119
Iteration,0,531,224.761809826,0.387444972992
Iteration,0,532,225.148633957,0.386824131012
Iteration,0,533,225.536364794,0.387730836868
Iteration,0,534,225.923930883,0.38756608963
Iteration,0,535,226.311707973,0.387777090073
Iteration,0,536,226.699277878,0.387569904327
Iteration,0,537,227.087329865,0.388051986694
Iteration,0,538,227.475438833,0.388108968735
Iteration,0,539,228.328562975,0.853124141693
Iteration,0,540,228.733673811,0.405110836029
Iteration,0,541,229.147754908,0.414081096649
Iteration,0,542,229.561690807,0.413935899734
Iteration,0,543,230.022749901,0.461059093475
Iteration,0,544,230.484623909,0.461874008179
Iteration,0,545,230.946458817,0.461834907532
Iteration,0,546,231.408376932,0.461918115616
Iteration,0,547,231.870210886,0.461833953857
Iteration,0,548,232.332013845,0.461802959442
Iteration,0,549,232.793845892,0.461832046509
Iteration,0,550,233.25564599,0.461800098419
Iteration,0,551,233.716466904,0.460820913315
Iteration,0,552,234.178641796,0.462174892426
Iteration,0,553,234.881933928,0.703292131424
Iteration,0,554,235.536826849,0.654892921448
Iteration,0,555,235.998618841,0.461791992188
Iteration,0,556,236.460336924,0.461718082428
Iteration,0,557,236.919654846,0.459317922592
Iteration,0,558,237.30735302,0.387698173523
Iteration,0,559,238.113360882,0.806007862091
Iteration,0,560,238.507154942,0.393794059753
Iteration,0,561,238.898017883,0.390862941742
Iteration,0,562,239.28600502,0.387987136841
Iteration,0,563,239.674099922,0.388094902039
Iteration,0,564,240.061819792,0.387719869614
Iteration,0,565,240.44882679,0.387006998062
Iteration,0,566,240.836406946,0.387580156326
Iteration,0,567,241.224385977,0.387979030609
Iteration,0,568,241.611804008,0.387418031693
Iteration,0,569,241.998747826,0.386943817139
Iteration,0,570,242.386670828,0.387923002243
Iteration,0,571,242.77470994,0.388039112091
Iteration,0,572,243.162436962,0.387727022171
Iteration,0,573,243.549803972,0.387367010117
Iteration,0,574,243.937593937,0.387789964676
Iteration,0,575,244.325544834,0.387950897217
Iteration,0,576,244.713346004,0.387801170349
Iteration,0,577,245.101566792,0.388220787048
Iteration,0,578,245.489278793,0.387712001801
Iteration,0,579,246.296355963,0.807077169418
Iteration,0,580,246.701536894,0.405180931091
Iteration,0,581,247.099553823,0.398016929626
Iteration,0,582,247.495513916,0.395960092545
Iteration,0,583,247.896430969,0.400917053223
Iteration,0,584,248.296952009,0.400521039963
Iteration,0,585,248.696512938,0.399560928345
Iteration,0,586,249.088286877,0.391773939133
Iteration,0,587,249.481586933,0.393300056458
Iteration,0,588,249.881989002,0.400402069092
Iteration,0,589,250.28271389,0.400724887848
Iteration,0,590,250.683063984,0.400350093842
Iteration,0,591,251.074828863,0.391764879227
Iteration,0,592,251.462997913,0.388169050217
Iteration,0,593,251.850848913,0.387850999832
Iteration,0,594,252.238855839,0.388006925583
Iteration,0,595,252.635950804,0.397094964981
Iteration,0,596,253.029573917,0.393623113632
Iteration,0,597,253.417388916,0.387814998627
Iteration,0,598,253.805230856,0.387841939926
Iteration,0,599,254.621640921,0.816410064697
Iteration,0,600,255.012970924,0.391330003738
Iteration,0,601,255.400945902,0.387974977493
Iteration,0,602,255.800042868,0.39909696579
Iteration,0,603,256.199324846,0.399281978607
Iteration,0,604,256.598511934,0.399187088013
Iteration,0,605,256.997923851,0.399411916733
Iteration,0,606,257.397281885,0.399358034134
Iteration,0,607,257.796428919,0.399147033691
Iteration,0,608,258.195717812,0.399288892746
Iteration,0,609,258.588503838,0.392786026001
Iteration,0,610,258.974969864,0.386466026306
Iteration,0,611,259.361581802,0.386611938477
Iteration,0,612,259.748160839,0.386579036713
Iteration,0,613,260.134752989,0.386592149734
Iteration,0,614,260.521241903,0.38648891449
Iteration,0,615,260.907812834,0.386570930481
Iteration,0,616,261.294381857,0.386569023132
Iteration,0,617,261.680807829,0.386425971985
Iteration,0,618,262.067279816,0.386471986771
Iteration,0,619,262.869009018,0.801729202271
Iteration,0,620,263.262879848,0.393870830536
Iteration,0,621,263.65187788,0.388998031616
Iteration,0,622,264.039898872,0.388020992279
Iteration,0,623,264.42740798,0.38750910759
Iteration,0,624,264.813932896,0.386524915695
Iteration,0,625,265.200791836,0.386858940125
Iteration,0,626,265.58747983,0.386687994003
Iteration,0,627,265.974360943,0.386881113052
Iteration,0,628,266.362315893,0.387954950333
Iteration,0,629,266.750082016,0.387766122818
Iteration,0,630,267.138074875,0.387992858887
Iteration,0,631,267.526350975,0.388276100159
Iteration,0,632,267.914340973,0.387989997864
Iteration,0,633,268.302536964,0.388195991516
Iteration,0,634,268.690317869,0.38778090477
Iteration,0,635,269.078398943,0.388081073761
Iteration,0,636,269.466321945,0.387923002243
Iteration,0,637,269.857599974,0.391278028488
Iteration,0,638,270.258375883,0.400775909424
Iteration,0,639,271.221088886,0.962713003159
Iteration,0,640,271.685752869,0.464663982391
Iteration,0,641,272.147715807,0.461962938309
Iteration,0,642,272.5798769,0.432161092758
Iteration,0,643,272.967905998,0.388029098511
Iteration,0,644,273.354815006,0.386909008026
Iteration,0,645,273.750298977,0.395483970642
Iteration,0,646,274.150036812,0.39973783493
Iteration,0,647,274.549674988,0.399638175964
Iteration,0,648,274.944638014,0.394963026047
Iteration,0,649,275.331851006,0.387212991714
Iteration,0,650,275.718875885,0.387024879456
Iteration,0,651,276.10589695,0.387021064758
Iteration,0,652,276.492908001,0.387011051178
Iteration,0,653,276.880119801,0.387211799622
Iteration,0,654,277.266944885,0.386825084686
Iteration,0,655,277.653805017,0.386860132217
Iteration,0,656,278.040853024,0.387048006058
Iteration,0,657,278.428001881,0.387148857117
Iteration,0,658,278.814990997,0.386989116669
Iteration,0,659,279.612406015,0.797415018082
Iteration,0,660,280.005153894,0.392747879028
Iteration,0,661,280.395730019,0.390576124191
Iteration,0,662,280.787431955,0.391701936722
Iteration,0,663,281.188591957,0.401160001755
Iteration,0,664,281.632463932,0.443871974945
Iteration,0,665,282.094823837,0.462359905243
Iteration,0,666,282.555878878,0.461055040359
Iteration,0,667,283.018423796,0.46254491806
Iteration,0,668,283.481259823,0.462836027145
Iteration,0,669,283.944736958,0.463477134705
Iteration,0,670,284.407317877,0.462580919266
Iteration,0,671,284.846880913,0.439563035965
Iteration,0,672,285.235293865,0.388412952423
Iteration,0,673,285.623242855,0.387948989868
Iteration,0,674,286.011485815,0.388242959976
Iteration,0,675,286.399940014,0.388454198837
Iteration,0,676,286.788471937,0.388531923294
Iteration,0,677,287.176846981,0.388375043869
Iteration,0,678,287.565448999,0.388602018356
Iteration,0,679,288.380388975,0.814939975739
Iteration,0,680,288.779192924,0.398803949356
Iteration,0,681,289.179626942,0.400434017181
Iteration,0,682,289.57968092,0.400053977966
Iteration,0,683,289.979604006,0.399923086166
Iteration,0,684,290.379645824,0.400041818619
Iteration,0,685,290.779663801,0.400017976761
Iteration,0,686,291.168636799,0.388972997665
Iteration,0,687,291.557253838,0.388617038727
Iteration,0,688,291.945719004,0.388465166092
Iteration,0,689,292.334318876,0.388599872589
Iteration,0,690,292.722778797,0.388459920883
Iteration,0,691,293.110952854,0.388174057007
Iteration,0,692,293.499138832,0.388185977936
Iteration,0,693,293.887400866,0.388262033463
Iteration,0,694,294.27568984,0.388288974762
Iteration,0,695,294.663973808,0.388283967972
Iteration,0,696,295.052273989,0.388300180435
Iteration,0,697,295.440937996,0.388664007187
Iteration,0,698,295.828995943,0.388057947159
Iteration,0,699,296.639292002,0.810296058655
Iteration,0,700,297.031343937,0.392051935196
Iteration,0,701,297.419415951,0.388072013855
Iteration,0,702,297.807742834,0.388326883316
Iteration,0,703,298.19547081,0.387727975845
Iteration,0,704,298.582849979,0.387379169464
Iteration,0,705,298.971125841,0.38827586174
Iteration,0,706,299.359696865,0.388571023941
Iteration,0,707,299.747816801,0.388119935989
Iteration,0,708,300.134972811,0.387156009674
Iteration,0,709,300.522147894,0.38717508316
Iteration,0,710,300.909362793,0.387214899063
Iteration,0,711,301.296658993,0.387296199799
Iteration,0,712,301.684880972,0.388221979141
Iteration,0,713,302.073130846,0.388249874115
Iteration,0,714,302.461429834,0.388298988342
Iteration,0,715,302.849568844,0.388139009476
Iteration,0,716,303.236644983,0.38707613945
Iteration,0,717,303.624192953,0.387547969818
Iteration,0,718,304.022392988,0.398200035095
Iteration,0,719,304.853457928,0.831064939499
Iteration,0,720,305.259588957,0.406131029129
Iteration,0,721,305.664796829,0.405207872391
Iteration,0,722,306.06990099,0.405104160309
Iteration,0,723,306.480148792,0.410247802734
Iteration,0,724,306.891860008,0.411711215973
Iteration,0,725,307.338240862,0.446380853653
Iteration,0,726,307.800777912,0.462537050247
Iteration,0,727,308.262336016,0.461558103561
Iteration,0,728,308.672027826,0.409691810608
Iteration,0,729,309.059577942,0.387550115585
Iteration,0,730,309.446968794,0.387390851974
Iteration,0,731,309.834299803,0.387331008911
Iteration,0,732,310.22159791,0.387298107147
Iteration,0,733,310.608740807,0.387142896652
Iteration,0,734,310.996134996,0.387394189835
Iteration,0,735,311.383973837,0.387838840485
Iteration,0,736,311.772583008,0.388609170914
Iteration,0,737,312.173707008,0.401124000549
Iteration,0,738,312.618784904,0.445077896118
Iteration,0,739,313.571199894,0.952414989471
Iteration,0,740,314.037810802,0.466610908508
Iteration,0,741,314.501087904,0.463277101517
Iteration,0,742,314.964192867,0.463104963303
Iteration,0,743,315.427243948,0.463051080704
Iteration,0,744,315.889447927,0.462203979492
Iteration,0,745,316.352553844,0.463105916977
Iteration,0,746,316.815871,0.463317155838
Iteration,0,747,317.279134989,0.463263988495
Iteration,0,748,317.742036819,0.462901830673
Iteration,0,749,318.205157995,0.463121175766
Iteration,0,750,318.668221951,0.463063955307
Iteration,0,751,319.156607866,0.488385915756
Iteration,0,752,319.619835854,0.463227987289
Iteration,0,753,320.082906961,0.463071107864
Iteration,0,754,320.546083927,0.463176965714
Iteration,0,755,320.96816802,0.422084093094
Iteration,0,756,321.356884956,0.388716936111
Iteration,0,757,321.745527983,0.388643026352
Iteration,0,758,322.134438992,0.388911008835
Iteration,0,759,322.939060926,0.804621934891
Iteration,0,760,323.333386898,0.394325971603
Iteration,0,761,323.721902847,0.388515949249
Iteration,0,762,324.110251904,0.388349056244
Iteration,0,763,324.498298883,0.388046979904
Iteration,0,764,324.886483908,0.388185024261
Iteration,0,765,325.274474859,0.387990951538
Iteration,0,766,325.662518978,0.388044118881
Iteration,0,767,326.050510883,0.387991905212
Iteration,0,768,326.437546968,0.387036085129
Iteration,0,769,326.82454586,0.38699889183
Iteration,0,770,327.211543798,0.386997938156
Iteration,0,771,327.610630989,0.399087190628
Iteration,0,772,328.00490284,0.394271850586
Iteration,0,773,328.392032862,0.387130022049
Iteration,0,774,328.779148817,0.387115955353
Iteration,0,775,329.166266918,0.38711810112
Iteration,0,776,329.553335905,0.387068986893
Iteration,0,777,329.940400839,0.387064933777
Iteration,0,778,330.330899954,0.39049911499
Iteration,0,779,331.192389965,0.861490011215
Iteration,0,780,331.657099009,0.464709043503
Iteration,0,781,332.118712902,0.461613893509
Iteration,0,782,332.556730986,0.438018083572
Iteration,0,783,332.957551003,0.400820016861
Iteration,0,784,333.357147932,0.39959692955
Iteration,0,785,333.757007837,0.399859905243
Iteration,0,786,334.148211002,0.391203165054
Iteration,0,787,334.535539865,0.387328863144
Iteration,0,788,334.923843861,0.388303995132
Iteration,0,789,335.312400818,0.388556957245
Iteration,0,790,335.700985909,0.388585090637
Iteration,0,791,336.089119911,0.388134002686
Iteration,0,792,336.476359844,0.387239933014
Iteration,0,793,336.864691019,0.38833117485
Iteration,0,794,337.253152847,0.388461828232
Iteration,0,795,337.641250849,0.38809800148
Iteration,0,796,338.028332949,0.387082099915
Iteration,0,797,338.416612864,0.388279914856
Iteration,0,798,338.80407691,0.387464046478
Iteration,0,799,339.615048885,0.810971975327
Iteration,0,800,340.009303808,0.394254922867
Iteration,0,801,340.400869846,0.391566038132
Iteration,0,802,340.792557001,0.39168715477
Iteration,0,803,341.180855989,0.388298988342
Iteration,0,804,341.567939997,0.387084007263
Iteration,0,805,341.954653978,0.386713981628
Iteration,0,806,342.341707945,0.387053966522
Iteration,0,807,342.728519917,0.386811971664
Iteration,0,808,343.115513802,0.38699388504
Iteration,0,809,343.502779007,0.387265205383
Iteration,0,810,343.889459848,0.386680841446
Iteration,0,811,344.276358843,0.386898994446
Iteration,0,812,344.663138866,0.386780023575
Iteration,0,813,345.049960852,0.386821985245
Iteration,0,814,345.436533928,0.386573076248
Iteration,0,815,345.823174,0.386640071869
Iteration,0,816,346.209922791,0.386748790741
Iteration,0,817,346.596743822,0.38682103157
Iteration,0,818,346.983809948,0.38706612587
Iteration,0,819,347.84966898,0.865859031677
Iteration,0,820,348.242682934,0.393013954163
Iteration,0,821,348.632938862,0.39025592804
Iteration,0,822,349.021781921,0.38884305954
Iteration,0,823,349.408527851,0.386745929718
Iteration,0,824,349.795328856,0.38680100441
Iteration,0,825,350.181983948,0.386655092239
Iteration,0,826,350.568650007,0.386666059494
Iteration,0,827,350.955318928,0.386668920517
Iteration,0,828,351.342193842,0.386874914169
Iteration,0,829,351.728951931,0.386758089066
Iteration,0,830,352.119364023,0.390412092209
Iteration,0,831,352.518771887,0.399407863617
Iteration,0,832,352.924710989,0.405939102173
Iteration,0,833,353.337785959,0.413074970245
Iteration,0,834,353.775085926,0.437299966812
Iteration,0,835,354.235813856,0.460727930069
Iteration,0,836,354.696890831,0.461076974869
Iteration,0,837,355.183903933,0.487013101578
Iteration,0,838,355.644999981,0.461096048355
Iteration,0,839,356.626577854,0.98157787323
Iteration,0,840,357.017833948,0.391256093979
Iteration,0,841,357.40485692,0.387022972107
Iteration,0,842,357.791797876,0.386940956116
Iteration,0,843,358.178839922,0.387042045593
Iteration,0,844,358.566198826,0.387358903885
Iteration,0,845,358.95339179,0.387192964554
Iteration,0,846,359.340548992,0.387157201767
Iteration,0,847,359.72760582,0.387056827545
Iteration,0,848,360.11468792,0.387082099915
Iteration,0,849,360.501788855,0.387100934982
Iteration,0,850,360.888803005,0.38701415062
Iteration,0,851,361.275794983,0.386991977692
Iteration,0,852,361.662659883,0.386864900589
Iteration,0,853,362.049484015,0.386824131012
Iteration,0,854,362.436363935,0.386879920959
Iteration,0,855,362.82346797,0.387104034424
Iteration,0,856,363.210407972,0.386940002441
Iteration,0,857,363.597754955,0.387346982956
Iteration,0,858,363.984851837,0.387096881866
Iteration,0,859,364.790272951,0.805421113968
Iteration,0,860,365.180101871,0.389828920364
Iteration,0,861,365.567512989,0.387411117554
Iteration,0,862,365.954820871,0.387307882309
Iteration,0,863,366.34233284,0.387511968613
Iteration,0,864,366.729384899,0.387052059174
Iteration,0,865,367.117141008,0.387756109238
Iteration,0,866,367.524034977,0.406893968582
Iteration,0,867,367.924413919,0.40037894249
Iteration,0,868,368.324697971,0.400284051895
Iteration,0,869,368.724853992,0.400156021118
Iteration,0,870,369.126178026,0.401324033737
Iteration,0,871,369.526019812,0.399841785431
Iteration,0,872,369.925882816,0.399863004684
Iteration,0,873,370.32585001,0.399967193604
Iteration,0,874,370.725638866,0.399788856506
Iteration,0,875,371.115444899,0.389806032181
Iteration,0,876,371.503109932,0.38766503334
Iteration,0,877,371.891538858,0.388428926468
Iteration,0,878,372.281279802,0.389740943909
Iteration,0,879,373.134377956,0.853098154068
Iteration,0,880,373.597572803,0.463194847107
Iteration,0,881,374.060079813,0.462507009506
Iteration,0,882,374.522536993,0.462457180023
Iteration,0,883,374.985358953,0.462821960449
Iteration,0,884,375.448015928,0.462656974792
Iteration,0,885,375.910309792,0.462293863297
Iteration,0,886,376.361676931,0.451367139816
Iteration,0,887,376.748612881,0.386935949326
Iteration,0,888,377.136880875,0.388267993927
Iteration,0,889,377.524762869,0.387881994247
Iteration,0,890,377.913258791,0.388495922089
Iteration,0,891,378.301610947,0.388352155685
Iteration,0,892,378.689708948,0.38809800148
Iteration,0,893,379.077950954,0.388242006302
Iteration,0,894,379.472673893,0.394722938538
Iteration,0,895,379.872328997,0.399655103683
Iteration,0,896,380.272178888,0.399849891663
Iteration,0,897,380.673038006,0.400859117508
Iteration,0,898,381.073891878,0.400853872299
Iteration,0,899,381.917798996,0.843907117844
Iteration,0,900,382.320755005,0.402956008911
Iteration,0,901,382.721371889,0.400616884232
Iteration,0,902,383.111071825,0.389699935913
Iteration,0,903,383.498920918,0.387849092484
Iteration,0,904,383.889953852,0.391032934189
Iteration,0,905,384.289878845,0.399924993515
Iteration,0,906,384.711357832,0.42147898674
Iteration,0,907,385.174117804,0.462759971619
Iteration,0,908,385.635560989,0.461443185806
Iteration,0,909,386.098253965,0.462692975998
Iteration,0,910,386.560585022,0.462331056595
Iteration,0,911,387.021873951,0.461288928986
Iteration,0,912,387.483466864,0.461592912674
Iteration,0,913,387.944751024,0.461284160614
Iteration,0,914,388.392413855,0.447662830353
Iteration,0,915,388.779573917,0.38716006279
Iteration,0,916,389.166785002,0.387211084366
Iteration,0,917,389.553926945,0.387141942978
Iteration,0,918,389.941239834,0.387312889099
Iteration,0,919,390.757746935,0.816507101059
Iteration,0,920,391.14793396,0.39018702507
Iteration,0,921,391.535771847,0.38783788681
Iteration,0,922,391.922868967,0.387097120285
Iteration,0,923,392.310142994,0.387274026871
Iteration,0,924,392.697397947,0.387254953384
Iteration,0,925,393.084709883,0.387311935425
Iteration,0,926,393.47199297,0.387283086777
Iteration,0,927,393.859172821,0.387179851532
Iteration,0,928,394.246408939,0.387236118317
Iteration,0,929,394.633774996,0.387366056442
Iteration,0,930,395.021229982,0.387454986572
Iteration,0,931,395.409061909,0.387831926346
Iteration,0,932,395.796270847,0.387208938599
Iteration,0,933,396.183753014,0.38748216629
Iteration,0,934,396.570992947,0.387239933014
Iteration,0,935,396.958187819,0.387194871902
Iteration,0,936,397.34544301,0.387255191803
Iteration,0,937,397.732518911,0.387075901031
Iteration,0,938,398.119752884,0.387233972549
Iteration,0,939,398.926232815,0.806479930878
Iteration,0,940,399.319394827,0.3931620121
Iteration,0,941,399.707718849,0.388324022293
Iteration,0,942,400.095683813,0.387964963913
Iteration,0,943,400.488207817,0.392524003983
Iteration,0,944,400.888990879,0.400783061981
Iteration,0,945,401.2887609,0.399770021439
Iteration,0,946,401.688901901,0.400141000748
Iteration,0,947,402.090095997,0.401194095612
Iteration,0,948,402.491173983,0.401077985764
Iteration,0,949,402.891932011,0.40075802803
Iteration,0,950,403.280469894,0.388537883759
Iteration,0,951,403.679715872,0.399245977402
Iteration,0,952,404.080579996,0.400864124298
Iteration,0,953,404.480685949,0.400105953217
Iteration,0,954,404.878641844,0.39795589447
Iteration,0,955,405.265547991,0.386906147003
Iteration,0,956,405.652631998,0.387084007263
Iteration,0,957,406.039637804,0.387005805969
Iteration,0,958,406.426926851,0.387289047241
Iteration,0,959,407.231465816,0.804538965225
Iteration,0,960,407.622196913,0.390731096268
Iteration,0,961,408.010876894,0.388679981232
Iteration,0,962,408.399533987,0.388657093048
Iteration,0,963,408.788177967,0.388643980026
Iteration,0,964,409.176359892,0.38818192482
Iteration,0,965,409.563642025,0.387282133102
Iteration,0,966,409.951666832,0.388024806976
Iteration,0,967,410.340036869,0.388370037079
Iteration,0,968,410.728075981,0.388039112091
Iteration,0,969,411.115129948,0.387053966522
Iteration,0,970,411.51116991,0.396039962769
Iteration,0,971,411.912354946,0.401185035706
Iteration,0,972,412.313493013,0.401138067245
Iteration,0,973,412.704638004,0.391144990921
Iteration,0,974,413.092664003,0.388025999069
Iteration,0,975,413.480832815,0.388168811798
Iteration,0,976,413.869068861,0.388236045837
Iteration,0,977,414.256707907,0.387639045715
Iteration,0,978,414.645097017,0.388389110565
Iteration,0,979,415.450866938,0.805769920349
Iteration,0,980,415.844900846,0.394033908844
Iteration,0,981,416.236073017,0.391172170639
Iteration,0,982,416.624230862,0.388157844543
Iteration,0,983,417.012744904,0.388514041901
Iteration,0,984,417.400898933,0.388154029846
Iteration,0,985,417.788263798,0.387364864349
Iteration,0,986,418.176371813,0.38810801506
Iteration,0,987,418.563745975,0.387374162674
Iteration,0,988,418.950958014,0.38721203804
Iteration,0,989,419.338263988,0.38730597496
Iteration,0,990,419.725641966,0.387377977371
Iteration,0,991,420.112952948,0.38731098175
Iteration,0,992,420.500100851,0.387147903442
Iteration,0,993,420.887157917,0.387057065964
Iteration,0,994,421.274642944,0.387485027313
Iteration,0,995,421.66166687,0.387023925781
Iteration,0,996,422.048686028,0.38701915741
Iteration,0,997,422.435839891,0.387153863907
Iteration,0,998,422.822909832,0.387069940567
Iteration,0,999,423.62932992,0.806420087814
Iteration,0,1000,424.02251792,0.393187999725
Iteration,0,1001,424.410906792,0.388388872147
Iteration,0,1002,424.798048019,0.387141227722
Iteration,0,1003,425.185184002,0.387135982513
Iteration,0,1004,425.572229862,0.387045860291
Iteration,0,1005,425.959577799,0.38734793663
Iteration,0,1006,426.34671402,0.387136220932
Iteration,0,1007,426.733847857,0.387133836746
Iteration,0,1008,427.121049881,0.38720202446
Iteration,0,1009,427.508427858,0.387377977371
Iteration,0,1010,427.901534796,0.393106937408
Iteration,0,1011,428.288945913,0.387411117554
Iteration,0,1012,428.675973892,0.387027978897
Iteration,0,1013,429.063071012,0.387097120285
Iteration,0,1014,429.449893951,0.386822938919
Iteration,0,1015,429.836879969,0.386986017227
Iteration,0,1016,430.223958969,0.387079000473
Iteration,0,1017,430.611061811,0.387102842331
Iteration,0,1018,430.998080969,0.38701915741
Iteration,0,1019,431.810647011,0.812566041946
Iteration,0,1020,432.204344988,0.393697977066
Iteration,0,1021,432.592427969,0.38808298111
Iteration,0,1022,432.980443954,0.388015985489
Iteration,0,1023,433.368643999,0.388200044632
Iteration,0,1024,433.756470919,0.387826919556
Iteration,0,1025,434.144560814,0.388089895248
Iteration,0,1026,434.532333851,0.387773036957
Iteration,0,1027,434.92027688,0.387943029404
Iteration,0,1028,435.30822897,0.38795208931
Iteration,0,1029,435.696635962,0.388406991959
Iteration,0,1030,436.084684849,0.388048887253
Iteration,0,1031,436.480468988,0.395784139633
Iteration,0,1032,436.881364822,0.400895833969
Iteration,0,1033,437.3219769,0.440612077713
Iteration,0,1034,437.783977985,0.462001085281
Iteration,0,1035,438.24650979,0.462531805038
Iteration,0,1036,438.709061861,0.462552070618
Iteration,0,1037,439.17174983,0.462687969208
Iteration,0,1038,439.634268999,0.462519168854
Iteration,0,1039,440.580370903,0.946101903915
Iteration,0,1040,441.033638954,0.453268051147
Iteration,0,1041,441.43874383,0.405104875565
Iteration,0,1042,441.843307018,0.404563188553
Iteration,0,1043,442.247793913,0.404486894608
Iteration,0,1044,442.647687912,0.3998939991
Iteration,0,1045,443.036072016,0.388384103775
Iteration,0,1046,443.425276995,0.389204978943
Iteration,0,1047,443.816559792,0.39128279686
Iteration,0,1048,444.218915939,0.402356147766
Iteration,0,1049,444.631561995,0.412646055222
Iteration,0,1050,445.094388962,0.462826967239
Iteration,0,1051,445.55731988,0.46293091774
Iteration,0,1052,446.020210028,0.462890148163
Iteration,0,1053,446.482918978,0.462708950043
Iteration,0,1054,446.945551872,0.462632894516
Iteration,0,1055,447.408478975,0.462927103043
Iteration,0,1056,447.871163845,0.462684869766
Iteration,0,1057,448.33144784,0.460283994675
Iteration,0,1058,448.719810963,0.38836312294
Iteration,0,1059,449.58493495,0.865123987198
Iteration,0,1060,449.979403019,0.394468069077
Iteration,0,1061,450.368651867,0.389248847961
Iteration,0,1062,450.755892992,0.387241125107
Iteration,0,1063,451.143168926,0.387275934219
Iteration,0,1064,451.530748844,0.387579917908
Iteration,0,1065,451.917855978,0.387107133865
Iteration,0,1066,452.305019855,0.387163877487
Iteration,0,1067,452.692217827,0.387197971344
Iteration,0,1068,453.079499006,0.387281179428
Iteration,0,1069,453.466739893,0.387240886688
Iteration,0,1070,453.854079008,0.387339115143
Iteration,0,1071,454.241225004,0.387145996094
Iteration,0,1072,454.62846899,0.38724398613
Iteration,0,1073,455.01563096,0.387161970139
Iteration,0,1074,455.403132915,0.387501955032
Iteration,0,1075,455.790469885,0.387336969376
Iteration,0,1076,456.177833796,0.387363910675
Iteration,0,1077,456.565150976,0.387317180634
Iteration,0,1078,456.958980799,0.39382982254
Iteration,0,1079,457.821611881,0.862631082535
Iteration,0,1080,458.286818027,0.46520614624
Iteration,0,1081,458.748221874,0.461403846741
Iteration,0,1082,459.209523916,0.461302042007
Iteration,0,1083,459.670940876,0.461416959763
Iteration,0,1084,460.13209796,0.461157083511
Iteration,0,1085,460.593314886,0.461216926575
Iteration,0,1086,461.054642916,0.461328029633
Iteration,0,1087,461.515782833,0.461139917374
Iteration,0,1088,461.977131844,0.461349010468
Iteration,0,1089,462.438148975,0.461017131805
Iteration,0,1090,462.899448872,0.46129989624
Iteration,0,1091,463.360946894,0.461498022079
Iteration,0,1092,463.822237015,0.461290121078
Iteration,0,1093,464.283496857,0.461259841919
Iteration,0,1094,464.744802952,0.461306095123
Iteration,0,1095,465.157254934,0.412451982498
Iteration,0,1096,465.544387817,0.387132883072
Iteration,0,1097,465.931545973,0.387158155441
Iteration,0,1098,466.318740845,0.387194871902
Iteration,0,1099,467.122066021,0.803325176239
Iteration,0,1100,467.514073849,0.392007827759
Iteration,0,1101,467.902933836,0.388859987259
Iteration,0,1102,468.292152882,0.389219045639
Iteration,0,1103,468.681167841,0.389014959335
Iteration,0,1104,469.070207834,0.389039993286
Iteration,0,1105,469.459345818,0.389137983322
Iteration,0,1106,469.848588943,0.389243125916
Iteration,0,1107,470.236528873,0.387939929962
Iteration,0,1108,470.625425816,0.388896942139
Iteration,0,1109,471.014675856,0.389250040054
Iteration,0,1110,471.404213905,0.389538049698
Iteration,0,1111,471.793154001,0.388940095901
Iteration,0,1112,472.182001829,0.388847827911
Iteration,0,1113,472.57105279,0.389050960541
Iteration,0,1114,472.959780931,0.388728141785
Iteration,0,1115,473.347452879,0.387671947479
Iteration,0,1116,473.735170841,0.387717962265
Iteration,0,1117,474.123014927,0.387844085693
Iteration,0,1118,474.510999918,0.387984991074
Iteration,0,1119,475.317497015,0.806497097015
Iteration,0,1120,475.710672855,0.393175840378
Iteration,0,1121,476.101446867,0.390774011612
Iteration,0,1122,476.489646912,0.388200044632
Iteration,0,1123,476.876830816,0.387183904648
Iteration,0,1124,477.263811827,0.386981010437
Iteration,0,1125,477.651006937,0.387195110321
Iteration,0,1126,478.03916502,0.388158082962
Iteration,0,1127,478.426929951,0.387764930725
Iteration,0,1128,478.815645933,0.388715982437
Iteration,0,1129,479.203640938,0.387995004654
Iteration,0,1130,479.590880871,0.387239933014
Iteration,0,1131,479.97794795,0.387067079544
Iteration,0,1132,480.365212917,0.387264966965
Iteration,0,1133,480.752213955,0.387001037598
Iteration,0,1134,481.139612913,0.387398958206
Iteration,0,1135,481.52655983,0.38694691658
Iteration,0,1136,481.913786888,0.387227058411
Iteration,0,1137,482.300915003,0.3871281147
Iteration,0,1138,482.688083887,0.387168884277
Iteration,0,1139,483.489966869,0.801882982254
Iteration,0,1140,483.883339882,0.393373012543
Iteration,0,1141,484.274633884,0.391294002533
Iteration,0,1142,484.662870884,0.388236999512
Iteration,0,1143,485.051340818,0.388469934464
Iteration,0,1144,485.439805984,0.388465166092
Iteration,0,1145,485.827924013,0.388118028641
Iteration,0,1146,486.216262817,0.388338804245
Iteration,0,1147,486.604442835,0.388180017471
Iteration,0,1148,486.992894888,0.38845205307
Iteration,0,1149,487.381742001,0.388847112656
Iteration,0,1150,487.769994974,0.388252973557
Iteration,0,1151,488.165081024,0.395086050034
Iteration,0,1152,488.553711891,0.388630867004
Iteration,0,1153,488.942205906,0.38849401474
Iteration,0,1154,489.329549789,0.387343883514
Iteration,0,1155,489.718088865,0.388539075851
Iteration,0,1156,490.106390953,0.388302087784
Iteration,0,1157,490.494800806,0.388409852982
Iteration,0,1158,490.883349895,0.388549089432
Iteration,0,1159,491.694587946,0.811238050461
Iteration,0,1160,492.088886023,0.39429807663
Iteration,0,1161,492.478762865,0.389876842499
Iteration,0,1162,492.867161989,0.388399124146
Iteration,0,1163,493.255723,0.388561010361
Iteration,0,1164,493.643836021,0.388113021851
Iteration,0,1165,494.032179832,0.388343811035
Iteration,0,1166,494.420367956,0.388188123703
Iteration,0,1167,494.807678938,0.38731098175
Iteration,0,1168,495.195674896,0.387995958328
Iteration,0,1169,495.584491968,0.388817071915
Iteration,0,1170,495.976794958,0.39230298996
Iteration,0,1171,496.378109932,0.401314973831
Iteration,0,1172,496.779196024,0.401086091995
Iteration,0,1173,497.169040918,0.389844894409
Iteration,0,1174,497.557209015,0.388168096542
Iteration,0,1175,497.945370913,0.388161897659
Iteration,0,1176,498.333693027,0.388322114944
Iteration,0,1177,498.720727921,0.387034893036
Iteration,0,1178,499.108982801,0.388254880905
Iteration,0,1179,499.915049791,0.806066989899
Iteration,0,1180,500.319439888,0.404390096664
Iteration,0,1181,500.720376968,0.400937080383
Iteration,0,1182,501.121321917,0.400944948196
Iteration,0,1183,501.52259779,0.401275873184
Iteration,0,1184,501.92347002,0.40087223053
Iteration,0,1185,502.324687004,0.401216983795
Iteration,0,1186,502.72553587,0.400848865509
Iteration,0,1187,503.116245985,0.390710115433
Iteration,0,1188,503.504868984,0.388622999191
Iteration,0,1189,503.893376827,0.388507843018
Iteration,0,1190,504.281965971,0.388589143753
Iteration,0,1191,504.670394897,0.388428926468
Iteration,0,1192,505.05901885,0.388623952866
Iteration,0,1193,505.447566986,0.388548135757
Iteration,0,1194,505.835894823,0.38832783699
Iteration,0,1195,506.224511862,0.388617038727
Iteration,0,1196,506.612947941,0.388436079025
Iteration,0,1197,507.001669884,0.388721942902
Iteration,0,1198,507.390771866,0.389101982117
Iteration,0,1199,508.202860832,0.81208896637
Iteration,0,1200,508.593915939,0.391055107117
Iteration,0,1201,508.982993841,0.38907790184
Iteration,0,1202,509.382426023,0.399432182312
Iteration,0,1203,509.783949852,0.401523828506
Iteration,0,1204,510.185398817,0.401448965073
Iteration,0,1205,510.587321997,0.401923179626
Iteration,0,1206,510.983054876,0.395732879639
Iteration,0,1207,511.375437021,0.392382144928
Iteration,0,1208,511.777002811,0.401565790176
Iteration,0,1209,512.175097942,0.39809513092
Iteration,0,1210,512.563714027,0.388616085052
Iteration,0,1211,512.95169282,0.387978792191
Iteration,0,1212,513.340374947,0.388682126999
Iteration,0,1213,513.729197979,0.388823032379
Iteration,0,1214,514.118006945,0.388808965683
Iteration,0,1215,514.50591898,0.387912034988
Iteration,0,1216,514.894848824,0.388929843903
Iteration,0,1217,515.284055948,0.38920712471
Iteration,0,1218,515.672999859,0.388943910599
Iteration,0,1219,516.505260944,0.83226108551
Iteration,0,1220,516.971473932,0.4662129879
Iteration,0,1221,517.437539816,0.466065883636
Iteration,0,1222,517.904659986,0.467120170593
Iteration,0,1223,518.370460987,0.465801000595
Iteration,0,1224,518.832952023,0.462491035461
Iteration,0,1225,519.295575857,0.46262383461
Iteration,0,1226,519.758349895,0.462774038315
Iteration,0,1227,520.220898867,0.462548971176
Iteration,0,1228,520.682370901,0.461472034454
Iteration,0,1229,521.145119905,0.462749004364
Iteration,0,1230,521.607903957,0.462784051895
Iteration,0,1231,522.070233822,0.462329864502
Iteration,0,1232,522.523162842,0.452929019928
Iteration,0,1233,522.911685944,0.388523101807
Iteration,0,1234,523.300299883,0.388613939285
Iteration,0,1235,523.688532829,0.388232946396
Iteration,0,1236,524.075904846,0.387372016907
Iteration,0,1237,524.474655867,0.398751020432
Iteration,0,1238,524.875923872,0.401268005371
Iteration,0,1239,525.701525927,0.825602054596
Iteration,0,1240,526.107126951,0.405601024628
Iteration,0,1241,526.509654999,0.402528047562
Iteration,0,1242,526.906612873,0.396957874298
Iteration,0,1243,527.295127869,0.388514995575
Iteration,0,1244,527.683913946,0.388786077499
Iteration,0,1245,528.073272943,0.389358997345
Iteration,0,1246,528.461694002,0.388421058655
Iteration,0,1247,528.853153944,0.391459941864
Iteration,0,1248,529.25446701,0.401313066483
Iteration,0,1249,529.673853874,0.419386863708
Iteration,0,1250,530.135402918,0.461549043655
Iteration,0,1251,530.59799099,0.462588071823
Iteration,0,1252,531.059828997,0.461838006973
Iteration,0,1253,531.522655964,0.462826967239
Iteration,0,1254,531.985660791,0.463004827499
Iteration,0,1255,532.425381899,0.439721107483
Iteration,0,1256,532.813912868,0.38853096962
Iteration,0,1257,533.202286959,0.388374090195
Iteration,0,1258,533.591028929,0.388741970062
Iteration,0,1259,534.443367958,0.852339029312
Iteration,0,1260,534.837288857,0.393920898438
Iteration,0,1261,535.229398012,0.392109155655
Iteration,0,1262,535.61865592,0.389257907867
Iteration,0,1263,536.007521868,0.388865947723
Iteration,0,1264,536.396379948,0.38885807991
Iteration,0,1265,536.785003901,0.388623952866
Iteration,0,1266,537.173106909,0.38810300827
Iteration,0,1267,537.561815977,0.388709068298
Iteration,0,1268,537.950706005,0.388890028
Iteration,0,1269,538.339844942,0.389138936996
Iteration,0,1270,538.728679895,0.388834953308
Iteration,0,1271,539.117293835,0.388613939285
Iteration,0,1272,539.513499975,0.396206140518
Iteration,0,1273,539.909224987,0.395725011826
Iteration,0,1274,540.29715085,0.387925863266
Iteration,0,1275,540.685042858,0.387892007828
Iteration,0,1276,541.073964834,0.388921976089
Iteration,0,1277,541.462831974,0.388867139816
Iteration,0,1278,541.851397991,0.388566017151
Iteration,0,1279,542.656572819,0.805174827576
Iteration,0,1280,543.051214933,0.394642114639
Iteration,0,1281,543.442183018,0.390968084335
Iteration,0,1282,543.830770016,0.388586997986
Iteration,0,1283,544.219489813,0.388719797134
Iteration,0,1284,544.608253002,0.388763189316
Iteration,0,1285,544.997255802,0.389002799988
Iteration,0,1286,545.386382818,0.389127016068
Iteration,0,1287,545.775938988,0.38955616951
Iteration,0,1288,546.177078009,0.40113902092
Iteration,0,1289,546.584385872,0.407307863235
Iteration,0,1290,547.046298027,0.461912155151
Iteration,0,1291,547.508267879,0.461969852448
Iteration,0,1292,547.970119953,0.461852073669
Iteration,0,1293,548.438257933,0.468137979507
Iteration,0,1294,548.825894833,0.387636899948
Iteration,0,1295,549.213540792,0.387645959854
Iteration,0,1296,549.601226807,0.387686014175
Iteration,0,1297,549.989161968,0.387935161591
Iteration,0,1298,550.377168894,0.388006925583
Iteration,0,1299,551.187947989,0.810779094696
Iteration,0,1300,551.58720994,0.399261951447
Iteration,0,1301,551.987746,0.400536060333
Iteration,0,1302,552.388137817,0.400391817093
Iteration,0,1303,552.788570881,0.400433063507
Iteration,0,1304,553.189342022,0.400771141052
Iteration,0,1305,553.591099977,0.401757955551
Iteration,0,1306,553.992498875,0.401398897171
Iteration,0,1307,554.39277482,0.400275945663
Iteration,0,1308,554.781237841,0.388463020325
Iteration,0,1309,555.16910696,0.387869119644
Iteration,0,1310,555.55822587,0.389118909836
Iteration,0,1311,555.946919918,0.388694047928
Iteration,0,1312,556.335794926,0.388875007629
Iteration,0,1313,556.724375963,0.388581037521
Iteration,0,1314,557.113385916,0.389009952545
Iteration,0,1315,557.509972811,0.396586894989
Iteration,0,1316,557.911602974,0.401630163193
Iteration,0,1317,558.353477001,0.441874027252
Iteration,0,1318,558.816449881,0.46297287941
Iteration,0,1319,559.676656008,0.860206127167
Iteration,0,1320,560.07051897,0.393862962723
Iteration,0,1321,560.46062088,0.390101909637
Iteration,0,1322,560.848356962,0.387736082077
Iteration,0,1323,561.236083984,0.387727022171
Iteration,0,1324,561.624053955,0.387969970703
Iteration,0,1325,562.012996912,0.388942956924
Iteration,0,1326,562.401165009,0.388168096542
Iteration,0,1327,562.82227993,0.42111492157
Iteration,0,1328,563.37387681,0.551596879959
Iteration,0,1329,563.76213789,0.388261079788
Iteration,0,1330,564.150311947,0.388174057007
Iteration,0,1331,564.538337946,0.388025999069
