Iteration,0,1,1.64231395721,0.140789031982
Iteration,2,1,1.63406586647,0.158176898956
Iteration,1,1,1.61557793617,0.158179998398
Iteration,3,1,1.61553692818,0.158179998398
Iteration,2,2,1.76591992378,0.131854057312
Iteration,3,2,1.74738788605,0.13185095787
Iteration,1,2,1.74742889404,0.13185095787
Iteration,0,2,1.7741727829,0.131858825684
Iteration,1,3,1.88054585457,0.133116960526
Iteration,2,3,1.89904093742,0.133121013641
Iteration,3,3,1.8805038929,0.133116006851
Iteration,0,3,1.90730285645,0.133130073547
Iteration,3,4,2.01181983948,0.131315946579
Iteration,1,4,2.01186084747,0.131314992905
Iteration,2,4,2.03035593033,0.131314992905
Iteration,0,4,2.03860878944,0.131305932999
Iteration,2,5,2.16149497032,0.131139039993
Iteration,3,5,2.14295887947,0.131139039993
Iteration,1,5,2.14300084114,0.131139993668
Iteration,0,5,2.16974782944,0.131139039993
Iteration,1,6,2.27404785156,0.131047010422
Iteration,2,6,2.29254102707,0.131046056747
Iteration,3,6,2.27400588989,0.131047010422
Iteration,0,6,2.30079483986,0.131047010422
Iteration,3,7,2.40528583527,0.131279945374
Iteration,1,7,2.40532684326,0.131278991699
Iteration,2,7,2.42382001877,0.131278991699
Iteration,0,7,2.43207287788,0.131278038025
Iteration,2,8,2.55703806877,0.133218050003
Iteration,0,8,2.56528997421,0.133217096329
Iteration,3,8,2.53852391243,0.133238077164
Iteration,1,8,2.53856396675,0.133237123489
Iteration,2,9,2.68941402435,0.132375955582
Iteration,1,9,2.67090201378,0.132338047028
Iteration,3,9,2.67086005211,0.132336139679
Iteration,0,9,2.83819293976,0.272902965546
Iteration,3,10,2.95453882217,0.283678770065
Iteration,2,10,2.97307705879,0.283663034439
Iteration,1,10,2.95457983017,0.283677816391
Iteration,0,10,2.9813477993,0.143154859543
Iteration,1,11,3.08580589294,0.131226062775
Iteration,3,11,3.08576393127,0.1312251091
Iteration,2,11,3.10429787636,0.131220817566
Iteration,0,11,3.11255192757,0.131204128265
Iteration,2,12,3.23550486565,0.131206989288
Iteration,1,12,3.21701002121,0.131204128265
Iteration,3,12,3.21696805954,0.131204128265
Iteration,0,12,3.24375677109,0.131204843521
Iteration,3,13,3.34811496735,0.131146907806
Iteration,2,13,3.36665391922,0.131149053574
Iteration,1,13,3.34815597534,0.131145954132
Iteration,0,13,3.37490677834,0.131150007248
Iteration,1,14,3.47927498817,0.131119012833
Iteration,3,14,3.4792330265,0.131118059158
Iteration,2,14,3.49776792526,0.131114006042
Iteration,0,14,3.50602078438,0.131114006042
Iteration,2,15,3.62885189056,0.131083965302
Iteration,1,15,3.61035704613,0.131082057953
Iteration,3,15,3.61031484604,0.131081819534
Iteration,0,15,3.6371049881,0.13108420372
Iteration,3,16,3.74140691757,0.131092071533
Iteration,2,16,3.75994300842,0.131091117859
Iteration,1,16,3.74144792557,0.13109087944
Iteration,0,16,3.76819586754,0.13109087944
Iteration,1,17,3.87255096436,0.131103038788
Iteration,3,17,3.87250804901,0.131101131439
Iteration,2,17,3.89104390144,0.131100893021
Iteration,0,17,3.89929699898,0.131101131439
Iteration,1,18,4.00608897209,0.133538007736
Iteration,3,18,4.00604701042,0.133538961411
Iteration,0,18,4.03283691406,0.133539915085
Iteration,2,18,4.0246078968,0.133563995361
Iteration,2,19,4.15763306618,0.133025169373
Iteration,3,19,4.13909482956,0.133047819138
Iteration,1,19,4.13913583755,0.133046865463
Iteration,0,19,4.27668190002,0.243844985962
Iteration,1,20,4.38386201859,0.24472618103
Iteration,2,20,4.40235900879,0.244725942612
Iteration,3,20,4.38382005692,0.244725227356
Iteration,0,20,4.41060996056,0.133928060532
Iteration,2,21,4.53662204742,0.134263038635
Iteration,0,21,4.54487490654,0.134264945984
Iteration,3,21,4.51809382439,0.134273767471
Iteration,1,21,4.51813602448,0.13427400589
Iteration,2,22,4.67591905594,0.139297008514
Iteration,0,22,4.68417191505,0.139297008514
Iteration,1,22,4.65745806694,0.139322042465
Iteration,3,22,4.65741705894,0.139323234558
Iteration,3,23,4.79177498817,0.13435792923
Iteration,1,23,4.79181694984,0.134358882904
Iteration,2,23,4.81030797958,0.134388923645
Iteration,0,23,4.8185608387,0.134388923645
Iteration,2,24,4.94151902199,0.131211042404
Iteration,3,24,4.92298293114,0.131207942963
Iteration,1,24,4.92302584648,0.131208896637
Iteration,0,24,4.9497718811,0.131211042404
Iteration,1,25,5.05410790443,0.131082057953
Iteration,2,25,5.07260704041,0.131088018417
Iteration,3,25,5.05406689644,0.131083965302
Iteration,0,25,5.08085989952,0.131088018417
Iteration,3,26,5.1855070591,0.131440162659
Iteration,1,26,5.18554902077,0.131441116333
Iteration,2,26,5.20404195786,0.13143491745
Iteration,0,26,5.2122938633,0.131433963776
Iteration,2,27,5.33525586128,0.131213903427
Iteration,3,27,5.31671905518,0.131211996078
Iteration,1,27,5.31676197052,0.131212949753
Iteration,0,27,5.34350895882,0.13121509552
Iteration,1,28,5.44998502731,0.133223056793
Iteration,2,28,5.46851396561,0.133258104324
Iteration,3,28,5.44994282722,0.133223772049
Iteration,0,28,5.47673678398,0.133227825165
Iteration,3,29,5.58166193962,0.131719112396
Iteration,1,29,5.58170390129,0.131718873978
Iteration,2,29,5.60019803047,0.131684064865
Iteration,0,29,5.71684479713,0.240108013153
Iteration,2,30,5.84248209,0.242284059525
Iteration,3,30,5.8239428997,0.242280960083
Iteration,1,30,5.8239839077,0.242280006409
Iteration,0,30,5.85073280334,0.13388800621
Iteration,1,31,5.95521903038,0.131235122681
Iteration,2,31,5.97371387482,0.131231784821
Iteration,3,31,5.95517802238,0.131235122681
Iteration,0,31,5.98196792603,0.131235122681
Iteration,3,32,6.08627891541,0.131100893021
Iteration,1,32,6.08632087708,0.131101846695
Iteration,2,32,6.10481286049,0.131098985672
Iteration,0,32,6.1130669117,0.131098985672
Iteration,2,33,6.23616886139,0.1313560009
Iteration,3,33,6.21763205528,0.131353139877
Iteration,1,33,6.21767401695,0.131353139877
Iteration,0,33,6.24442195892,0.131355047226
Iteration,1,34,6.34887194633,0.131197929382
Iteration,2,34,6.36736607552,0.131197214127
Iteration,3,34,6.34882998466,0.131197929382
Iteration,0,34,6.37561988831,0.131197929382
Iteration,3,35,6.48009705544,0.13126707077
Iteration,1,35,6.48013806343,0.131266117096
Iteration,2,35,6.49862909317,0.131263017654
Iteration,0,35,6.50688290596,0.131263017654
Iteration,2,36,6.63059306145,0.131963968277
Iteration,3,36,6.6120569706,0.131959915161
Iteration,1,36,6.61209893227,0.131960868835
Iteration,0,36,6.6388759613,0.131993055344
Iteration,1,37,6.74349689484,0.13139796257
Iteration,2,37,6.76199007034,0.131397008896
Iteration,3,37,6.74345493317,0.13139796257
Iteration,0,37,6.77024292946,0.131366968155
Iteration,3,38,6.87470793724,0.131253004074
Iteration,1,38,6.87474989891,0.131253004074
Iteration,2,38,6.89324307442,0.131253004074
Iteration,0,38,6.90149593353,0.131253004074
Iteration,2,39,7.02706408501,0.13382101059
Iteration,3,39,7.00853204727,0.133824110031
Iteration,1,39,7.00857305527,0.133823156357
Iteration,0,39,7.14559197426,0.244096040726
Iteration,1,40,7.25387001038,0.245296955109
Iteration,2,40,7.27236604691,0.245301961899
Iteration,3,40,7.25382900238,0.245296955109
Iteration,0,40,7.28061795235,0.135025978088
Iteration,3,41,7.39023089409,0.136401891708
Iteration,1,41,7.39027190208,0.136401891708
Iteration,2,41,7.40879106522,0.136425018311
Iteration,0,41,7.41702198982,0.136404037476
Iteration,2,42,7.54144406319,0.132652997971
Iteration,3,42,7.52291584015,0.13268494606
Iteration,1,42,7.52295804024,0.132686138153
Iteration,0,42,7.5496969223,0.13267493248
Iteration,1,43,7.65415287018,0.131194829941
Iteration,2,43,7.67264795303,0.131203889847
Iteration,3,43,7.65411090851,0.131195068359
Iteration,0,43,7.68090081215,0.131203889847
Iteration,3,44,7.78542304039,0.131312131882
Iteration,1,44,7.78546500206,0.131312131882
Iteration,2,44,7.80395889282,0.131310939789
Iteration,0,44,7.81221199036,0.131311178207
Iteration,2,45,7.93522500992,0.131266117096
Iteration,3,45,7.91668891907,0.131265878677
Iteration,1,45,7.91672992706,0.131264925003
Iteration,0,45,7.94347786903,0.131265878677
Iteration,1,46,8.05022788048,0.133497953415
Iteration,2,46,8.06872391701,0.133498907089
Iteration,3,46,8.05018591881,0.133496999741
Iteration,0,46,8.07700991631,0.133532047272
Iteration,3,47,8.18161702156,0.131431102753
Iteration,1,47,8.18165898323,0.131431102753
Iteration,2,47,8.20015406609,0.131430149078
Iteration,0,47,8.2084069252,0.131397008896
Iteration,2,48,8.33136200905,0.131207942963
Iteration,3,48,8.31282401085,0.131206989288
Iteration,1,48,8.31286597252,0.131206989288
Iteration,0,48,8.33961391449,0.131206989288
Iteration,1,49,8.44409584999,0.131229877472
Iteration,2,49,8.46258997917,0.131227970123
Iteration,3,49,8.444054842,0.131230831146
Iteration,0,49,8.58236789703,0.242753982544
Iteration,2,50,8.70932006836,0.246730089188
Iteration,0,50,8.7175719738,0.135204076767
Iteration,3,50,8.69081497192,0.246760129929
Iteration,1,50,8.69085383415,0.246757984161
Iteration,1,51,8.82251191139,0.13165807724
Iteration,3,51,8.82246899605,0.131654024124
Iteration,2,51,8.84100604057,0.131685972214
Iteration,0,51,8.84925889969,0.131686925888
Iteration,2,52,8.97230887413,0.131302833557
Iteration,1,52,8.95381498337,0.131303071976
Iteration,3,52,8.9537730217,0.13130402565
Iteration,0,52,8.98056292534,0.13130402565
Iteration,3,53,9.08494400978,0.131170988083
Iteration,2,53,9.10347986221,0.131170988083
Iteration,1,53,9.08498597145,0.131170988083
Iteration,0,53,9.11173391342,0.131170988083
Iteration,1,54,9.21624398232,0.131258010864
Iteration,3,54,9.21620202065,0.131258010864
Iteration,2,54,9.2347369194,0.13125705719
Iteration,0,54,9.24299097061,0.13125705719
Iteration,2,55,9.36599802971,0.131261110306
Iteration,1,55,9.34750390053,0.131259918213
Iteration,3,55,9.34746289253,0.131260871887
Iteration,0,55,9.37425088882,0.131259918213
Iteration,3,56,9.47905683517,0.131593942642
Iteration,2,56,9.49759292603,0.131594896317
Iteration,1,56,9.47909903526,0.131595134735
Iteration,0,56,9.50584983826,0.131598949432
Iteration,1,57,9.61268496513,0.133585929871
Iteration,3,57,9.61264300346,0.133586168289
Iteration,2,57,9.63121294975,0.133620023727
Iteration,0,57,9.63943576813,0.133585929871
Iteration,2,58,9.7626478672,0.13143491745
Iteration,1,58,9.74415397644,0.131469011307
Iteration,3,58,9.74411201477,0.131469011307
Iteration,0,58,9.77090191841,0.131466150284
Iteration,3,59,9.87540984154,0.131297826767
Iteration,2,59,9.89394497871,0.131297111511
Iteration,1,59,9.87545084953,0.131296873093
Iteration,0,59,10.0110588074,0.240156888962
Iteration,1,60,10.1182940006,0.242843151093
Iteration,3,60,10.1182529926,0.242843151093
Iteration,2,60,10.1367900372,0.242845058441
Iteration,0,60,10.1450419426,0.133983135223
Iteration,2,61,10.2687020302,0.131911993027
Iteration,1,61,10.250207901,0.131913900375
Iteration,3,61,10.250166893,0.131913900375
Iteration,0,61,10.2769567966,0.13191485405
Iteration,3,62,10.3819029331,0.131736040115
Iteration,2,62,10.4004380703,0.131736040115
Iteration,1,62,10.3819448948,0.13173699379
Iteration,0,62,10.4086918831,0.131735086441
Iteration,2,63,10.5327339172,0.132295846939
Iteration,0,63,10.5409867764,0.132294893265
Iteration,1,63,10.514248848,0.132303953171
Iteration,3,63,10.5142068863,0.132303953171
Iteration,3,64,10.645485878,0.131278991699
Iteration,1,64,10.6455278397,0.131278991699
Iteration,2,64,10.6640210152,0.131287097931
Iteration,0,64,10.6722738743,0.131287097931
Iteration,2,65,10.7951850891,0.131164073944
Iteration,3,65,10.7766489983,0.13116312027
Iteration,1,65,10.7766909599,0.13116312027
Iteration,0,65,10.8034379482,0.131164073944
Iteration,1,66,10.9078948498,0.131203889847
Iteration,2,66,10.9263908863,0.131205797195
Iteration,3,66,10.9078538418,0.131204843521
Iteration,0,66,10.9346439838,0.131206035614
Iteration,3,67,11.0391569138,0.131303071976
Iteration,1,67,11.0391979218,0.131303071976
Iteration,2,67,11.0576958656,0.131304979324
Iteration,0,67,11.0659489632,0.131304979324
Iteration,2,68,11.1914360523,0.133740186691
Iteration,3,68,11.172896862,0.133739948273
Iteration,1,68,11.1729390621,0.133741140366
Iteration,0,68,11.1997227669,0.133773803711
Iteration,1,69,11.3043529987,0.131413936615
Iteration,2,69,11.3228468895,0.131410837173
Iteration,3,69,11.3043110371,0.131414175034
Iteration,0,69,11.4433698654,0.243647098541
Iteration,3,70,11.5505800247,0.246268987656
Iteration,1,70,11.5506219864,0.246268987656
Iteration,2,70,11.5691199303,0.246273040771
Iteration,0,70,11.5773718357,0.134001970291
Iteration,2,71,11.7003340721,0.131214141846
Iteration,3,71,11.6817979813,0.131217956543
Iteration,1,71,11.6818389893,0.131217002869
Iteration,0,71,11.7085869312,0.13121509552
Iteration,1,72,11.8131079674,0.131268978119
Iteration,2,72,11.8316020966,0.131268024445
Iteration,3,72,11.8130660057,0.131268024445
Iteration,0,72,11.8398559093,0.131268978119
Iteration,3,73,11.9442780018,0.131211996078
Iteration,1,73,11.9443199635,0.131211996078
Iteration,2,73,11.9628150463,0.131212949753
Iteration,0,73,11.9710679054,0.131211996078
Iteration,2,74,12.0941169262,0.131301879883
Iteration,3,74,12.0755808353,0.131302833557
Iteration,1,74,12.0756230354,0.131303071976
Iteration,0,74,12.1023697853,0.131301879883
Iteration,1,75,12.2069489956,0.131325960159
Iteration,2,75,12.2254440784,0.131327152252
Iteration,3,75,12.2069058418,0.131325006485
Iteration,0,75,12.2336959839,0.131326198578
Iteration,3,76,12.340512991,0.133607149124
Iteration,1,76,12.3405549526,0.133605957031
Iteration,2,76,12.3590838909,0.133639812469
Iteration,0,76,12.3673048019,0.133608818054
Iteration,2,77,12.4905450344,0.131461143494
Iteration,3,77,12.4720098972,0.131496906281
Iteration,1,77,12.4720509052,0.131495952606
Iteration,0,77,12.4987978935,0.131493091583
Iteration,1,78,12.6031680107,0.131117105484
Iteration,2,78,12.6216619015,0.131116867065
Iteration,3,78,12.6031270027,0.131117105484
Iteration,0,78,12.6299159527,0.131118059158
Iteration,3,79,12.7342829704,0.131155967712
Iteration,1,79,12.7343239784,0.131155967712
Iteration,2,79,12.7528178692,0.131155967712
Iteration,0,79,12.8700997829,0.240183830261
Iteration,2,80,12.9964170456,0.243599176407
Iteration,3,80,12.9778778553,0.243594884872
Iteration,1,80,12.9779200554,0.243596076965
Iteration,0,80,13.0046749115,0.134575128555
Iteration,1,81,13.110024929,0.132104873657
Iteration,2,81,13.1285200119,0.132102966309
Iteration,3,81,13.1099829674,0.132105112076
Iteration,0,81,13.136772871,0.132097959518
Iteration,3,82,13.2415618896,0.131578922272
Iteration,1,82,13.2416038513,0.131578922272
Iteration,2,82,13.2600989342,0.131578922272
Iteration,0,82,13.2683529854,0.131580114365
Iteration,2,83,13.3915920258,0.131493091583
Iteration,3,83,13.3730559349,0.131494045258
Iteration,1,83,13.3730969429,0.131493091583
Iteration,0,83,13.3998458385,0.131492853165
Iteration,1,84,13.5050919056,0.131994962692
Iteration,2,84,13.5235779285,0.131985902786
Iteration,3,84,13.5050499439,0.131994009018
Iteration,0,84,13.5318307877,0.131984949112
Iteration,3,85,13.6365768909,0.131526947021
Iteration,1,85,13.6366188526,0.131526947021
Iteration,2,85,13.6551129818,0.131535053253
Iteration,0,85,13.6633658409,0.131535053253
Iteration,2,86,13.7864699364,0.131356954575
Iteration,3,86,13.7679338455,0.131356954575
Iteration,1,86,13.7679748535,0.1313560009
Iteration,0,86,13.7947239876,0.131358146667
Iteration,1,87,13.899353981,0.131379127502
Iteration,2,87,13.9178490639,0.131379127502
Iteration,3,87,13.8993120193,0.131378173828
Iteration,0,87,13.9261028767,0.131378889084
Iteration,3,88,14.0305800438,0.131268024445
Iteration,1,88,14.0306220055,0.131268024445
Iteration,2,88,14.0491149426,0.131265878677
Iteration,0,88,14.0573689938,0.131266117096
Iteration,2,89,14.1805400848,0.131425142288
Iteration,3,89,14.1620030403,0.131422996521
Iteration,1,89,14.162045002,0.131422996521
Iteration,0,89,14.2971949577,0.239825963974
Iteration,1,90,14.404198885,0.24215388298
Iteration,2,90,14.4226958752,0.242155790329
Iteration,3,90,14.4041559696,0.242152929306
Iteration,0,90,14.4309477806,0.133752822876
Iteration,3,91,14.5359978676,0.131841897964
Iteration,1,91,14.5360388756,0.131839990616
Iteration,2,91,14.5545330048,0.131837129593
Iteration,0,91,14.5627868176,0.131839036942
Iteration,2,92,14.6863310337,0.131798028946
Iteration,3,92,14.6677958965,0.131798028946
Iteration,1,92,14.6678378582,0.13179898262
Iteration,0,92,14.6945838928,0.131797075272
Iteration,1,93,14.7995109558,0.13167309761
Iteration,2,93,14.8180060387,0.131675004959
Iteration,3,93,14.7994689941,0.13167309761
Iteration,0,93,14.8262588978,0.131675004959
Iteration,3,94,14.930877924,0.131408929825
Iteration,1,94,14.930918932,0.131407976151
Iteration,2,94,14.9494140148,0.131407976151
Iteration,0,94,14.9576668739,0.131407976151
Iteration,2,95,15.083147049,0.133733034134
Iteration,3,95,15.0646090508,0.133731126785
Iteration,1,95,15.0646500587,0.133731126785
Iteration,0,95,15.0914349556,0.133768081665
Iteration,1,96,15.196105957,0.131455898285
Iteration,2,96,15.2146000862,0.131453037262
Iteration,3,96,15.196064949,0.131455898285
Iteration,0,96,15.222853899,0.131418943405
Iteration,3,97,15.3273849487,0.131319999695
Iteration,1,97,15.3274259567,0.131319999695
Iteration,2,97,15.3459210396,0.131320953369
Iteration,0,97,15.3541738987,0.131319999695
Iteration,2,98,15.4771819115,0.131260871887
Iteration,3,98,15.458646059,0.131261110306
Iteration,1,98,15.4586880207,0.13126206398
Iteration,0,98,15.4854388237,0.131264925003
Iteration,1,99,15.592263937,0.13357591629
Iteration,2,99,15.6107919216,0.133610010147
Iteration,3,99,15.5922219753,0.13357591629
Iteration,0,99,15.7316379547,0.246199131012
Iteration,3,100,15.8379399776,0.245718002319
Iteration,1,100,15.8379809856,0.245717048645
Iteration,2,100,15.8564789295,0.245687007904
Iteration,0,100,15.864730835,0.133092880249
Iteration,2,101,15.9881899357,0.131711006165
Iteration,3,101,15.9696538448,0.131713867188
Iteration,1,101,15.9696960449,0.13171505928
Iteration,0,101,15.9964427948,0.131711959839
Iteration,1,102,16.10095191,0.131255865097
Iteration,2,102,16.1194469929,0.13125705719
Iteration,3,102,16.1009099483,0.131256103516
Iteration,0,102,16.127699852,0.13125705719
Iteration,3,103,16.2321870327,0.131277084351
Iteration,1,103,16.232229948,0.131278038025
Iteration,2,103,16.2507240772,0.131277084351
Iteration,0,103,16.25897789,0.131278038025
Iteration,2,104,16.3819720745,0.131247997284
Iteration,3,104,16.36343503,0.131247997284
Iteration,1,104,16.3634769917,0.13124704361
Iteration,0,104,16.3902249336,0.13124704361
Iteration,1,105,16.4953868389,0.13190984726
Iteration,2,105,16.5138750076,0.131902933121
Iteration,3,105,16.4953458309,0.131910800934
Iteration,0,105,16.5221278667,0.131902933121
Iteration,2,106,16.6499550343,0.136080026627
Iteration,0,106,16.6582069397,0.136079072952
Iteration,3,106,16.6314508915,0.136105060577
Iteration,1,106,16.6314909458,0.136104106903
Iteration,1,107,16.7630670071,0.131576061249
Iteration,3,107,16.7630250454,0.1315741539
Iteration,2,107,16.7815608978,0.131605863571
Iteration,0,107,16.7898159027,0.131608963013
Iteration,2,108,16.912735939,0.131175041199
Iteration,1,108,16.8942408562,0.131173849106
Iteration,3,108,16.8941998482,0.13117480278
Iteration,0,108,16.9209887981,0.131172895432
Iteration,3,109,17.025454998,0.131255149841
Iteration,2,109,17.0439920425,0.131256103516
Iteration,1,109,17.0254969597,0.131256103516
Iteration,0,109,17.1608297825,0.239840984344
Iteration,1,110,17.2825598717,0.257062911987
Iteration,3,110,17.2825188637,0.257063865662
Iteration,2,110,17.3010599613,0.257067918777
Iteration,0,110,17.3093149662,0.148485183716
Iteration,2,111,17.4871890545,0.18612909317
Iteration,1,111,17.4686920643,0.186132192612
Iteration,3,111,17.4686510563,0.186132192612
Iteration,0,111,17.4954419136,0.186126947403
Iteration,3,112,17.5997719765,0.131120920181
Iteration,2,112,17.618309021,0.131119966507
Iteration,1,112,17.5998139381,0.131121873856
Iteration,0,112,17.6265628338,0.131120920181
Iteration,1,113,17.7311630249,0.131349086761
Iteration,3,113,17.7311220169,0.131350040436
Iteration,2,113,17.7496578693,0.131348848343
Iteration,0,113,17.7579109669,0.131348133087
Iteration,2,114,17.8807849884,0.131127119064
Iteration,1,114,17.8622889519,0.131125926971
Iteration,3,114,17.8622479439,0.131125926971
Iteration,0,114,17.8890378475,0.131126880646
Iteration,3,115,17.9937498569,0.131501913071
Iteration,2,115,18.0122849941,0.131500005722
Iteration,1,115,17.9937908649,0.131501913071
Iteration,0,115,18.0205378532,0.131500005722
Iteration,1,116,18.1248869896,0.131096124649
Iteration,3,116,18.1248450279,0.131095170975
Iteration,2,116,18.1433808804,0.13109588623
Iteration,0,116,18.1516339779,0.131096124649
Iteration,2,117,18.2745370865,0.131156206131
Iteration,1,117,18.2560420036,0.131155014038
Iteration,3,117,18.256000042,0.131155014038
Iteration,0,117,18.2827899456,0.131155967712
Iteration,3,118,18.3870949745,0.131094932556
Iteration,2,118,18.4056298733,0.131092786789
Iteration,1,118,18.3871359825,0.131093978882
Iteration,0,118,18.4138829708,0.131093025208
Iteration,1,119,18.5183429718,0.131206989288
Iteration,3,119,18.5183010101,0.131206035614
Iteration,2,119,18.5368359089,0.131206035614
Iteration,0,119,18.6542577744,0.240374803543
Iteration,2,120,18.7793660164,0.242530107498
Iteration,1,120,18.7608690262,0.242526054382
Iteration,3,120,18.7608268261,0.242525815964
Iteration,0,120,18.7876169682,0.133359193802
Iteration,3,121,18.8921868801,0.131360054016
Iteration,2,121,18.9107220173,0.1313560009
Iteration,1,121,18.8922269344,0.131357908249
Iteration,0,121,18.9189767838,0.131359815598
Iteration,1,122,19.0235619545,0.131335020065
Iteration,3,122,19.0235209465,0.131334066391
Iteration,2,122,19.042057991,0.13133597374
Iteration,0,122,19.0503108501,0.131334066391
Iteration,2,123,19.173306942,0.131248950958
Iteration,1,123,19.1548140049,0.1312520504
Iteration,3,123,19.1547720432,0.131251096725
Iteration,0,123,19.1815609932,0.131250143051
Iteration,3,124,19.2860360146,0.131263971329
Iteration,2,124,19.304571867,0.131264925003
Iteration,1,124,19.2860770226,0.131263017654
Iteration,0,124,19.3128259182,0.131264925003
Iteration,1,125,19.4172298908,0.131152868271
Iteration,3,125,19.4171879292,0.131151914597
Iteration,2,125,19.4357249737,0.131153106689
Iteration,0,125,19.4439778328,0.131151914597
Iteration,1,126,19.5515768528,0.134346961975
Iteration,3,126,19.5515358448,0.134347915649
Iteration,0,126,19.5783228874,0.134345054626
Iteration,2,126,19.5700919628,0.134366989136
Iteration,2,127,19.7039129734,0.13382101059
Iteration,3,127,19.6853728294,0.133836984634
Iteration,1,127,19.6854150295,0.133838176727
Iteration,0,127,19.7122027874,0.133879899979
Iteration,1,128,19.8167619705,0.131346940994
Iteration,2,128,19.8352570534,0.131344079971
Iteration,3,128,19.8167200089,0.131347179413
Iteration,0,128,19.8435099125,0.131307125092
Iteration,3,129,19.9490809441,0.132360935211
Iteration,1,129,19.9491229057,0.132360935211
Iteration,2,129,19.9676179886,0.132360935211
Iteration,0,129,20.0897147655,0.246204853058
Iteration,2,130,20.216794014,0.249176025391
Iteration,3,130,20.1982548237,0.249173879623
Iteration,1,130,20.1982970238,0.249174118042
Iteration,0,130,20.2250459194,0.13533115387
Iteration,1,131,20.3330559731,0.13475894928
Iteration,2,131,20.3515520096,0.134757995605
Iteration,3,131,20.3330140114,0.134759187698
Iteration,0,131,20.3598058224,0.134759902954
Iteration,3,132,20.4677929878,0.13477897644
Iteration,1,132,20.4678349495,0.13477897644
Iteration,2,132,20.4863278866,0.134775876999
Iteration,0,132,20.4945819378,0.134776115417
Iteration,2,133,20.6211149693,0.134787082672
Iteration,3,133,20.6025788784,0.134785890579
Iteration,1,133,20.6026208401,0.134785890579
Iteration,0,133,20.629368782,0.134786844254
Iteration,1,134,20.7368738651,0.134253025055
Iteration,2,134,20.7553670406,0.134252071381
Iteration,3,134,20.7368328571,0.134253978729
Iteration,0,134,20.7636198997,0.134251117706
Iteration,3,135,20.871088028,0.134255170822
Iteration,1,135,20.8711290359,0.134255170822
Iteration,2,135,20.8896260262,0.134258985519
Iteration,0,135,20.8978788853,0.134258985519
Iteration,2,136,21.0237209797,0.134094953537
Iteration,3,136,21.0051829815,0.134094953537
Iteration,1,136,21.0052249432,0.134095907211
Iteration,0,136,21.0319738388,0.134094953537
Iteration,1,137,21.1394729614,0.134248018265
Iteration,2,137,21.1579680443,0.13424706459
Iteration,3,137,21.1394309998,0.134248018265
Iteration,0,137,21.1662209034,0.13424706459
Iteration,3,138,21.273608923,0.134177923203
Iteration,1,138,21.2736508846,0.134177923203
Iteration,2,138,21.2921459675,0.134177923203
Iteration,0,138,21.3003988266,0.134177923203
Iteration,2,139,21.4264249802,0.13427901268
Iteration,3,139,21.4078888893,0.134279966354
Iteration,1,139,21.4079298973,0.13427901268
Iteration,0,139,21.5455977917,0.245198965073
Iteration,1,140,21.6540489197,0.246119022369
Iteration,2,140,21.6725449562,0.246119976044
Iteration,3,140,21.6540060043,0.246117115021
Iteration,0,140,21.6807968616,0.135199069977
Iteration,3,141,21.7881770134,0.134171009064
Iteration,1,141,21.7882180214,0.134169101715
Iteration,2,141,21.8067140579,0.134169101715
Iteration,0,141,21.8149678707,0.134171009064
Iteration,2,142,21.9407939911,0.134079933167
Iteration,3,142,21.9222579002,0.134080886841
Iteration,1,142,21.9222998619,0.134081840515
Iteration,0,142,21.9490478039,0.134079933167
Iteration,1,143,22.0564508438,0.134150981903
Iteration,2,143,22.074944973,0.134150981903
Iteration,3,143,22.0564098358,0.134151935577
Iteration,0,143,22.0831987858,0.134150981903
Iteration,3,144,22.1909940243,0.134584188461
Iteration,1,144,22.1910350323,0.134584188461
Iteration,2,144,22.2095320225,0.134587049484
Iteration,0,144,22.2177898884,0.1345911026
Iteration,2,145,22.3437168598,0.134184837341
Iteration,3,145,22.3251810074,0.134186983109
Iteration,1,145,22.3252229691,0.134187936783
Iteration,0,145,22.3519699574,0.13418006897
Iteration,1,146,22.4595899582,0.134366989136
Iteration,2,146,22.4780819416,0.134365081787
Iteration,3,146,22.4595479965,0.134366989136
Iteration,0,146,22.4863359928,0.134366035461
Iteration,2,147,22.612434864,0.13435292244
Iteration,0,147,22.6206879616,0.134351968765
Iteration,3,147,22.5939059258,0.13435792923
Iteration,1,147,22.5939488411,0.134358882904
Iteration,1,148,22.7281479836,0.134199142456
Iteration,3,148,22.7281060219,0.13420009613
Iteration,2,148,22.7466418743,0.134207010269
Iteration,0,148,22.7548959255,0.134207963943
Iteration,2,149,22.8807759285,0.134134054184
Iteration,1,149,22.8622820377,0.134134054184
Iteration,3,149,22.8622398376,0.134133815765
Iteration,0,149,22.9974889755,0.242593050003
Iteration,3,150,23.1044549942,0.242215156555
Iteration,2,150,23.1229939461,0.242218017578
Iteration,1,150,23.1044960022,0.242213964462
Iteration,0,150,23.1312448978,0.133755922318
Iteration,1,151,23.2361888885,0.131692886353
Iteration,3,151,23.2361478806,0.131692886353
Iteration,2,151,23.2546830177,0.131689071655
Iteration,0,151,23.2629368305,0.131691932678
Iteration,2,152,23.3860080242,0.131325006485
Iteration,1,152,23.3675129414,0.131324052811
Iteration,3,152,23.3674709797,0.131323099136
Iteration,0,152,23.3942608833,0.131324052811
Iteration,3,153,23.4986259937,0.131155014038
Iteration,2,153,23.5171630383,0.131155014038
Iteration,1,153,23.4986679554,0.131155014038
Iteration,0,153,23.525416851,0.131155967712
Iteration,1,154,23.6298470497,0.131179094315
Iteration,3,154,23.6298048496,0.131178855896
Iteration,2,154,23.6483430862,0.131180047989
Iteration,0,154,23.6565959454,0.131179094315
Iteration,2,155,23.7797050476,0.131361961365
Iteration,1,155,23.7612109184,0.131363868713
Iteration,3,155,23.7611689568,0.131364107132
Iteration,0,155,23.7879579067,0.131361961365
Iteration,3,156,23.8923490047,0.131180047989
Iteration,2,156,23.9108839035,0.131178855896
Iteration,1,156,23.8923909664,0.131180047989
Iteration,0,156,23.919137001,0.131179094315
Iteration,1,157,24.0236420631,0.131251096725
Iteration,3,157,24.0236010551,0.1312520504
Iteration,2,157,24.0421359539,0.1312520504
Iteration,0,157,24.050388813,0.131251811981
Iteration,1,158,24.1572299004,0.133587837219
Iteration,3,158,24.1571888924,0.133587837219
Iteration,0,158,24.1839809418,0.133592128754
Iteration,2,158,24.1757600307,0.133624076843
Iteration,2,159,24.3069040775,0.131144046783
Iteration,3,159,24.2883679867,0.131179094315
Iteration,1,159,24.2884089947,0.131179094315
Iteration,0,159,24.4242808819,0.240299940109
Iteration,1,160,24.5312919617,0.242882966995
Iteration,2,160,24.5497889519,0.242884874344
Iteration,3,160,24.53125,0.242882013321
Iteration,0,160,24.5580408573,0.133759975433
Iteration,3,161,24.6629869938,0.13173699379
Iteration,1,161,24.6630289555,0.13173699379
Iteration,2,161,24.6815240383,0.131735086441
Iteration,0,161,24.6897778511,0.13173699379
Iteration,2,162,24.8130679131,0.131543874741
Iteration,3,162,24.7945308685,0.131543874741
Iteration,1,162,24.7945728302,0.131543874741
Iteration,0,162,24.8213207722,0.131542921066
Iteration,1,163,24.9260709286,0.131498098373
Iteration,2,163,24.9445669651,0.131499052048
Iteration,3,163,24.9260299206,0.131499052048
Iteration,0,163,24.9528198242,0.131499052048
Iteration,3,164,25.0573689938,0.131339073181
Iteration,1,164,25.0574109554,0.131340026855
Iteration,2,164,25.0759060383,0.131339073181
Iteration,0,164,25.0841579437,0.131338119507
Iteration,2,165,25.2094459534,0.133539915085
Iteration,3,165,25.1909070015,0.133538007736
Iteration,1,165,25.1909489632,0.133538007736
Iteration,0,165,25.217730999,0.133573055267
Iteration,1,166,25.3222088814,0.131259918213
Iteration,2,166,25.3407020569,0.131256103516
Iteration,3,166,25.3221669197,0.131259918213
Iteration,0,166,25.3489558697,0.131224870682
Iteration,3,167,25.453275919,0.131108999252
Iteration,1,167,25.4533178806,0.131108999252
Iteration,2,167,25.4718120098,0.131109952927
Iteration,0,167,25.4800648689,0.131108999252
Iteration,2,168,25.6049859524,0.133173942566
Iteration,0,168,25.6132378578,0.133172988892
Iteration,3,168,25.5864589214,0.133183002472
Iteration,1,168,25.5864999294,0.133182048798
Iteration,2,169,25.7398838997,0.134897947311
Iteration,1,169,25.7213909626,0.134891033173
Iteration,3,169,25.7213490009,0.134890079498
Iteration,0,169,25.8602159023,0.24697804451
Iteration,3,170,25.9683790207,0.24703001976
Iteration,2,170,25.9869170189,0.247033119202
Iteration,1,170,25.9684209824,0.24703001976
Iteration,0,170,25.9951689243,0.134953022003
Iteration,1,171,26.1026308537,0.134209871292
Iteration,3,171,26.1025898457,0.134210824966
Iteration,2,171,26.1211268902,0.134209871292
Iteration,0,171,26.1293799877,0.134211063385
Iteration,2,172,26.2554459572,0.134319067001
Iteration,1,172,26.2369520664,0.134321212769
Iteration,3,172,26.2369098663,0.134320020676
Iteration,0,172,26.2636988163,0.134318828583
Iteration,3,173,26.3710780144,0.134168148041
Iteration,2,173,26.3896138668,0.134167909622
Iteration,1,173,26.3711190224,0.134166955948
Iteration,0,173,26.3978669643,0.134168148041
Iteration,1,174,26.504379034,0.133260011673
Iteration,3,174,26.504338026,0.133260011673
Iteration,2,174,26.5228738785,0.133260011673
Iteration,0,174,26.531126976,0.133260011673
Iteration,2,175,26.6541700363,0.131296157837
Iteration,1,175,26.6356768608,0.131297826767
Iteration,3,175,26.6356348991,0.131296873093
Iteration,0,175,26.6624228954,0.131295919418
Iteration,3,176,26.766835928,0.131201028824
Iteration,2,176,26.785369873,0.131199836731
Iteration,1,176,26.7668778896,0.131201028824
Iteration,0,176,26.7936229706,0.13120007515
Iteration,1,177,26.8980848789,0.131206989288
Iteration,3,177,26.8980438709,0.131207942963
Iteration,2,177,26.9165790081,0.131209135056
Iteration,0,177,26.9248328209,0.131209850311
Iteration,2,178,27.0478570461,0.131278038025
Iteration,1,178,27.0293619633,0.131277084351
Iteration,3,178,27.0293200016,0.131276130676
Iteration,0,178,27.0561099052,0.131277084351
Iteration,3,179,27.1605269909,0.131206989288
Iteration,2,179,27.1790618896,0.131204843521
Iteration,1,179,27.1605689526,0.131206989288
Iteration,0,179,27.2966058254,0.240495920181
Iteration,1,180,27.403637886,0.243068933487
Iteration,3,180,27.4035968781,0.243069887161
Iteration,2,180,27.4221348763,0.243072986603
Iteration,0,180,27.4303867817,0.133780956268
Iteration,2,181,27.5539169312,0.131782054901
Iteration,1,181,27.5354239941,0.131786108017
Iteration,3,181,27.5353820324,0.131785154343
Iteration,0,181,27.5621709824,0.131784200668
Iteration,3,182,27.6666519642,0.131269931793
Iteration,2,182,27.685188055,0.131271123886
Iteration,1,182,27.6666929722,0.131268978119
Iteration,0,182,27.6934409142,0.131269931793
Iteration,1,183,27.7992360592,0.132543087006
Iteration,3,183,27.7991950512,0.132543087006
Iteration,2,183,27.8177309036,0.132542848587
Iteration,0,183,27.8259849548,0.13254404068
Iteration,2,184,27.9518048763,0.134073972702
Iteration,1,184,27.9333119392,0.134075880051
Iteration,3,184,27.9332699776,0.134074926376
Iteration,0,184,27.9600579739,0.134073019028
Iteration,3,185,28.0674688816,0.134198904037
Iteration,2,185,28.0860040188,0.134199142456
Iteration,1,185,28.0675098896,0.134197950363
Iteration,0,185,28.0942559242,0.134197950363
Iteration,1,186,28.2019529343,0.134443044662
Iteration,3,186,28.2019119263,0.134443044662
Iteration,2,186,28.2204480171,0.134443998337
Iteration,0,186,28.2287108898,0.134454965591
Iteration,2,187,28.354804039,0.134356021881
Iteration,1,187,28.3363089561,0.134356021881
Iteration,3,187,28.3362669945,0.134355068207
Iteration,0,187,28.3630568981,0.134346008301
Iteration,3,188,28.4705300331,0.134263038635
Iteration,2,188,28.4890649319,0.134260892868
Iteration,1,188,28.4705719948,0.134263038635
Iteration,0,188,28.4973189831,0.134262084961
Iteration,2,189,28.6236329079,0.134567975998
Iteration,1,189,28.6051468849,0.134574890137
Iteration,3,189,28.6051049232,0.134574890137
Iteration,0,189,28.7425339222,0.245214939117
Iteration,2,190,28.8693289757,0.24569606781
Iteration,1,190,28.8508329391,0.24568605423
Iteration,3,190,28.8507909775,0.24568605423
Iteration,0,190,28.8775808811,0.135046958923
Iteration,3,191,28.9849939346,0.134202957153
Iteration,2,191,29.0035278797,0.134198904037
Iteration,1,191,28.9850349426,0.134202003479
Iteration,0,191,29.0117809772,0.13420009613
Iteration,1,192,29.1162629128,0.131227970123
Iteration,3,192,29.1162219048,0.131227970123
Iteration,2,192,29.1347579956,0.131230115891
Iteration,0,192,29.1430108547,0.131229877472
Iteration,2,193,29.2660000324,0.131242036819
Iteration,1,193,29.2475059032,0.131242990494
Iteration,3,193,29.2474648952,0.131242990494
Iteration,0,193,29.2742538452,0.131242990494
Iteration,3,194,29.3785870075,0.131122112274
Iteration,2,194,29.39712286,0.13112282753
Iteration,1,194,29.3786289692,0.131123065948
Iteration,0,194,29.4053769112,0.131123065948
Iteration,1,195,29.5098519325,0.131222963333
Iteration,3,195,29.5098099709,0.131222963333
Iteration,2,195,29.5283460617,0.131223201752
Iteration,0,195,29.5365989208,0.131222009659
Iteration,2,196,29.6594810486,0.131134986877
Iteration,1,196,29.6409859657,0.131134033203
Iteration,3,196,29.6409449577,0.131134986877
Iteration,0,196,29.6677339077,0.131134986877
Iteration,3,197,29.775001049,0.134056091309
Iteration,2,197,29.7935740948,0.134093046188
Iteration,1,197,29.775042057,0.134056091309
Iteration,0,197,29.8017938137,0.134059906006
Iteration,1,198,29.9063098431,0.131267786026
Iteration,3,198,29.9062688351,0.131267786026
Iteration,2,198,29.9248049259,0.131230831146
Iteration,0,198,29.9330589771,0.131265163422
Iteration,2,199,30.0561900139,0.131385087967
Iteration,1,199,30.037694931,0.131385087967
Iteration,3,199,30.0376529694,0.131384134293
Iteration,0,199,30.2021918297,0.269132852554
Iteration,3,200,30.3107609749,0.273108005524
Iteration,2,200,30.3292980194,0.273108005524
Iteration,1,200,30.3108029366,0.273108005524
Iteration,0,200,30.3375489712,0.135357141495
Iteration,1,201,30.4451670647,0.134364128113
Iteration,3,201,30.4451248646,0.134363889694
Iteration,2,201,30.4636609554,0.13436293602
Iteration,0,201,30.4719147682,0.134365797043
Iteration,2,202,30.5979530811,0.134292125702
Iteration,1,202,30.579458952,0.134291887283
Iteration,3,202,30.5794169903,0.134292125702
Iteration,0,202,30.6062059402,0.134291172028
Iteration,3,203,30.7136490345,0.13423204422
Iteration,2,203,30.7321848869,0.134231805801
Iteration,1,203,30.7136900425,0.134231090546
Iteration,0,203,30.7404389381,0.134232997894
Iteration,1,204,30.8481709957,0.134480953217
Iteration,3,204,30.8481299877,0.134480953217
Iteration,2,204,30.8666648865,0.134479999542
Iteration,0,204,30.874917984,0.134479045868
Iteration,2,205,30.9982330799,0.131568193436
Iteration,1,205,30.9797370434,0.131566047668
Iteration,3,205,30.9796969891,0.131567001343
Iteration,0,205,31.0064849854,0.131567001343
Iteration,3,206,31.1110429764,0.13134598732
Iteration,2,206,31.1295790672,0.13134598732
Iteration,1,206,31.1110839844,0.131346940994
Iteration,0,206,31.1378309727,0.13134598732
Iteration,1,207,31.2423629761,0.131278991699
Iteration,3,207,31.2423219681,0.131278991699
Iteration,2,207,31.2608559132,0.131276845932
Iteration,0,207,31.2691078186,0.131276845932
Iteration,2,208,31.3922829628,0.131427049637
Iteration,1,208,31.3737888336,0.131425857544
Iteration,3,208,31.3737459183,0.131423950195
Iteration,0,208,31.4005358219,0.131428003311
Iteration,3,209,31.5050768852,0.131330966949
Iteration,2,209,31.5236139297,0.131330966949
Iteration,1,209,31.5051178932,0.131329059601
Iteration,0,209,31.6398339272,0.23929810524
Iteration,1,210,31.7471978664,0.242079973221
Iteration,3,210,31.7471559048,0.242079019547
Iteration,2,210,31.7656900883,0.242076158524
Iteration,0,210,31.7739419937,0.134108066559
Iteration,2,211,31.9001860619,0.134495973587
Iteration,1,211,31.8816900253,0.13449215889
Iteration,3,211,31.8816490173,0.134493112564
Iteration,0,211,31.908454895,0.134512901306
Iteration,3,212,32.0134568214,0.131807804108
Iteration,2,212,32.0319929123,0.131806850433
Iteration,1,212,32.0134990215,0.131808996201
Iteration,0,212,32.0402457714,0.131790876389
Iteration,1,213,32.1447839737,0.131284952164
Iteration,3,213,32.1447429657,0.131286144257
Iteration,2,213,32.1632778645,0.131284952164
Iteration,0,213,32.171533823,0.131288051605
Iteration,2,214,32.2946519852,0.131374120712
Iteration,1,214,32.2761569023,0.131372928619
Iteration,3,214,32.2761158943,0.131372928619
Iteration,0,214,32.3029048443,0.131371021271
Iteration,3,215,32.4077298641,0.131613969803
Iteration,2,215,32.4262678623,0.131615877151
Iteration,1,215,32.4077730179,0.13161611557
Iteration,0,215,32.4345197678,0.131614923477
Iteration,1,216,32.5392768383,0.131503820419
Iteration,3,216,32.5392348766,0.131505012512
Iteration,2,216,32.5577709675,0.131503105164
Iteration,0,216,32.5660238266,0.131504058838
Iteration,2,217,32.6935288906,0.135757923126
Iteration,0,217,32.7017819881,0.135758161545
Iteration,1,217,32.6750659943,0.13578915596
Iteration,3,217,32.6750249863,0.135790109634
Iteration,2,218,32.8249390125,0.131410121918
Iteration,3,218,32.806404829,0.131379842758
Iteration,1,218,32.8064470291,0.131381034851
Iteration,0,218,32.8331918716,0.131409883499
Iteration,1,219,32.938065052,0.131618022919
Iteration,2,219,32.9565598965,0.131620883942
Iteration,3,219,32.938024044,0.131619215012
Iteration,0,219,33.0766398907,0.243448019028
Iteration,3,220,33.1840119362,0.245987892151
Iteration,1,220,33.1840529442,0.245987892151
Iteration,2,220,33.2025508881,0.245990991592
Iteration,0,220,33.2108027935,0.134162902832
Iteration,2,221,33.3346610069,0.132110118866
Iteration,3,221,33.3161268234,0.132114887238
Iteration,1,221,33.3161678314,0.132114887238
Iteration,0,221,33.3429148197,0.132112026215
Iteration,1,222,33.4481599331,0.131992101669
Iteration,2,222,33.4666540623,0.131993055344
Iteration,3,222,33.4481179714,0.131991147995
Iteration,0,222,33.4749059677,0.131991147995
Iteration,3,223,33.5795989037,0.131480932236
Iteration,1,223,33.5796399117,0.131479978561
Iteration,2,223,33.5981340408,0.131479978561
Iteration,0,223,33.6063868999,0.131480932236
Iteration,2,224,33.7296030521,0.131469011307
Iteration,3,224,33.7110669613,0.131468057632
Iteration,1,224,33.711108923,0.131469011307
Iteration,0,224,33.7378559113,0.131469011307
Iteration,1,225,33.8424859047,0.131376981735
Iteration,2,225,33.8609800339,0.131376981735
Iteration,3,225,33.8424448967,0.13137793541
Iteration,0,225,33.8692338467,0.13137793541
Iteration,3,226,33.9740920067,0.131647109985
Iteration,1,226,33.9741339684,0.13164806366
Iteration,2,226,33.9926280975,0.13164806366
Iteration,0,226,34.0008809566,0.131647109985
Iteration,2,227,34.1240870953,0.131458997726
Iteration,3,227,34.1055510044,0.131458997726
Iteration,1,227,34.1055929661,0.131458997726
Iteration,0,227,34.1323399544,0.131458997726
Iteration,1,228,34.237128973,0.131536006927
Iteration,2,228,34.2556228638,0.131535768509
Iteration,3,228,34.237087965,0.131536960602
Iteration,0,228,34.263876915,0.131536960602
Iteration,3,229,34.3685228825,0.13143491745
Iteration,1,229,34.3685638905,0.13143491745
Iteration,2,229,34.3870580196,0.131435155869
Iteration,0,229,34.503235817,0.239358901978
Iteration,2,230,34.6301870346,0.243129014969
Iteration,3,230,34.6116559505,0.243133068085
Iteration,1,230,34.6116979122,0.243134021759
Iteration,0,230,34.63843894,0.135203123093
Iteration,1,231,34.7462010384,0.134503126144
Iteration,2,231,34.7646949291,0.134507894516
Iteration,3,231,34.7461588383,0.134502887726
Iteration,0,231,34.7729477882,0.13450884819
Iteration,3,232,34.8797018528,0.133543014526
Iteration,1,232,34.8797440529,0.133543014526
Iteration,2,232,34.8982379436,0.133543014526
Iteration,0,232,34.9064898491,0.133542060852
Iteration,2,233,35.0296769142,0.131438970566
Iteration,3,233,35.011138916,0.131437063217
Iteration,1,233,35.0111808777,0.131436824799
Iteration,0,233,35.0379297733,0.13143992424
Iteration,1,234,35.142385006,0.131204128265
Iteration,2,234,35.1608800888,0.131203174591
Iteration,3,234,35.1423430443,0.131204128265
Iteration,0,234,35.1691339016,0.131204128265
Iteration,3,235,35.2737188339,0.131375789642
Iteration,1,235,35.273761034,0.131376028061
Iteration,2,235,35.2922549248,0.131374835968
Iteration,0,235,35.3005077839,0.131373882294
Iteration,2,236,35.4240720272,0.131817102432
Iteration,3,236,35.4055359364,0.131817102432
Iteration,1,236,35.4055769444,0.131815910339
Iteration,0,236,35.4323458672,0.131838083267
Iteration,1,237,35.5370259285,0.131448984146
Iteration,2,237,35.5555200577,0.131448030472
Iteration,3,237,35.5369849205,0.131448984146
Iteration,0,237,35.5637738705,0.131428003311
Iteration,3,238,35.6682870388,0.131302118301
Iteration,1,238,35.6683280468,0.131302118301
Iteration,2,238,35.6868228912,0.131302833557
Iteration,0,238,35.6950759888,0.131302118301
Iteration,2,239,35.8188269138,0.132004022598
Iteration,3,239,35.8002898693,0.132002830505
Iteration,1,239,35.8003308773,0.132002830505
Iteration,0,239,35.9372119904,0.242136001587
Iteration,1,240,36.0444219112,0.244091033936
Iteration,2,240,36.0629189014,0.24409198761
Iteration,3,240,36.0443799496,0.244090080261
Iteration,0,240,36.0711698532,0.133957862854
Iteration,3,241,36.1758680344,0.131488084793
Iteration,1,241,36.1759090424,0.131487131119
Iteration,2,241,36.1944038868,0.131484985352
Iteration,0,241,36.2026569843,0.131487131119
Iteration,2,242,36.3257339001,0.131330013275
Iteration,3,242,36.3071980476,0.131330013275
Iteration,1,242,36.3072390556,0.131330013275
Iteration,0,242,36.3339858055,0.131328821182
Iteration,1,243,36.4406549931,0.133415937424
Iteration,2,243,36.459182024,0.133448123932
Iteration,3,243,36.4406139851,0.133415937424
Iteration,0,243,36.4674038887,0.133418083191
Iteration,3,244,36.5724549294,0.13184094429
Iteration,1,244,36.572496891,0.131841897964
Iteration,2,244,36.5909900665,0.131808042526
Iteration,0,244,36.599244833,0.13184094429
Iteration,2,245,36.7224359512,0.131445884705
Iteration,3,245,36.7038998604,0.13144493103
Iteration,1,245,36.7039408684,0.131443977356
Iteration,0,245,36.7306888103,0.131443977356
Iteration,1,246,36.8352808952,0.131340026855
Iteration,2,246,36.8537759781,0.131340026855
Iteration,3,246,36.8352398872,0.131340026855
Iteration,0,246,36.8620297909,0.13134098053
Iteration,3,247,36.9665679932,0.131328105927
Iteration,1,247,36.9666099548,0.131329059601
Iteration,2,247,36.985104084,0.131328105927
Iteration,0,247,36.9933578968,0.131328105927
Iteration,2,248,37.1164469719,0.131342887878
Iteration,3,248,37.0979118347,0.131343841553
Iteration,1,248,37.0979540348,0.131344079971
Iteration,0,248,37.124699831,0.131341934204
Iteration,1,249,37.2293660641,0.131412029266
Iteration,2,249,37.2478599548,0.131412982941
Iteration,3,249,37.229323864,0.131412029266
Iteration,0,249,37.3644309044,0.23973107338
Iteration,3,250,37.4713199139,0.241996049881
Iteration,1,250,37.4713609219,0.241994857788
Iteration,2,250,37.4898588657,0.241998910904
Iteration,0,250,37.4981098175,0.133678913116
Iteration,2,251,37.6222009659,0.132342100143
Iteration,3,251,37.6036739349,0.132354021072
Iteration,1,251,37.6037158966,0.132354974747
Iteration,0,251,37.6304547787,0.132344961166
Iteration,1,252,37.7352478504,0.131531953812
Iteration,2,252,37.7537419796,0.131541013718
Iteration,3,252,37.7352068424,0.131532907486
Iteration,0,252,37.7619948387,0.131540060043
Iteration,3,253,37.8665399551,0.131333112717
Iteration,1,253,37.8665809631,0.131333112717
Iteration,2,253,37.885076046,0.131334066391
Iteration,0,253,37.8933289051,0.131334066391
Iteration,2,254,38.0164699554,0.131393909454
Iteration,3,254,37.9979338646,0.131393909454
Iteration,1,254,37.9979760647,0.131395101547
Iteration,0,254,38.0247228146,0.131393909454
Iteration,1,255,38.1292009354,0.131224870682
Iteration,2,255,38.1476960182,0.131226062775
Iteration,3,255,38.1291599274,0.131226062775
Iteration,0,255,38.1559479237,0.1312251091
Iteration,3,256,38.2604699135,0.131309986115
Iteration,1,256,38.2605109215,0.131309986115
Iteration,2,256,38.2790060043,0.131309986115
Iteration,0,256,38.2872598171,0.131311893463
Iteration,2,257,38.4103560448,0.131350040436
Iteration,3,257,38.3918180466,0.131348133087
Iteration,1,257,38.3918600082,0.131349086761
Iteration,0,257,38.4186079502,0.131348133087
Iteration,1,258,38.5232489109,0.131388902664
Iteration,2,258,38.5417420864,0.131386041641
Iteration,3,258,38.5232069492,0.131388902664
Iteration,0,258,38.5499949455,0.131386995316
Iteration,3,259,38.6544179916,0.131211042404
Iteration,1,259,38.6544599533,0.131211042404
Iteration,2,259,38.6729540825,0.131211996078
Iteration,0,259,38.7900869846,0.240092039108
Iteration,2,260,38.9155590534,0.242604970932
Iteration,3,260,38.8970210552,0.242603063583
Iteration,1,260,38.8970630169,0.242603063583
Iteration,0,260,38.9238097668,0.133722782135
Iteration,1,261,39.0283608437,0.131297826767
Iteration,2,261,39.0468568802,0.131297826767
Iteration,3,261,39.0283198357,0.131298780441
Iteration,0,261,39.0551099777,0.131300210953
Iteration,3,262,39.1595408916,0.131221055984
Iteration,1,262,39.1595818996,0.131221055984
Iteration,2,262,39.1780769825,0.13122010231
Iteration,0,262,39.1863307953,0.131220817566
Iteration,2,263,39.3093709946,0.13129401207
Iteration,3,263,39.2908349037,0.13129401207
Iteration,1,263,39.2908759117,0.13129401207
Iteration,0,263,39.3176238537,0.131293058395
Iteration,1,264,39.4220590591,0.13118314743
Iteration,2,264,39.4405550957,0.131184101105
Iteration,3,264,39.4220180511,0.13118314743
Iteration,0,264,39.4488089085,0.131185054779
Iteration,3,265,39.5533678532,0.131349802017
Iteration,1,265,39.5534088612,0.131349802017
Iteration,2,265,39.5719029903,0.131347894669
Iteration,0,265,39.5801568031,0.131347894669
Iteration,2,266,39.7031209469,0.131217956543
Iteration,3,266,39.684584856,0.131217002869
Iteration,1,266,39.684625864,0.131217002869
Iteration,0,266,39.711373806,0.131217002869
Iteration,1,267,39.8181650639,0.133539199829
Iteration,2,267,39.8366620541,0.133541107178
Iteration,3,267,39.8181228638,0.133538007736
Iteration,0,267,39.8449327946,0.133558988571
Iteration,3,268,39.9500029087,0.131880044937
Iteration,1,268,39.9500448704,0.131879806519
Iteration,2,268,39.9685389996,0.131876945496
Iteration,0,268,39.9767918587,0.131859064102
Iteration,2,269,40.099809885,0.131270885468
Iteration,3,269,40.0812740326,0.131271123886
Iteration,1,269,40.0813159943,0.131271123886
Iteration,0,269,40.2199709415,0.24317908287
Iteration,1,270,40.3268489838,0.245532989502
Iteration,2,270,40.3453478813,0.245537996292
Iteration,3,270,40.3268070221,0.245532989502
Iteration,0,270,40.3535988331,0.133627891541
Iteration,3,271,40.4581780434,0.131371021271
Iteration,1,271,40.4582190514,0.131370067596
Iteration,2,271,40.4767138958,0.131366014481
Iteration,0,271,40.484967947,0.131369113922
Iteration,2,272,40.6079249382,0.131211042404
Iteration,3,272,40.5893888474,0.131210803986
Iteration,1,272,40.5894298553,0.131210803986
Iteration,0,272,40.6161777973,0.131209850311
Iteration,2,273,40.7396528721,0.131727933884
Iteration,0,273,40.7479059696,0.131728172302
Iteration,1,273,40.7211668491,0.13173699379
Iteration,3,273,40.7211258411,0.13173699379
Iteration,3,274,40.8523159027,0.131190061569
Iteration,2,274,40.8708519936,0.131199121475
Iteration,1,274,40.8523578644,0.131191015244
Iteration,0,274,40.8791048527,0.131198883057
Iteration,1,275,40.9835579395,0.13120007515
Iteration,3,275,40.9835159779,0.13120007515
Iteration,2,275,41.0020530224,0.131201028824
Iteration,0,275,41.0103068352,0.131201982498
Iteration,2,276,41.1332960129,0.131242990494
Iteration,1,276,41.11480093,0.131242990494
Iteration,3,276,41.1147589684,0.131242990494
Iteration,0,276,41.141548872,0.131242036819
Iteration,3,277,41.2459299564,0.131170988083
Iteration,2,277,41.264467001,0.131170988083
Iteration,1,277,41.2459719181,0.131170988083
Iteration,0,277,41.2727198601,0.131170988083
Iteration,1,278,41.3772599697,0.131288051605
Iteration,3,278,41.377218008,0.131288051605
Iteration,2,278,41.3957538605,0.131286859512
Iteration,0,278,41.404006958,0.131287097931
Iteration,2,279,41.5269060135,0.131152153015
Iteration,1,279,41.5084140301,0.131154060364
Iteration,3,279,41.5083708763,0.131152868271
Iteration,0,279,41.6436669827,0.239660024643
Iteration,3,280,41.7505099773,0.242139101028
Iteration,2,280,41.7690489292,0.242142915726
Iteration,1,280,41.750551939,0.242137908936
Iteration,0,280,41.7773008347,0.133633852005
Iteration,1,281,41.882281065,0.131729125977
Iteration,3,281,41.8822388649,0.131728887558
Iteration,2,281,41.9007749557,0.131726026535
Iteration,0,281,41.9090278149,0.131726980209
Iteration,2,282,42.0324718952,0.131696939468
Iteration,1,282,42.0139780045,0.131696939468
Iteration,3,282,42.0139360428,0.131697177887
Iteration,0,282,42.0407259464,0.131698131561
Iteration,3,283,42.1450588703,0.13112282753
Iteration,2,283,42.1635959148,0.131124019623
Iteration,1,283,42.1450998783,0.131121873856
Iteration,0,283,42.171848774,0.13112282753
Iteration,1,284,42.2771949768,0.132095098495
Iteration,3,284,42.2771539688,0.132095098495
Iteration,2,284,42.2956888676,0.132092952728
Iteration,0,284,42.3039429188,0.132094144821
Iteration,2,285,42.4273118973,0.131623029709
Iteration,1,285,42.4088180065,0.131623029709
Iteration,3,285,42.4087760448,0.131622076035
Iteration,0,285,42.4355649948,0.131622076035
Iteration,3,286,42.5399708748,0.131194829941
Iteration,2,286,42.5585069656,0.131195068359
Iteration,1,286,42.5400118828,0.131193876266
Iteration,0,286,42.5667607784,0.131195783615
Iteration,1,287,42.6712388992,0.131227016449
Iteration,3,287,42.6711969376,0.131226062775
Iteration,2,287,42.6897308826,0.131223917007
Iteration,0,287,42.6979849339,0.131224155426
Iteration,2,288,42.8210020065,0.131271123886
Iteration,1,288,42.8025078773,0.131268978119
Iteration,3,288,42.8024668694,0.131269931793
Iteration,0,288,42.8292548656,0.131269931793
Iteration,3,289,42.9338769913,0.131410121918
Iteration,2,289,42.9524109364,0.131408929825
Iteration,1,289,42.9339179993,0.131410121918
Iteration,0,289,43.0689129829,0.239658117294
Iteration,1,290,43.1754179001,0.241499900818
Iteration,3,290,43.1753759384,0.241498947144
Iteration,2,290,43.1939148903,0.241503953934
Iteration,0,290,43.2021667957,0.13325381279
Iteration,2,291,43.3251080513,0.131193161011
Iteration,1,291,43.3066139221,0.131196022034
Iteration,3,291,43.3065729141,0.131196975708
Iteration,0,291,43.3333628178,0.131196022034
Iteration,3,292,43.4378118515,0.131238937378
Iteration,2,292,43.4563479424,0.131239891052
Iteration,1,292,43.4378528595,0.131238937378
Iteration,0,292,43.4646019936,0.131239175797
Iteration,1,293,43.5690610409,0.131208181381
Iteration,3,293,43.5690209866,0.131209135056
Iteration,2,293,43.5875570774,0.131209135056
Iteration,0,293,43.5958099365,0.131207942963
Iteration,2,294,43.7193498611,0.131792783737
Iteration,1,294,43.7008628845,0.131801843643
Iteration,3,294,43.7008218765,0.131800889969
Iteration,0,294,43.7276029587,0.131793022156
Iteration,3,295,43.8321149349,0.131293058395
Iteration,2,295,43.8506519794,0.131302118301
Iteration,1,295,43.8321559429,0.131293058395
Iteration,0,295,43.8589048386,0.131301879883
Iteration,1,296,43.9634549618,0.13129901886
Iteration,3,296,43.9634130001,0.131298065186
Iteration,2,296,43.981949091,0.131297111511
Iteration,0,296,43.9902019501,0.131297111511
Iteration,2,297,44.1136460304,0.131696939468
Iteration,1,297,44.0951509476,0.131695985794
Iteration,3,297,44.0951089859,0.131695985794
Iteration,0,297,44.1219158173,0.131713867188
Iteration,3,298,44.2263300419,0.131221055984
Iteration,2,298,44.2448649406,0.131218910217
Iteration,1,298,44.2263710499,0.13122010231
Iteration,0,298,44.2531177998,0.131201982498
Iteration,1,299,44.357667923,0.131296873093
Iteration,3,299,44.3576259613,0.131295919418
Iteration,2,299,44.3761608601,0.131295919418
Iteration,0,299,44.4942929745,0.241175174713
Iteration,1,300,44.6036958694,0.246027946472
Iteration,3,300,44.6036529541,0.246026992798
Iteration,0,300,44.6304459572,0.136152982712
Iteration,2,300,44.6222259998,0.246065139771
Iteration,2,301,44.7540810108,0.131855010986
Iteration,3,301,44.7355439663,0.131891012192
Iteration,1,301,44.7355868816,0.131891012192
Iteration,0,301,44.7623338699,0.13188791275
Iteration,1,302,44.866822958,0.131236076355
Iteration,2,302,44.8853158951,0.131234884262
Iteration,3,302,44.86678195,0.131237983704
Iteration,0,302,44.8935689926,0.131235122681
Iteration,3,303,44.9979610443,0.131179094315
Iteration,1,303,44.9980020523,0.131179094315
Iteration,2,303,45.0164968967,0.131181001663
Iteration,0,303,45.0247499943,0.131181001663
Iteration,2,304,45.1475300789,0.131033182144
Iteration,3,304,45.128993988,0.131032943726
Iteration,1,304,45.1290359497,0.1310338974
Iteration,0,304,45.1557838917,0.1310338974
Iteration,1,305,45.2603459358,0.131309986115
Iteration,2,305,45.278840065,0.131309986115
Iteration,3,305,45.2603049278,0.131310939789
Iteration,0,305,45.2870929241,0.13130903244
Iteration,3,306,45.3915200233,0.13121509552
Iteration,1,306,45.391561985,0.131216049194
Iteration,2,306,45.4100549221,0.131214857101
Iteration,0,306,45.4183077812,0.131214857101
Iteration,2,307,45.5412418842,0.131186962128
Iteration,3,307,45.5227048397,0.13118481636
Iteration,1,307,45.5227470398,0.131185054779
Iteration,0,307,45.5494949818,0.131187200546
Iteration,1,308,45.6538639069,0.131116867065
Iteration,2,308,45.672358036,0.13111615181
Iteration,3,308,45.6538228989,0.131118059158
Iteration,0,308,45.6806118488,0.131116867065
Iteration,3,309,45.7857978344,0.131974935532
Iteration,1,309,45.7858400345,0.131976127625
Iteration,2,309,45.8043339252,0.131975889206
Iteration,0,309,45.9219548702,0.241343021393
Iteration,2,310,46.0474829674,0.24314904213
Iteration,3,310,46.0289440155,0.243146181107
Iteration,1,310,46.0289850235,0.243144989014
Iteration,0,310,46.0557348728,0.133780002594
Iteration,1,311,46.1608519554,0.131866931915
Iteration,2,311,46.1793479919,0.131865024567
Iteration,3,311,46.1608099937,0.131865978241
Iteration,0,311,46.1876008511,0.131865978241
Iteration,3,312,46.2925748825,0.131764888763
Iteration,1,312,46.2926168442,0.131764888763
Iteration,2,312,46.3111109734,0.131762981415
Iteration,0,312,46.3193647861,0.131763935089
Iteration,2,313,46.4424889088,0.13137793541
Iteration,3,313,46.4239518642,0.131376981735
Iteration,1,313,46.4239928722,0.131376028061
Iteration,0,313,46.4507417679,0.131376981735
Iteration,1,314,46.5552308559,0.131237983704
Iteration,2,314,46.5737218857,0.131232976913
Iteration,3,314,46.5551898479,0.131237983704
Iteration,0,314,46.5819737911,0.131232023239
Iteration,3,315,46.6870748997,0.131885051727
Iteration,1,315,46.6871168613,0.131886005402
Iteration,2,315,46.7056090832,0.131887197495
Iteration,0,315,46.7138609886,0.131887197495
Iteration,2,316,46.8368918896,0.131282806396
Iteration,3,316,46.818354845,0.131279945374
Iteration,1,316,46.8183970451,0.131280183792
Iteration,0,316,46.8451449871,0.131283998489
Iteration,1,317,46.9498128891,0.131415843964
Iteration,2,317,46.9683060646,0.131414175034
Iteration,3,317,46.9497718811,0.131417036057
Iteration,0,317,46.9765598774,0.131414890289
Iteration,3,318,47.0808990002,0.131127119064
Iteration,1,318,47.0809419155,0.131129026413
Iteration,2,318,47.0994300842,0.131124019623
Iteration,0,318,47.1076819897,0.131122112274
Iteration,2,319,47.2306909561,0.131260871887
Iteration,3,319,47.2121539116,0.131254911423
Iteration,1,319,47.2121958733,0.131253957748
Iteration,0,319,47.3466978073,0.239015817642
Iteration,1,320,47.4537239075,0.24152803421
Iteration,2,320,47.472219944,0.241528987885
Iteration,3,320,47.4536819458,0.24152803421
Iteration,0,320,47.4804728031,0.133774995804
Iteration,3,321,47.5850389004,0.131356954575
Iteration,1,321,47.585080862,0.131356954575
Iteration,2,321,47.6035749912,0.131355047226
Iteration,0,321,47.6118278503,0.131355047226
Iteration,2,322,47.734924078,0.131349086761
Iteration,3,322,47.7163870335,0.131348133087
Iteration,1,322,47.7164289951,0.131348133087
Iteration,0,322,47.7431759834,0.131348133087
Iteration,1,323,47.8477878571,0.131358861923
Iteration,2,323,47.8662819862,0.131357908249
Iteration,3,323,47.8477468491,0.131359815598
Iteration,0,323,47.874535799,0.131359815598
Iteration,3,324,47.9792568684,0.131510019302
Iteration,1,324,47.97929883,0.131510972977
Iteration,2,324,47.9977920055,0.131510019302
Iteration,0,324,48.0060448647,0.131509065628
Iteration,2,325,48.1290419102,0.131249904633
Iteration,3,325,48.1105048656,0.131247997284
Iteration,1,325,48.1105470657,0.131248235703
Iteration,0,325,48.1372938156,0.131248950958
Iteration,1,326,48.2418730259,0.131325960159
Iteration,2,326,48.2603669167,0.131325006485
Iteration,3,326,48.2418320179,0.131327152252
Iteration,0,326,48.2686197758,0.131325960159
Iteration,3,327,48.3730559349,0.131223917007
Iteration,1,327,48.3730969429,0.131223917007
Iteration,2,327,48.3915920258,0.1312251091
Iteration,0,327,48.3998458385,0.131226062775
Iteration,2,328,48.522810936,0.131218910217
Iteration,3,328,48.5042760372,0.13122010231
Iteration,1,328,48.5043170452,0.13122010231
Iteration,0,328,48.5310637951,0.131217956543
Iteration,1,329,48.6354999542,0.131182909012
Iteration,2,329,48.6539940834,0.13118314743
Iteration,3,329,48.6354589462,0.131182909012
Iteration,0,329,48.7712268829,0.240163087845
Iteration,3,330,48.8781509399,0.242691993713
Iteration,1,330,48.8781929016,0.242692947388
Iteration,2,330,48.8966898918,0.242695808411
Iteration,0,330,48.9049417973,0.133714914322
Iteration,2,331,49.0280408859,0.13135099411
Iteration,3,331,49.0095038414,0.131352901459
Iteration,1,331,49.0095460415,0.131353139877
Iteration,0,331,49.0362939835,0.131352186203
Iteration,1,332,49.1412420273,0.131695985794
Iteration,2,332,49.159735918,0.13169503212
Iteration,3,332,49.1412010193,0.131697177887
Iteration,0,332,49.1679887772,0.131694793701
Iteration,2,333,49.2967579365,0.137022018433
Iteration,0,333,49.3050119877,0.137023210526
Iteration,3,333,49.2782299519,0.137028932571
Iteration,1,333,49.2782709599,0.137028932571
Iteration,1,334,49.4240570068,0.145786046982
Iteration,3,334,49.4240159988,0.145786046982
Iteration,2,334,49.4425499439,0.145792007446
Iteration,0,334,49.4508237839,0.145811796188
Iteration,2,335,49.5792748928,0.136724948883
Iteration,1,335,49.5607869625,0.136729955673
Iteration,3,335,49.5607459545,0.136729955673
Iteration,0,335,49.587528944,0.136705160141
Iteration,2,336,49.7151150703,0.135840177536
Iteration,0,336,49.7233688831,0.135839939117
Iteration,3,336,49.6965880394,0.135842084885
Iteration,1,336,49.6966278553,0.135840892792
Iteration,1,337,49.8341598511,0.137531995773
Iteration,2,337,49.8526480198,0.137532949448
Iteration,3,337,49.8341178894,0.137529850006
Iteration,0,337,49.8609018326,0.137532949448
Iteration,3,338,49.9711339474,0.137016057968
Iteration,1,338,49.9711740017,0.13701415062
Iteration,2,338,49.9896609783,0.137012958527
Iteration,0,338,49.9979138374,0.137012004852
Iteration,2,339,50.1276209354,0.137959957123
Iteration,3,339,50.1091020107,0.137968063354
Iteration,1,339,50.1091430187,0.137969017029
Iteration,0,339,50.2479979992,0.250084161758
Iteration,1,340,50.3553068638,0.246163845062
Iteration,2,340,50.3737940788,0.246173143387
Iteration,3,340,50.3552658558,0.246163845062
Iteration,0,340,50.3820459843,0.134047985077
Iteration,3,341,50.4868679047,0.131602048874
Iteration,1,341,50.4869089127,0.131602048874
Iteration,2,341,50.5054030418,0.131608963013
Iteration,0,341,50.5136568546,0.131610870361
Iteration,2,342,50.6366250515,0.131222009659
Iteration,3,342,50.618088007,0.13122010231
Iteration,1,342,50.6181299686,0.131221055984
Iteration,0,342,50.6448779106,0.131221055984
Iteration,1,343,50.7494800091,0.131350040436
Iteration,2,343,50.7679729462,0.131347894669
Iteration,3,343,50.7494380474,0.131350040436
Iteration,0,343,50.7762269974,0.131349086761
Iteration,3,344,50.8806049824,0.131166934967
Iteration,1,344,50.880646944,0.131166934967
Iteration,2,344,50.8991379738,0.131165027618
Iteration,0,344,50.9073908329,0.131163835526
Iteration,2,345,51.0304079056,0.131269931793
Iteration,3,345,51.0118720531,0.13126707077
Iteration,1,345,51.0119130611,0.131266117096
Iteration,0,345,51.0386607647,0.131269931793
Iteration,1,346,51.1430969238,0.131183862686
Iteration,2,346,51.1615929604,0.131185054779
Iteration,3,346,51.1430568695,0.13118481636
Iteration,0,346,51.1698467731,0.131186008453
Iteration,3,347,51.2743730545,0.131316184998
Iteration,1,347,51.2744140625,0.131317138672
Iteration,2,347,51.2929089069,0.131315946579
Iteration,0,347,51.3011617661,0.131314992905
Iteration,2,348,51.4241769314,0.131268024445
Iteration,3,348,51.4056408405,0.131267786026
Iteration,1,348,51.4056830406,0.131268978119
Iteration,0,348,51.4324297905,0.131268024445
Iteration,1,349,51.5369439125,0.131260871887
Iteration,2,349,51.5554389954,0.13126206398
Iteration,3,349,51.5369019508,0.131261110306
Iteration,0,349,51.6730239391,0.240594148636
Iteration,3,350,51.7800388336,0.243136882782
Iteration,1,350,51.7800810337,0.243137121201
Iteration,2,350,51.7985780239,0.243139028549
Iteration,0,350,51.8068299294,0.133805990219
Iteration,2,351,51.9304158688,0.131837844849
Iteration,3,351,51.91188097,0.131842136383
Iteration,1,351,51.911921978,0.13184094429
Iteration,0,351,51.93866992,0.131839990616
Iteration,1,352,52.0436530113,0.131731033325
Iteration,2,352,52.0621469021,0.131731033325
Iteration,3,352,52.0436110497,0.131730079651
Iteration,0,352,52.0704009533,0.131731033325
Iteration,3,353,52.1749908924,0.131379842758
Iteration,1,353,52.175039053,0.131386041641
Iteration,2,353,52.1935269833,0.131380081177
Iteration,0,353,52.2017807961,0.131379842758
Iteration,2,354,52.3246819973,0.131155014038
Iteration,3,354,52.3061449528,0.131154060364
Iteration,1,354,52.3061869144,0.131147861481
Iteration,0,354,52.3329348564,0.131154060364
Iteration,1,355,52.4373588562,0.131171941757
Iteration,2,355,52.4558548927,0.131172895432
Iteration,3,355,52.4373178482,0.131172895432
Iteration,0,355,52.4641079903,0.13117313385
Iteration,3,356,52.5684428215,0.131124973297
Iteration,1,356,52.5684838295,0.131124973297
Iteration,2,356,52.5869789124,0.131124019623
Iteration,0,356,52.5952317715,0.131123781204
Iteration,2,357,52.7189199924,0.131941080093
Iteration,3,357,52.7003920078,0.131949186325
Iteration,1,357,52.7004339695,0.131950139999
Iteration,0,357,52.7271728516,0.131941080093
Iteration,1,358,52.8317198753,0.131285905838
Iteration,2,358,52.8502159119,0.131295919418
Iteration,3,358,52.8316779137,0.131285905838
Iteration,0,358,52.858468771,0.131295919418
Iteration,3,359,52.9627828598,0.131104946136
Iteration,1,359,52.9628238678,0.131103992462
Iteration,2,359,52.9813170433,0.131101131439
Iteration,0,359,53.0978999138,0.239431142807
Iteration,2,360,53.2232248783,0.241907835007
Iteration,3,360,53.2046890259,0.241906166077
Iteration,1,360,53.2047309875,0.241907119751
Iteration,0,360,53.2314767838,0.133576869965
Iteration,1,361,53.3359708786,0.131239891052
Iteration,2,361,53.3544650078,0.131240129471
Iteration,3,361,53.3359289169,0.131239891052
Iteration,0,361,53.3627188206,0.131242036819
Iteration,3,362,53.4670538902,0.131124973297
Iteration,1,362,53.4670958519,0.131124973297
Iteration,2,362,53.4855909348,0.131125926971
Iteration,0,362,53.4938437939,0.131124973297
Iteration,2,363,53.6167359352,0.131145000458
Iteration,3,363,53.5981988907,0.131145000458
Iteration,1,363,53.5982408524,0.131145000458
Iteration,0,363,53.6249887943,0.131145000458
Iteration,1,364,53.7294859886,0.131245136261
Iteration,2,364,53.747977972,0.131242036819
Iteration,3,364,53.7294440269,0.131245136261
Iteration,0,364,53.7562317848,0.131242990494
Iteration,3,365,53.86084795,0.131403923035
Iteration,1,365,53.860888958,0.13140296936
Iteration,2,365,53.8793830872,0.131405115128
Iteration,0,365,53.8876349926,0.131403207779
Iteration,2,366,54.0107519627,0.131368875504
Iteration,3,366,53.9922158718,0.131367921829
Iteration,1,366,53.9922578335,0.131368875504
Iteration,0,366,54.0190048218,0.131369829178
Iteration,1,367,54.1236288548,0.131371021271
Iteration,2,367,54.1421220303,0.131370067596
Iteration,3,367,54.1235868931,0.131371021271
Iteration,0,367,54.1503748894,0.131370067596
Iteration,3,368,54.2573149204,0.133728027344
Iteration,1,368,54.2573559284,0.133727073669
Iteration,2,368,54.2758848667,0.133762836456
Iteration,0,368,54.2841057777,0.133730888367
Iteration,2,369,54.4071838856,0.13129901886
Iteration,3,369,54.3886480331,0.131333112717
Iteration,1,369,54.3886890411,0.131333112717
Iteration,0,369,54.5244059563,0.240300178528
Iteration,1,370,54.6318879128,0.243198871613
Iteration,2,370,54.6503839493,0.243200063705
Iteration,3,370,54.6318459511,0.243197917938
Iteration,0,370,54.6586527824,0.134246826172
Iteration,3,371,54.7635970116,0.131751060486
Iteration,1,371,54.7636380196,0.131750106812
Iteration,2,371,54.7821319103,0.131747961044
Iteration,0,371,54.7903859615,0.131733179092
Iteration,2,372,54.9132668972,0.131134986877
Iteration,3,372,54.8947319984,0.131134986877
Iteration,1,372,54.8947739601,0.131135940552
Iteration,0,372,54.9215209484,0.131134986877
Iteration,1,373,55.0258419514,0.131067991257
Iteration,2,373,55.0443360806,0.13106918335
Iteration,3,373,55.0257999897,0.131067991257
Iteration,0,373,55.0525898933,0.131068944931
Iteration,3,374,55.1569159031,0.131115913391
Iteration,1,374,55.1569578648,0.131115913391
Iteration,2,374,55.1754529476,0.131116867065
Iteration,0,374,55.1837058067,0.131115913391
Iteration,2,375,55.3072829247,0.131829977036
Iteration,3,375,55.2887489796,0.131833076477
Iteration,1,375,55.2887909412,0.131833076477
Iteration,0,375,55.3155357838,0.131829977036
Iteration,1,376,55.4231908321,0.1343998909
Iteration,2,376,55.4416840076,0.134401082993
Iteration,3,376,55.4231488705,0.1343998909
Iteration,0,376,55.4499359131,0.134400129318
Iteration,3,377,55.5574378967,0.13428902626
Iteration,1,377,55.5574789047,0.134288072586
Iteration,2,377,55.5759730339,0.13428902626
Iteration,0,377,55.584225893,0.134289979935
Iteration,2,378,55.7102410793,0.134268045425
Iteration,0,378,55.7184948921,0.1342689991
Iteration,3,378,55.6917140484,0.134276151657
Iteration,1,378,55.6917550564,0.134276151657
Iteration,2,379,55.8422110081,0.131969928741
Iteration,1,379,55.8237168789,0.13196182251
Iteration,3,379,55.8236749172,0.131960868835
Iteration,0,379,55.9596068859,0.24111199379
Iteration,3,380,56.0665538311,0.242878913879
Iteration,2,380,56.0850930214,0.242882013321
Iteration,1,380,56.0665960312,0.242879152298
Iteration,0,380,56.0933439732,0.13373708725
Iteration,1,381,56.1983919144,0.131795883179
Iteration,3,381,56.1983509064,0.131797075272
Iteration,2,381,56.2168869972,0.13179397583
Iteration,0,381,56.22514081,0.131796836853
Iteration,2,382,56.3486700058,0.131783008575
Iteration,1,382,56.3301758766,0.13178396225
Iteration,3,382,56.3301339149,0.131783008575
Iteration,0,382,56.3569228649,0.131782054901
Iteration,3,383,56.4615569115,0.131422996521
Iteration,2,383,56.4800920486,0.131422042847
Iteration,1,383,56.4615979195,0.131422042847
Iteration,0,383,56.4883458614,0.131422996521
Iteration,1,384,56.5928380489,0.131240129471
Iteration,3,384,56.5927970409,0.131240129471
Iteration,2,384,56.6113319397,0.131239891052
Iteration,0,384,56.6195847988,0.131238937378
Iteration,2,385,56.7425169945,0.131185054779
Iteration,1,385,56.7240228653,0.13118481636
Iteration,3,385,56.7239809036,0.131183862686
Iteration,0,385,56.7507698536,0.131185054779
Iteration,0,386,56.8819298744,0.131160020828
Iteration,3,386,56.8551559448,0.131175041199
Iteration,2,386,56.873693943,0.131176948547
Iteration,1,386,56.8551969528,0.131174087524
Iteration,1,387,56.9863729477,0.131175994873
Iteration,3,387,56.9863319397,0.131175994873
Iteration,2,387,57.0048658848,0.131171941757
Iteration,0,387,57.0131099224,0.131180047989
Iteration,2,388,57.1361479759,0.131282091141
Iteration,1,388,57.1176528931,0.131279945374
Iteration,3,388,57.1176109314,0.131278991699
Iteration,0,388,57.144400835,0.131290912628
Iteration,3,389,57.2487459183,0.131134986877
Iteration,2,389,57.2672810555,0.131133079529
Iteration,1,389,57.2487869263,0.131134033203
Iteration,0,389,57.3842787743,0.239877939224
Iteration,1,390,57.4912278652,0.24244093895
Iteration,3,390,57.4911849499,0.242439031601
Iteration,2,390,57.5097250938,0.242444038391
Iteration,0,390,57.5179769993,0.133698225021
Iteration,2,391,57.6412420273,0.131516933441
Iteration,1,391,57.6227478981,0.131520032883
Iteration,3,391,57.6227059364,0.131520986557
Iteration,0,391,57.6494948864,0.131517887115
Iteration,3,392,57.7538318634,0.131125926971
Iteration,2,392,57.7723670006,0.131124973297
Iteration,1,392,57.7538728714,0.131124973297
Iteration,0,392,57.7806198597,0.131124973297
Iteration,1,393,57.8850898743,0.131217002869
Iteration,3,393,57.8850479126,0.131216049194
Iteration,2,393,57.9035830498,0.131216049194
Iteration,0,393,57.9118359089,0.131216049194
Iteration,2,394,58.0347988605,0.131215810776
Iteration,1,394,58.0163059235,0.131216049194
Iteration,3,394,58.0162639618,0.131216049194
Iteration,0,394,58.0430519581,0.131216049194
Iteration,3,395,58.1473989487,0.131134986877
Iteration,2,395,58.1659328938,0.131134033203
Iteration,1,395,58.1474399567,0.131134033203
Iteration,0,395,58.174186945,0.131134986877
Iteration,1,396,58.2785470486,0.131107091904
Iteration,3,396,58.2785048485,0.131105899811
Iteration,2,396,58.2970409393,0.131108045578
Iteration,0,396,58.3052937984,0.131106853485
Iteration,2,397,58.4282159805,0.131175041199
Iteration,1,397,58.409719944,0.131172895432
Iteration,3,397,58.409678936,0.131174087524
Iteration,0,397,58.4364688396,0.131175041199
Iteration,3,398,58.5408828259,0.131203889847
Iteration,2,398,58.559417963,0.131201982498
Iteration,1,398,58.5409250259,0.13120508194
Iteration,0,398,58.5676717758,0.131202936172
Iteration,1,399,58.6721000671,0.131175041199
Iteration,3,399,58.6720590591,0.131176233292
Iteration,2,399,58.6905949116,0.131176948547
Iteration,0,399,58.8074419498,0.239770174026
Iteration,2,400,58.9330089092,0.24241399765
Iteration,1,400,58.9145200253,0.242419958115
Iteration,3,400,58.9144768715,0.242417812347
Iteration,0,400,58.941259861,0.133817911148
Iteration,3,401,59.0457398891,0.131263017654
Iteration,2,401,59.0642769337,0.131268024445
Iteration,1,401,59.0457818508,0.131261825562
Iteration,0,401,59.0725309849,0.131271123886
Iteration,1,402,59.1769280434,0.131146192551
Iteration,3,402,59.1768858433,0.131145954132
Iteration,2,402,59.1954219341,0.131145000458
Iteration,0,402,59.2036738396,0.131142854691
Iteration,2,403,59.326622963,0.131201028824
Iteration,1,403,59.3081288338,0.131200790405
Iteration,3,403,59.3080868721,0.131201028824
Iteration,0,403,59.3348758221,0.131201982498
Iteration,3,404,59.439291954,0.13120508194
Iteration,2,404,59.4578270912,0.131204128265
Iteration,1,404,59.4393339157,0.13120508194
Iteration,0,404,59.4660799503,0.131204128265
Iteration,1,405,59.5706269741,0.131293058395
Iteration,3,405,59.5705859661,0.13129401207
Iteration,2,405,59.589122057,0.131294965744
Iteration,0,405,59.5973749161,0.131294965744
Iteration,2,406,59.7203779221,0.131255865097
Iteration,1,406,59.7018859386,0.131258964539
Iteration,3,406,59.7018430233,0.13125705719
Iteration,0,406,59.7286307812,0.131255865097
Iteration,3,407,59.8329639435,0.131120920181
Iteration,2,407,59.8515000343,0.131122112274
Iteration,1,407,59.8330059052,0.131119966507
Iteration,0,407,59.8597538471,0.131123065948
Iteration,1,408,59.9640910625,0.131085157394
Iteration,3,408,59.9640488625,0.131084918976
Iteration,2,408,59.9825868607,0.131086826324
Iteration,0,408,59.9908387661,0.131084918976
Iteration,2,409,60.1137900352,0.131203174591
Iteration,1,409,60.0952968597,0.131205797195
Iteration,3,409,60.0952548981,0.131206035614
Iteration,0,409,60.2587308884,0.267892122269
Iteration,3,410,60.3656129837,0.270358085632
Iteration,2,410,60.3841528893,0.270362854004
Iteration,1,410,60.3656549454,0.270358085632
Iteration,0,410,60.392403841,0.133672952652
Iteration,1,411,60.4969329834,0.131278038025
Iteration,3,411,60.4968919754,0.131278991699
Iteration,2,411,60.5154268742,0.131273984909
Iteration,0,411,60.5236809254,0.131277084351
Iteration,2,412,60.6468288898,0.131402015686
Iteration,1,412,60.6283349991,0.131402015686
Iteration,3,412,60.6282918453,0.131399869919
Iteration,0,412,60.6550829411,0.131402015686
Iteration,3,413,60.7609169483,0.132625102997
Iteration,2,413,60.779458046,0.132629156113
Iteration,1,413,60.7609579563,0.13262295723
Iteration,0,413,60.7877249718,0.132642030716
Iteration,1,414,60.8943040371,0.13334608078
Iteration,3,414,60.8942630291,0.13334608078
Iteration,2,414,60.9127988815,0.133340835571
Iteration,0,414,60.9210519791,0.133327007294
Iteration,2,415,61.0469748974,0.134176015854
Iteration,1,415,61.0284819603,0.134177923203
Iteration,3,415,61.0284399986,0.134176969528
Iteration,0,415,61.0552289486,0.134176969528
Iteration,3,416,61.1626198292,0.134179830551
Iteration,2,416,61.18115592,0.134181022644
Iteration,1,416,61.1626620293,0.13418006897
Iteration,0,416,61.1894087791,0.134179830551
Iteration,1,417,61.296890974,0.134228944778
Iteration,3,417,61.2968490124,0.134229183197
Iteration,2,417,61.3153848648,0.134228944778
Iteration,0,417,61.323638916,0.134230136871
Iteration,2,418,61.4496340752,0.134249210358
Iteration,1,418,61.4311389923,0.134248018265
Iteration,3,418,61.4310970306,0.134248018265
Iteration,0,418,61.4578859806,0.13424706459
Iteration,3,419,61.5654330254,0.13433599472
Iteration,2,419,61.5839688778,0.134334802628
Iteration,1,419,61.565474987,0.13433599472
Iteration,0,419,61.7055888176,0.24770283699
Iteration,1,420,61.8143889904,0.248914003372
Iteration,3,420,61.8143458366,0.248912811279
Iteration,2,420,61.8328769207,0.248908042908
Iteration,0,420,61.8411288261,0.135540008545
Iteration,2,421,61.9672300816,0.134353160858
Iteration,1,421,61.9487359524,0.134346961975
Iteration,3,421,61.9486939907,0.134348154068
Iteration,0,421,61.975481987,0.134353160858
Iteration,3,422,62.0805439949,0.131850004196
Iteration,2,422,62.0990800858,0.131850004196
Iteration,1,422,62.0805859566,0.131850004196
Iteration,0,422,62.1073338985,0.131851911545
Iteration,1,423,62.2126059532,0.132019996643
Iteration,3,423,62.2125639915,0.132019996643
Iteration,2,423,62.2310988903,0.13201880455
Iteration,0,423,62.2393529415,0.132019042969
Iteration,2,424,62.3626439571,0.131545066833
Iteration,1,424,62.3441500664,0.131544113159
Iteration,3,424,62.3441078663,0.131543874741
Iteration,0,424,62.3708977699,0.131544828415
Iteration,3,425,62.4753730297,0.131265163422
Iteration,2,425,62.4939079285,0.131263971329
Iteration,1,425,62.4754140377,0.131263971329
Iteration,0,425,62.5021607876,0.131263017654
Iteration,1,426,62.6066639423,0.131249904633
Iteration,3,426,62.6066219807,0.131248950958
Iteration,2,426,62.6251580715,0.131250143051
Iteration,0,426,62.6334109306,0.131250143051
Iteration,2,427,62.7563920021,0.131233930588
Iteration,1,427,62.7378978729,0.131233930588
Iteration,3,427,62.7378559113,0.131233930588
Iteration,0,427,62.7646448612,0.131233930588
Iteration,3,428,62.8693540096,0.131498098373
Iteration,2,428,62.8878898621,0.131497859955
Iteration,1,428,62.8693959713,0.131498098373
Iteration,0,428,62.8961429596,0.131498098373
Iteration,1,429,63.000702858,0.131306886673
Iteration,3,429,63.0006608963,0.131306886673
Iteration,2,429,63.0191979408,0.131308078766
Iteration,0,429,63.1357419491,0.239598989487
Iteration,2,430,63.2613060474,0.242108106613
Iteration,1,430,63.2428090572,0.242106199265
Iteration,3,430,63.2427680492,0.242107152939
Iteration,0,430,63.2695569992,0.133815050125
Iteration,3,431,63.3743040562,0.131536006927
Iteration,2,431,63.3928408623,0.131534814835
Iteration,1,431,63.3743460178,0.131536960602
Iteration,0,431,63.4010949135,0.131537914276
Iteration,1,432,63.5056910515,0.131345033646
Iteration,3,432,63.5056488514,0.131344795227
Iteration,2,432,63.5241849422,0.131344079971
Iteration,0,432,63.5324378014,0.131342887878
Iteration,2,433,63.6555039883,0.131319046021
Iteration,1,433,63.6370098591,0.131318807602
Iteration,3,433,63.6369678974,0.131319046021
Iteration,0,433,63.6637578011,0.131319999695
Iteration,3,434,63.7683069706,0.131339073181
Iteration,2,434,63.7868430614,0.131339073181
Iteration,1,434,63.7683489323,0.131339073181
Iteration,0,434,63.7950959206,0.131338119507
Iteration,1,435,63.8995049,0.131155967712
Iteration,3,435,63.8994629383,0.131155967712
Iteration,2,435,63.9179980755,0.131155014038
Iteration,0,435,63.9262518883,0.131155967712
Iteration,2,436,64.0492529869,0.131254911423
Iteration,1,436,64.0307588577,0.131253957748
Iteration,3,436,64.0307168961,0.131253957748
Iteration,0,436,64.057505846,0.131253957748
Iteration,3,437,64.1618719101,0.131155014038
Iteration,2,437,64.1804070473,0.131154060364
Iteration,1,437,64.1619138718,0.131155014038
Iteration,0,437,64.1886608601,0.131155014038
Iteration,1,438,64.293102026,0.131188154221
Iteration,3,438,64.2930598259,0.131187915802
Iteration,2,438,64.3115959167,0.131188869476
Iteration,0,438,64.3198487759,0.131187915802
Iteration,2,439,64.4428830147,0.131287097931
Iteration,1,439,64.4243888855,0.131286859512
Iteration,3,439,64.4243469238,0.131287097931
Iteration,0,439,64.5590679646,0.23921918869
Iteration,2,440,64.6886548996,0.245771884918
Iteration,0,440,64.6969058514,0.13783788681
Iteration,3,440,64.6701488495,0.245801925659
Iteration,1,440,64.6701910496,0.245802164078
Iteration,2,441,64.8209528923,0.132297992706
Iteration,0,441,64.8292059898,0.132300138474
Iteration,1,441,64.8024668694,0.132275819778
Iteration,3,441,64.8024249077,0.132276058197
Iteration,3,442,64.9336659908,0.131241083145
Iteration,2,442,64.9522020817,0.131249189377
Iteration,1,442,64.9337069988,0.131240129471
Iteration,0,442,64.9604549408,0.131248950958
Iteration,1,443,65.0649089813,0.131201982498
Iteration,3,443,65.0648670197,0.131201028824
Iteration,2,443,65.0834040642,0.131201982498
Iteration,0,443,65.0916569233,0.131201982498
Iteration,2,444,65.2146420479,0.131237983704
Iteration,1,444,65.1961479187,0.131238937378
Iteration,3,444,65.196105957,0.131238937378
Iteration,0,444,65.222894907,0.131237983704
